Date,Sensor,soil_moisture,temperature,rainfall,irrigation,precipitation,eto,soil_moisture_previous,soil_moisture_change,rainfall_previous,eto_previous,irrigation_target
2021-06-04,012384F3720B710DEE,,,0.0,0.0,14.0,5.15,,,,,0
2021-06-06,012384F3720B710DEE,,,0.0,0.0,0.0,2.67,,,14.0,5.15,0
2021-06-07,012384F3720B710DEE,,,0.0,0.0,0.0,2.74,,,0.0,2.67,0
2021-06-08,012384F3720B710DEE,,,0.0,0.0,0.0,1.98,,,0.0,2.74,0
2021-06-09,012384F3720B710DEE,,,0.0,0.0,0.0,3.79,,,0.0,1.98,0
2021-06-10,012384F3720B710DEE,,,0.0,0.0,0.0,3.48,,,0.0,3.79,0
2021-06-11,012384F3720B710DEE,,,0.0,0.0,0.0,4.8,,,0.0,3.48,0
2021-06-12,012384F3720B710DEE,,,0.0,0.0,0.0,4.59,,,0.0,4.8,0
2021-06-13,012384F3720B710DEE,,,0.0,0.0,0.0,4.31,,,0.0,4.59,0
2021-06-14,012384F3720B710DEE,,,0.0,0.0,0.0,4.54,,,0.0,4.31,0
2021-06-15,012384F3720B710DEE,,,0.0,0.0,0.0,4.83,,,0.0,4.54,0
2021-06-16,012384F3720B710DEE,,,0.0,0.0,0.0,4.88,,,0.0,4.83,0
2021-06-17,012384F3720B710DEE,,,0.0,0.0,7.2,6.03,,,0.0,4.88,0
2021-06-18,012384F3720B710DEE,,,0.0,0.0,10.8,5.79,,,7.2,6.03,0
2021-06-19,012384F3720B710DEE,,,0.0,0.0,2.4,2.64,,,10.8,5.79,0
2021-06-20,012384F3720B710DEE,,,0.0,0.0,6.4,4.23,,,2.4,2.64,0
2021-06-21,012384F3720B710DEE,,,0.0,0.0,14.8,3.16,,,6.4,4.23,0
2021-06-22,012384F3720B710DEE,,,0.0,0.0,5.4,5.08,,,14.8,3.16,0
2021-06-23,012384F3720B710DEE,,,0.0,0.0,0.2,5.55,,,5.4,5.08,0
2021-06-24,012384F3720B710DEE,0.18188959791666667,,0.0,0.0,0.0,3.11,,,0.2,5.55,0
2021-06-25,012384F3720B710DEE,0.18116911080555553,,0.0,0.0,6.4,2.19,0.18188959791666667,-0.0007204871111111399,0.0,3.11,0
2021-06-26,012384F3720B710DEE,0.18255070094444445,,0.0,0.0,3.0,3.6,0.18116911080555553,0.0013815901388889162,6.4,2.19,0
2021-06-27,012384F3720B710DEE,0.18034838863888888,,0.0,0.0,0.6,2.56,0.18255070094444445,-0.002202312305555565,3.0,3.6,0
2021-06-28,012384F3720B710DEE,0.1831909866111111,,0.0,0.0,0.2,4.59,0.18034838863888888,0.0028425979722222217,0.6,2.56,0
2021-06-29,012384F3720B710DEE,0.1784930961388889,,0.0,0.0,1.2,4.87,0.1831909866111111,-0.004697890472222216,0.2,4.59,0
2021-06-30,012384F3720B710DEE,0.19954588058333333,,0.0,0.0,12.0,1.4,0.1784930961388889,0.021052784444444445,1.2,4.87,0
2021-07-01,012384F3720B710DEE,0.19438751782051283,,0.0,0.0,0.8,3.31,0.19954588058333333,-0.005158362762820501,12.0,1.4,0
2021-07-02,012384F3720B710DEE,0.18187169919444446,,0.0,0.0,0.0,4.58,0.19438751782051283,-0.012515818626068376,0.8,3.31,0
2021-07-03,012384F3720B710DEE,0.17166707058333333,,0.0,0.0,0.6,3.78,0.18187169919444446,-0.010204628611111127,0.0,4.58,0
2021-07-04,012384F3720B710DEE,0.1784726105,,0.0,0.0,10.8,3.84,0.17166707058333333,0.006805539916666659,0.6,3.78,0
2021-07-05,012384F3720B710DEE,0.1867002479722222,,0.0,0.0,8.6,4.01,0.1784726105,0.008227637472222216,10.8,3.84,0
2021-07-06,012384F3720B710DEE,0.18191329030555556,,0.0,0.0,2.4,3.49,0.1867002479722222,-0.004786957666666647,8.6,4.01,0
2021-07-07,012384F3720B710DEE,0.1734219481111111,,0.0,0.0,0.0,2.99,0.18191329030555556,-0.008491342194444446,2.4,3.49,0
2021-07-08,012384F3720B710DEE,0.16457905055555555,,0.0,0.0,0.0,4.11,0.1734219481111111,-0.008842897555555562,0.0,2.99,0
2021-07-09,012384F3720B710DEE,0.1623114645,,0.0,0.0,0.0,3.73,0.16457905055555555,-0.0022675860555555483,0.0,4.11,0
2021-07-10,012384F3720B710DEE,0.1705749477777778,,0.0,0.0,5.2,4.11,0.1623114645,0.008263483277777789,0.0,3.73,0
2021-07-11,012384F3720B710DEE,0.1871952245,,0.0,0.0,0.2,4.6,0.1705749477777778,0.016620276722222216,5.2,4.11,0
2021-07-12,012384F3720B710DEE,0.1801101023611111,,0.0,0.0,0.0,4.3,0.1871952245,-0.0070851221388889,0.2,4.6,0
2021-07-13,012384F3720B710DEE,0.17566239366666667,,0.0,0.0,0.0,5.19,0.1801101023611111,-0.004447708694444441,0.0,4.3,0
2021-07-14,012384F3720B710DEE,0.17011028658333335,,0.0,0.0,0.0,4.43,0.17566239366666667,-0.005552107083333313,0.0,5.19,0
2021-07-15,012384F3720B710DEE,0.16620953144444445,,0.0,0.0,0.0,3.95,0.17011028658333335,-0.003900755138888906,0.0,4.43,0
2021-07-16,012384F3720B710DEE,0.1568736301111111,,0.0,0.0,0.2,4.73,0.16620953144444445,-0.00933590133333334,0.0,3.95,0
2021-07-17,012384F3720B710DEE,0.14325081356410257,,0.0,0.0,0.0,4.58,0.1568736301111111,-0.013622816547008532,0.2,4.73,0
2021-07-18,012384F3720B710DEE,0.13028894138888888,,0.0,0.0,0.0,5.13,0.14325081356410257,-0.01296187217521369,0.0,4.58,0
2021-07-19,012384F3720B710DEE,0.11965614725,,0.0,0.0,0.0,6.95,0.13028894138888888,-0.010632794138888887,0.0,5.13,0
2021-07-20,012384F3720B710DEE,0.11050922902777778,,0.0,0.0,0.0,2.7,0.11965614725,-0.009146918222222217,0.0,6.95,0
2021-07-21,012384F3720B710DEE,0.10080432191666666,,0.0,0.0,0.0,1.63,0.11050922902777778,-0.009704907111111119,0.0,2.7,0
2021-07-22,012384F3720B710DEE,0.09250844347222222,,0.0,20.0,0.0,2.55,0.10080432191666666,-0.008295878444444446,0.0,1.63,1
2021-07-23,012384F3720B710DEE,0.10578782313888889,,0.0,0.0,0.0,4.09,0.09250844347222222,0.013279379666666674,0.0,2.55,0
2021-07-24,012384F3720B710DEE,0.10396250925,,0.0,0.0,0.0,5.8,0.10578782313888889,-0.0018253138888888881,0.0,4.09,0
2021-07-25,012384F3720B710DEE,0.10307819333333333,,0.0,0.0,3.4,3.91,0.10396250925,-0.0008843159166666698,0.0,5.8,0
2021-07-26,012384F3720B710DEE,0.14453904933333334,,0.0,0.0,10.4,2.95,0.10307819333333333,0.041460856000000004,3.4,3.91,0
2021-07-27,012384F3720B710DEE,0.19027712430555555,,0.0,0.0,8.8,3.51,0.14453904933333334,0.04573807497222221,10.4,2.95,0
2021-07-28,012384F3720B710DEE,0.18583598180555558,,0.0,0.0,1.6,4.23,0.19027712430555555,-0.004441142499999967,8.8,3.51,0
2021-07-29,012384F3720B710DEE,0.17435506294444444,,0.0,0.0,0.0,4.11,0.18583598180555558,-0.011480918861111133,1.6,4.23,0
2021-07-30,012384F3720B710DEE,0.16062762502777778,,0.0,0.0,3.4,3.77,0.17435506294444444,-0.013727437916666668,0.0,4.11,0
2021-07-31,012384F3720B710DEE,0.15150566575,,0.0,0.0,0.2,3.41,0.16062762502777778,-0.009121959277777786,3.4,3.77,0
2021-08-01,012384F3720B710DEE,0.15115120461111112,,0.0,0.0,5.8,3.92,0.15150566575,-0.000354461138888873,0.2,3.41,0
2021-08-02,012384F3720B710DEE,0.177506835,,0.0,0.0,3.8,4.98,0.15115120461111112,0.026355630388888884,5.8,3.92,0
2021-08-03,012384F3720B710DEE,0.17187590486111112,,0.0,0.0,2.8,5.19,0.177506835,-0.005630930138888879,3.8,4.98,0
2021-08-04,012384F3720B710DEE,0.1605210417777778,,0.0,0.0,24.6,3.69,0.17187590486111112,-0.011354863083333333,2.8,5.19,0
2021-08-05,012384F3720B710DEE,0.16206113825,,0.0,0.0,0.6,4.11,0.1605210417777778,0.0015400964722221966,24.6,3.69,0
2021-08-06,012384F3720B710DEE,0.15910879094444444,,0.0,0.0,12.0,3.69,0.16206113825,-0.002952347305555547,0.6,4.11,0
2021-08-07,012384F3720B710DEE,0.15659670177777776,,0.0,0.0,6.6,4.25,0.15910879094444444,-0.0025120891666666756,12.0,3.69,0
2021-08-08,012384F3720B710DEE,0.16718709722222222,,0.0,0.0,2.0,4.07,0.15659670177777776,0.010590395444444456,6.6,4.25,0
2021-08-09,012384F3720B710DEE,0.17126216394444446,,0.0,0.0,1.8,4.8,0.16718709722222222,0.0040750667222222425,2.0,4.07,0
2021-08-10,012384F3720B710DEE,0.17772523447222222,,0.0,0.0,5.2,5.28,0.17126216394444446,0.006463070527777753,1.8,4.8,0
2021-08-11,012384F3720B710DEE,0.1797928092222222,,0.0,0.0,0.0,5.04,0.17772523447222222,0.0020675747499999952,5.2,5.28,0
2021-08-12,012384F3720B710DEE,0.16434272992307694,,0.0,0.0,0.0,5.31,0.1797928092222222,-0.01545007929914527,0.0,5.04,0
2021-08-13,012384F3720B710DEE,0.1502575287777778,,0.0,0.0,0.0,5.15,0.16434272992307694,-0.014085201145299153,0.0,5.31,0
2021-08-14,012384F3720B710DEE,0.13518228088888887,,0.0,0.0,0.0,4.35,0.1502575287777778,-0.01507524788888892,0.0,5.15,0
2021-08-15,012384F3720B710DEE,0.12176758780555556,,0.0,0.0,0.0,4.57,0.13518228088888887,-0.013414693083333304,0.0,4.35,0
2021-08-16,012384F3720B710DEE,0.11341752433333334,,0.0,0.0,3.6,3.51,0.12176758780555556,-0.008350063472222224,0.0,4.57,0
2021-08-17,012384F3720B710DEE,0.11525058811111111,,0.0,0.0,1.8,1.5,0.11341752433333334,0.0018330637777777686,3.6,3.51,0
2021-08-18,012384F3720B710DEE,0.11769363819444445,,0.0,0.0,0.4,2.56,0.11525058811111111,0.0024430500833333424,1.8,1.5,0
2021-08-19,012384F3720B710DEE,0.11577747944444444,,0.0,0.0,0.0,1.78,0.11769363819444445,-0.0019161587500000077,0.4,2.56,0
2021-08-20,012384F3720B710DEE,0.11157119541666667,,0.0,0.0,0.0,3.34,0.11577747944444444,-0.004206284027777771,0.0,1.78,0
2021-08-21,012384F3720B710DEE,0.10868668244444445,,0.0,0.0,15.2,2.85,0.11157119541666667,-0.002884512972222225,0.0,3.34,0
2021-08-22,012384F3720B710DEE,0.12925402333333333,,0.0,0.0,2.8,3.6,0.10868668244444445,0.020567340888888883,15.2,2.85,0
2021-08-23,012384F3720B710DEE,0.1436366785,,0.0,0.0,0.4,3.55,0.12925402333333333,0.014382655166666675,2.8,3.6,0
2021-08-24,012384F3720B710DEE,0.14197648933333332,,0.0,0.0,0.0,3.16,0.1436366785,-0.0016601891666666868,0.4,3.55,0
2021-08-25,012384F3720B710DEE,0.13200584113888889,,0.0,0.0,0.0,3.9,0.14197648933333332,-0.009970648194444431,0.0,3.16,0
2021-08-26,012384F3720B710DEE,0.12298078166666666,,0.0,0.0,0.6,3.08,0.13200584113888889,-0.009025059472222222,0.0,3.9,0
2021-08-27,012384F3720B710DEE,0.11790941847222221,,0.0,0.0,0.4,2.76,0.12298078166666666,-0.005071363194444456,0.6,3.08,0
2021-08-28,012384F3720B710DEE,0.11259496961111111,,0.0,0.0,1.4,4.26,0.11790941847222221,-0.0053144488611110985,0.4,2.76,0
2021-08-29,012384F3720B710DEE,0.11186834530555556,,0.0,0.0,0.2,3.75,0.11259496961111111,-0.0007266243055555482,1.4,4.26,0
2021-08-30,012384F3720B710DEE,0.11360970266666667,,0.0,15.0,0.6,3.62,0.11186834530555556,0.0017413573611111122,0.2,3.75,1
2021-08-31,012384F3720B710DEE,0.12488705358333334,,0.0,0.0,0.0,3.93,0.11360970266666667,0.011277350916666665,0.6,3.62,0
2021-09-01,012384F3720B710DEE,0.12370577019444445,,0.0,0.0,0.0,4.22,0.12488705358333334,-0.0011812833888888846,0.0,3.93,0
2021-09-02,012384F3720B710DEE,0.11752505069444445,,0.0,0.0,0.0,3.26,0.12370577019444445,-0.006180719500000001,0.0,4.22,0
2021-09-03,012384F3720B710DEE,0.13374505280555557,,0.0,0.0,0.0,2.28,0.11752505069444445,0.016220002111111118,0.0,3.26,0
2021-09-04,012384F3720B710DEE,0.13450780022222222,,0.0,0.0,0.0,3.22,0.13374505280555557,0.0007627474166666537,0.0,2.28,0
2021-09-05,012384F3720B710DEE,0.11974915158333334,,0.0,0.0,,3.32,0.13450780022222222,-0.014758648638888885,0.0,3.22,0
2021-09-06,012384F3720B710DEE,0.09795431536111111,,0.0,0.0,0.03,2.95,0.11974915158333334,-0.021794836222222225,,3.32,0
2021-09-07,012384F3720B710DEE,0.08236955180555555,,0.0,0.0,0.0,2.48,0.09795431536111111,-0.015584763555555561,0.03,2.95,0
2021-09-08,012384F3720B710DEE,0.07164320543333333,,0.0,0.0,0.0,2.04,0.08236955180555555,-0.010726346372222223,0.0,2.48,0
2021-09-09,012384F3720B710DEE,0.07623035186111111,,0.0,0.0,16.55,1.66,0.07164320543333333,0.004587146427777786,0.0,2.04,0
2021-09-10,012384F3720B710DEE,0.11303269433333334,,0.0,0.0,0.19,1.74,0.07623035186111111,0.03680234247222222,16.55,1.66,0
2021-09-11,012384F3720B710DEE,,,0.0,0.0,0.89,1.93,0.11303269433333334,,0.19,1.74,0
2021-09-12,012384F3720B710DEE,,,0.0,0.0,0.2,2.64,,,0.89,1.93,0
2021-09-13,012384F3720B710DEE,,,0.0,0.0,0.03,1.41,,,0.2,2.64,0
2021-09-14,012384F3720B710DEE,,,0.0,0.0,0.05,0.65,,,0.03,1.41,0
2021-09-15,012384F3720B710DEE,,,0.0,0.0,0.09,1.6,,,0.05,0.65,0
2021-09-16,012384F3720B710DEE,,,0.0,0.0,0.17,1.81,,,0.09,1.6,0
2021-09-18,012384F3720B710DEE,,,0.0,0.0,0.05,1.66,,,0.17,1.81,0
2021-09-19,012384F3720B710DEE,,,0.0,0.0,0.0,1.7,,,0.05,1.66,0
2021-09-20,012384F3720B710DEE,,,0.0,0.0,0.69,1.19,,,0.0,1.7,0
2021-09-21,012384F3720B710DEE,,,0.0,0.0,0.0,1.56,,,0.69,1.19,0
2021-09-22,012384F3720B710DEE,,,0.0,0.0,0.0,1.73,,,0.0,1.56,0
2021-09-23,012384F3720B710DEE,,,0.0,0.0,0.0,1.12,,,0.0,1.73,0
2021-09-24,012384F3720B710DEE,,,0.0,0.0,0.0,0.93,,,0.0,1.12,0
2021-04-06,2F71D1,,20.6,0.0,,7.33,1.32,,,,,0
2021-04-07,2F71D1,,18.166666666666668,0.0,,1.3,2.55,,,7.33,1.32,0
2021-04-08,2F71D1,,17.90909090909091,0.0,,0.0,1.32,,,1.3,2.55,0
2021-04-09,2F71D1,,18.333333333333332,0.0,,0.03,2.14,,,0.0,1.32,0
2021-04-10,2F71D1,,19.416666666666668,0.0,,10.49,2.09,,,0.03,2.14,0
2021-04-11,2F71D1,,18.916666666666668,0.0,0.0,0.88,3.03,,,10.49,2.09,0
2021-04-12,2F71D1,,18.083333333333332,0.0,0.0,1.43,3.31,,,0.88,3.03,0
2021-04-13,2F71D1,,21.083333333333332,0.0,0.0,0.0,1.17,,,1.43,3.31,0
2021-04-14,2F71D1,,25.666666666666668,0.0,0.0,0.0,2.2,,,0.0,1.17,0
2021-04-15,2F71D1,,25.25,0.0,0.0,0.0,2.46,,,0.0,2.2,0
2021-04-16,2F71D1,,25.818181818181817,0.0,0.0,0.0,3.09,,,0.0,2.46,0
2021-04-17,2F71D1,,15.4,0.0,0.0,0.0,3.52,,,0.0,3.09,0
2021-04-18,2F71D1,,21.0,0.0,0.0,0.0,3.13,,,0.0,3.52,0
2021-04-19,2F71D1,0.19121563266666666,22.857142857142858,0.0,0.0,0.35,3.18,,,0.0,3.13,0
2021-04-20,2F71D1,0.1900650413333333,31.5,0.0,0.0,0.0,3.63,0.19121563266666666,-0.0011505913333333673,0.35,3.18,0
2021-04-21,2F71D1,0.18928805208333335,19.25,0.0,0.0,0.0,3.82,0.1900650413333333,-0.0007769892499999431,0.0,3.63,0
2021-04-22,2F71D1,0.18796981391666667,15.5,0.0,0.0,0.0,2.71,0.18928805208333335,-0.0013182381666666798,0.0,3.82,0
2021-04-23,2F71D1,0.18696431255555557,8.333333333333334,0.0,1.0,0.0,3.8,0.18796981391666667,-0.0010055013611111052,0.0,2.71,1
2021-04-24,2F71D1,0.18698076658333332,12.5,0.0,0.0,0.0,4.2,0.18696431255555557,1.64540277777514e-05,0.0,3.8,0
2021-04-26,2F71D1,0.18493315893333334,18.8,0.0,0.0,0.0,2.59,0.18698076658333332,-0.0020476076499999774,0.0,4.2,0
2021-04-27,2F71D1,0.1847033886666667,25.5,0.0,0.0,0.0,3.16,0.18493315893333334,-0.00022977026666665123,0.0,2.59,0
2021-04-28,2F71D1,0.1842489211111111,20.0,0.0,0.0,0.0,3.36,0.1847033886666667,-0.0004544675555555877,0.0,3.16,0
2021-04-29,2F71D1,0.1830082255,14.5,0.0,0.0,1.04,2.19,0.1842489211111111,-0.0012406956111110923,0.0,3.36,0
2021-04-30,2F71D1,0.18245448333333333,9.0,0.0,0.0,0.23,1.78,0.1830082255,-0.0005537421666666764,1.04,2.19,0
2021-05-01,2F71D1,0.18032651316666667,14.0,0.0,0.0,0.0,2.59,0.18245448333333333,-0.0021279701666666595,0.23,1.78,0
2021-05-02,2F71D1,0.17934968366666665,14.2,0.0,0.0,0.0,3.48,0.18032651316666667,-0.000976829500000026,0.0,2.59,0
2021-05-03,2F71D1,0.18009625566666665,5.0,0.0,0.0,0.0,2.84,0.17934968366666665,0.0007465720000000009,0.0,3.48,0
2021-05-04,2F71D1,0.17861705800000002,12.0,0.0,0.0,13.81,3.17,0.18009625566666665,-0.0014791976666666262,0.0,2.84,0
2021-05-05,2F71D1,0.18847969083333332,10.5,0.0,0.0,3.59,2.17,0.17861705800000002,0.009862632833333301,13.81,3.17,0
2021-05-06,2F71D1,0.19339551533333332,13.0,0.0,0.0,2.24,3.13,0.18847969083333332,0.004915824499999999,3.59,2.17,0
2021-05-07,2F71D1,0.1943823278888889,14.333333333333334,0.0,0.0,0.37,3.48,0.19339551533333332,0.0009868125555555773,2.24,3.13,0
2021-05-08,2F71D1,0.19224192333333334,16.0,0.0,0.0,0.72,3.97,0.1943823278888889,-0.0021404045555555584,0.37,3.48,0
2021-05-09,2F71D1,0.19153097616666667,25.0,0.0,0.0,1.19,4.13,0.19224192333333334,-0.00071094716666667,0.72,3.97,0
2021-05-10,2F71D1,0.18998524466666666,20.0,0.0,0.0,0.22,3.53,0.19153097616666667,-0.0015457315000000083,1.19,4.13,0
2021-05-11,2F71D1,0.18752353766666666,21.0,0.0,0.0,2.99,5.02,0.18998524466666666,-0.0024617070000000074,0.22,3.53,0
2021-05-12,2F71D1,0.187637004,14.5,0.0,0.0,3.67,3.58,0.18752353766666666,0.00011346633333333966,2.99,5.02,0
2021-05-13,2F71D1,0.1881712,18.0,0.0,0.0,0.0,3.72,0.187637004,0.0005341960000000145,3.67,3.58,0
2021-05-14,2F71D1,0.18709885433333331,16.0,0.0,0.0,2.62,4.33,0.1881712,-0.0010723456666666964,0.0,3.72,0
2021-05-15,2F71D1,0.18754708433333334,15.0,0.0,0.0,4.36,5.05,0.18709885433333331,0.00044823000000002167,2.62,4.33,0
2021-05-16,2F71D1,0.18942869666666665,18.0,0.0,0.0,6.37,4.03,0.18754708433333334,0.0018816123333333101,4.36,5.05,0
2021-05-20,2F71D1,0.20273124123809524,21.857142857142858,0.0,0.0,0.03,1.89,0.18942869666666665,0.013302544571428598,6.37,4.03,0
2021-05-21,2F71D1,0.20058006461904762,18.285714285714285,0.0,0.0,2.51,3.43,0.20273124123809524,-0.0021511766190476234,0.03,1.89,0
2021-05-22,2F71D1,0.198102038,13.0,0.0,0.0,11.2,4.23,0.20058006461904762,-0.002478026619047613,2.51,3.43,0
2021-05-27,2F71D1,0.2236569691666667,14.0,0.0,0.0,0.0,4.01,0.198102038,0.025554931166666683,11.2,4.23,0
2021-05-28,2F71D1,0.22030520294444444,18.416666666666668,0.0,0.0,0.0,3.67,0.2236569691666667,-0.0033517662222222466,0.0,4.01,0
2021-05-29,2F71D1,0.21445906869444445,23.166666666666668,0.0,0.0,0.0,2.22,0.22030520294444444,-0.005846134249999996,0.0,3.67,0
2021-05-30,2F71D1,0.20914343036363636,23.454545454545453,0.0,0.0,0.0,2.55,0.21445906869444445,-0.005315638330808087,0.0,2.22,0
2021-05-31,2F71D1,0.20293147407407408,29.555555555555557,0.0,0.0,0.0,3.16,0.20914343036363636,-0.0062119562895622815,0.0,2.55,0
2021-06-01,2F71D1,0.19628657987878786,26.818181818181817,0.0,0.0,0.0,3.24,0.20293147407407408,-0.006644894195286216,0.0,3.16,0
2021-06-02,2F71D1,0.19154368970833335,18.416666666666668,0.0,0.0,5.09,4.13,0.19628657987878786,-0.004742890170454511,0.0,3.24,0
2021-06-03,2F71D1,,0.0,0.0,0.0,0.0,4.7,0.19154368970833335,,5.09,4.13,0
2021-06-04,2F71D1,,0.0,0.0,0.0,20.2,5.03,,,0.0,4.7,0
2021-06-05,2F71D1,,0.0,0.0,0.0,0.0,1.82,,,20.2,5.03,0
2021-06-06,2F71D1,,0.0,0.0,0.0,0.0,2.96,,,0.0,1.82,0
2021-06-07,2F71D1,0.1983312227,14.636363636363637,0.0,0.0,0.0,2.6,,,0.0,2.96,0
2021-06-08,2F71D1,0.1935618378939394,27.227272727272727,0.0,0.0,0.0,1.63,0.1983312227,-0.004769384806060595,0.0,2.6,0
2021-06-09,2F71D1,0.18632489995238094,23.043478260869566,0.0,0.0,0.0,3.58,0.1935618378939394,-0.007236937941558469,0.0,1.63,0
2021-06-10,2F71D1,0.17881609448333333,24.571428571428573,0.0,0.0,0.39,3.47,0.18632489995238094,-0.007508805469047614,0.0,3.58,0
2021-06-11,2F71D1,0.17145966409090907,26.954545454545453,0.0,0.0,0.4,4.53,0.17881609448333333,-0.007356430392424257,0.39,3.47,0
2021-06-12,2F71D1,0.1664457441969697,23.363636363636363,0.0,0.0,0.86,4.59,0.17145966409090907,-0.0050139198939393725,0.4,4.53,0
2021-06-13,2F71D1,0.16203142131818182,25.0,0.0,0.0,0.37,4.11,0.1664457441969697,-0.004414322878787874,0.86,4.59,0
2021-06-14,2F71D1,0.16614305346666666,26.1,0.0,12.0,0.0,4.73,0.16203142131818182,0.0041116321484848395,0.37,4.11,1
2021-06-15,2F71D1,0.1862537113787879,28.59090909090909,0.0,8.0,0.0,5.25,0.16614305346666666,0.020110657912121244,0.0,4.73,1
2021-06-16,2F71D1,0.1880883466,30.85,0.0,0.0,0.0,5.28,0.1862537113787879,0.0018346352212121053,0.0,5.25,0
2021-06-17,2F71D1,0.17088702720833332,34.125,0.0,0.0,0.03,5.63,0.1880883466,-0.017201319391666692,0.0,5.28,0
2021-06-18,2F71D1,0.1705126478,31.55,0.0,0.0,16.49,5.8,0.17088702720833332,-0.0003743794083333196,0.03,5.63,0
2021-06-19,2F71D1,0.17059258728070176,25.31578947368421,0.0,0.0,3.5,2.9,0.1705126478,7.993948070175727e-05,16.49,5.8,0
2021-06-20,2F71D1,0.1688521268095238,27.19047619047619,0.0,0.0,0.46,4.34,0.17059258728070176,-0.001740460471177957,3.5,2.9,0
2021-06-21,2F71D1,0.20009668883333337,21.75,0.0,0.0,21.73,2.85,0.1688521268095238,0.03124456202380957,0.46,4.34,0
2021-06-22,2F71D1,0.21192252024561403,18.57894736842105,0.0,0.0,5.7,5.33,0.20009668883333337,0.011825831412280663,21.73,2.85,0
2021-06-23,2F71D1,0.21706126808333334,21.1,0.0,0.0,0.03,5.67,0.21192252024561403,0.00513874783771931,5.7,5.33,0
2021-06-24,2F71D1,0.21167803305263158,22.263157894736842,0.0,0.0,0.0,2.86,0.21706126808333334,-0.005383235030701761,0.03,5.67,0
2021-06-25,2F71D1,0.20500580405882354,18.823529411764707,0.0,0.0,1.28,2.45,0.21167803305263158,-0.006672228993808038,0.0,2.86,0
2021-06-26,2F71D1,0.19940514574603174,26.428571428571427,0.0,0.0,0.0,2.98,0.20500580405882354,-0.005600658312791801,1.28,2.45,0
2021-06-27,2F71D1,0.20392816996969695,24.363636363636363,0.0,0.0,25.4,2.0,0.19940514574603174,0.004523024223665212,0.0,2.98,0
2021-06-28,2F71D1,0.22478706407407406,24.88888888888889,0.0,0.0,0.0,4.65,0.20392816996969695,0.020858894104377107,25.4,2.0,0
2021-06-29,2F71D1,0.21649704888888888,25.066666666666666,0.0,0.0,5.9,4.88,0.22478706407407406,-0.008290015185185184,0.0,4.65,0
2021-06-30,2F71D1,0.23794989141666667,18.625,0.0,0.0,20.47,2.22,0.21649704888888888,0.021452842527777793,5.9,4.88,0
2021-07-01,2F71D1,0.23467005220833334,19.5625,0.0,0.0,0.0,3.71,0.23794989141666667,-0.0032798392083333294,20.47,2.22,0
2021-07-02,2F71D1,0.22800737540476193,20.571428571428573,0.0,0.0,0.0,4.15,0.23467005220833334,-0.00666267680357141,0.0,3.71,0
2021-07-03,2F71D1,0.22015585852631578,23.05263157894737,0.0,0.0,2.46,4.24,0.22800737540476193,-0.007851516878446152,0.0,4.15,0
2021-07-04,2F71D1,0.22200944612962964,22.77777777777778,0.0,0.0,6.93,4.27,0.22015585852631578,0.001853587603313861,2.46,4.24,0
2021-07-05,2F71D1,0.2295093056875,21.8125,0.0,0.0,5.21,4.04,0.22200944612962964,0.007499859557870359,6.93,4.27,0
2021-07-06,2F71D1,0.2293497072777778,21.666666666666668,0.0,0.0,2.02,3.71,0.2295093056875,-0.0001595984097222114,5.21,4.04,0
2021-07-07,2F71D1,0.22499958766666664,24.0,0.0,0.0,0.1,2.83,0.2293497072777778,-0.004350119611111147,2.02,3.71,0
2021-07-08,2F71D1,0.22015409913636363,25.09090909090909,0.0,0.0,0.0,4.6,0.22499958766666664,-0.004845488530303005,0.1,2.83,0
2021-07-09,2F71D1,0.21580054891228068,24.31578947368421,0.0,0.0,0.0,3.92,0.22015409913636363,-0.004353550224082958,0.0,4.6,0
2021-07-10,2F71D1,0.21680703301960785,23.41176470588235,0.0,0.0,14.96,3.67,0.21580054891228068,0.0010064841073271769,0.0,3.92,0
2021-07-11,2F71D1,0.23451236179487178,21.384615384615383,0.0,0.0,0.06,4.17,0.21680703301960785,0.01770532877526393,14.96,3.67,0
2021-07-12,2F71D1,0.22904572648484847,21.272727272727273,0.0,0.0,2.7,4.68,0.23451236179487178,-0.00546663531002331,0.06,4.17,0
2021-07-13,2F71D1,0.22773780628571427,18.857142857142858,0.0,0.0,2.15,4.55,0.22904572648484847,-0.0013079201991341993,2.7,4.68,0
2021-07-16,2F71D1,0.2617906668,21.8,0.0,0.0,0.1,4.68,0.22773780628571427,0.03405286051428574,2.15,4.55,0
2021-07-17,2F71D1,0.2511024316060606,27.727272727272727,0.0,0.0,0.0,4.79,0.2617906668,-0.01068823519393941,0.1,4.68,0
2021-07-18,2F71D1,0.24301123833333335,26.666666666666668,0.0,0.0,0.0,5.46,0.2511024316060606,-0.008091193272727254,0.0,4.79,0
2021-07-19,2F71D1,0.23638054698039213,23.705882352941178,0.0,0.0,0.0,6.42,0.24301123833333335,-0.006630691352941226,0.0,5.46,0
2021-07-20,2F71D1,0.2310519495964912,25.157894736842106,0.0,0.0,0.0,3.41,0.23638054698039213,-0.005328597383900929,0.0,6.42,0
2021-07-21,2F71D1,0.22626842631746033,25.285714285714285,0.0,0.0,0.0,1.26,0.2310519495964912,-0.004783523279030866,0.0,3.41,0
2021-07-22,2F71D1,0.22097888473015873,26.047619047619047,0.0,0.0,0.0,3.05,0.22626842631746033,-0.005289541587301605,0.0,1.26,0
2021-07-23,2F71D1,0.21685682801388892,25.541666666666668,0.0,0.0,0.0,4.55,0.22097888473015873,-0.004122056716269806,0.0,3.05,0
2021-07-24,2F71D1,0.21442194990196078,22.176470588235293,0.0,0.0,5.1,5.41,0.21685682801388892,-0.002434878111928135,0.0,4.55,0
2021-07-25,2F71D1,0.21314169384848486,21.454545454545453,0.0,0.0,0.4,4.01,0.21442194990196078,-0.0012802560534759255,5.1,5.41,0
2021-07-26,2F71D1,0.21321821957575757,22.0,0.0,0.0,10.99,2.55,0.21314169384848486,7.652572727270823e-05,0.4,4.01,0
2021-07-27,2F71D1,0.21942388366666665,20.0,0.0,0.0,10.95,3.72,0.21321821957575757,0.0062056640909090854,10.99,2.55,0
2021-07-28,2F71D1,0.2144794334666667,20.166666666666668,0.0,0.0,0.47,4.33,0.21942388366666665,-0.00494445019999995,10.95,3.72,0
2021-07-29,2F71D1,0.1872983823111111,20.933333333333334,0.0,0.0,0.0,4.78,0.2144794334666667,-0.027181051155555608,0.47,4.33,0
2021-07-30,2F71D1,0.17923328545833334,19.9375,0.0,0.0,1.85,3.74,0.1872983823111111,-0.008065096852777759,0.0,4.78,0
2021-07-31,2F71D1,0.1741695706,19.4,0.0,0.0,5.61,3.38,0.17923328545833334,-0.005063714858333346,1.85,3.74,0
2021-08-01,2F71D1,0.17651976677777778,18.166666666666668,0.0,0.0,8.67,4.0,0.1741695706,0.0023501961777777913,5.61,3.38,0
2021-08-02,2F71D1,0.18479907140000001,17.7,0.0,0.0,0.49,4.72,0.17651976677777778,0.008279304622222233,8.67,4.0,0
2021-08-03,2F71D1,0.18571569597619048,19.571428571428573,0.0,0.0,2.62,5.07,0.18479907140000001,0.0009166245761904612,0.49,4.72,0
2021-08-04,2F71D1,0.18479594719444445,17.0,0.0,0.0,1.88,3.46,0.18571569597619048,-0.000919748781746027,2.62,5.07,0
2021-08-05,2F71D1,0.18198025645614035,24.473684210526315,0.0,0.0,0.0,3.9,0.18479594719444445,-0.002815690738304094,1.88,3.46,0
2021-08-06,2F71D1,0.17874180029411763,24.529411764705884,0.0,0.0,5.91,3.65,0.18198025645614035,-0.0032384561620227292,0.0,3.9,0
2021-08-07,2F71D1,0.17749541275362318,22.695652173913043,0.0,0.0,3.72,4.38,0.17874180029411763,-0.0012463875404944424,5.91,3.65,0
2021-08-08,2F71D1,0.17527553233333334,21.08695652173913,0.0,0.0,1.31,4.12,0.17749541275362318,-0.002219880420289838,3.72,4.38,0
2021-08-09,2F71D1,0.1744318215942029,21.434782608695652,0.0,0.0,7.68,4.93,0.17527553233333334,-0.0008437107391304488,1.31,4.12,0
2021-08-10,2F71D1,0.1765201577536232,21.391304347826086,0.0,0.0,1.01,5.26,0.1744318215942029,0.0020883361594203065,7.68,4.93,0
2021-08-11,2F71D1,0.17543995042028984,23.26086956521739,0.0,0.0,0.03,5.44,0.1765201577536232,-0.0010802073333333606,1.01,5.26,0
2021-08-12,2F71D1,0.17248712603508773,21.263157894736842,0.0,0.0,0.0,5.64,0.17543995042028984,-0.002952824385202113,0.03,5.44,0
2021-08-13,2F71D1,0.16856376997619046,19.857142857142858,0.0,0.0,0.0,4.98,0.17248712603508773,-0.003923356058897265,0.0,5.64,0
2021-08-14,2F71D1,0.1627920851969697,22.90909090909091,0.0,0.0,0.0,4.47,0.16856376997619046,-0.00577168477922077,0.0,4.98,0
2021-08-15,2F71D1,0.15636002310526315,21.42105263157895,0.0,0.0,0.03,3.43,0.1627920851969697,-0.006432062091706547,0.0,4.47,0
2021-08-16,2F71D1,0.15083008901587303,19.523809523809526,0.0,0.0,3.84,3.62,0.15636002310526315,-0.0055299340893901205,0.03,3.43,0
2021-08-17,2F71D1,0.15060177371666666,18.2,0.0,0.0,4.34,1.74,0.15083008901587303,-0.00022831529920636084,3.84,3.62,0
2021-08-18,2F71D1,0.15115841207017544,21.842105263157894,0.0,0.0,0.48,3.04,0.15060177371666666,0.000556638353508776,4.34,1.74,0
2021-08-19,2F71D1,0.1505631006111111,20.333333333333332,0.0,0.0,0.0,2.1,0.15115841207017544,-0.0005953114590643294,0.48,3.04,0
2021-08-20,2F71D1,0.1503472565925926,23.055555555555557,0.0,0.0,0.63,3.34,0.1505631006111111,-0.00021584401851851287,0.0,2.1,0
2021-08-21,2F71D1,0.15114181528205128,19.615384615384617,0.0,0.0,24.71,3.0,0.1503472565925926,0.0007945586894586854,0.63,3.34,0
2021-08-22,2F71D1,0.1836127680138889,22.0,0.0,0.0,6.67,3.29,0.15114181528205128,0.032470952731837616,24.71,3.0,0
2021-08-23,2F71D1,0.1901599931388889,22.416666666666668,0.0,0.0,0.75,3.67,0.1836127680138889,0.006547225125,6.67,3.29,0
2021-08-24,2F71D1,0.18736938648611112,20.958333333333332,0.0,0.0,0.0,3.57,0.1901599931388889,-0.0027906066527777773,0.75,3.67,0
2021-08-25,2F71D1,0.18024436930434784,21.26086956521739,0.0,0.0,0.03,4.05,0.18736938648611112,-0.007125017181763282,0.0,3.57,0
2021-08-26,2F71D1,0.17341547122727274,21.363636363636363,0.0,0.0,0.4,2.36,0.18024436930434784,-0.006828898077075096,0.03,4.05,0
2021-08-27,2F71D1,0.16866672245833333,19.458333333333332,0.0,0.0,0.0,2.42,0.17341547122727274,-0.004748748768939409,0.4,2.36,0
2021-08-28,2F71D1,0.16404545880000002,19.55,0.0,0.0,0.92,4.11,0.16866672245833333,-0.004621263658333319,0.0,2.42,0
2021-08-29,2F71D1,0.15994190745833334,19.5,0.0,0.0,0.17,3.32,0.16404545880000002,-0.004103551341666678,0.92,4.11,0
2021-08-30,2F71D1,0.15751325630434782,22.347826086956523,0.0,0.0,0.0,3.61,0.15994190745833334,-0.0024286511539855227,0.17,3.32,0
2021-08-31,2F71D1,0.15392566934920635,20.714285714285715,0.0,0.0,0.0,3.73,0.15751325630434782,-0.0035875869551414696,0.0,3.61,0
2021-09-01,2F71D1,0.1497786073015873,20.857142857142858,0.0,0.0,0.0,4.05,0.15392566934920635,-0.0041470620476190545,0.0,3.73,0
2021-09-02,2F71D1,0.14625092553030303,22.40909090909091,0.0,0.0,0.0,3.87,0.1497786073015873,-0.0035276817712842634,0.0,4.05,0
2021-09-03,2F71D1,0.16745188923333332,21.35,0.0,14.0,0.0,3.05,0.14625092553030303,0.02120096370303029,0.0,3.87,1
2021-09-04,2F71D1,0.19851685807017544,20.05263157894737,0.0,0.0,0.0,3.36,0.16745188923333332,0.031064968836842122,0.0,3.05,0
2021-09-05,2F71D1,0.19434288101449276,21.17391304347826,0.0,0.0,0.0,3.43,0.19851685807017544,-0.004173977055682676,0.0,3.36,0
2021-09-06,2F71D1,0.18722174068518518,21.5,0.0,0.0,0.0,3.02,0.19434288101449276,-0.007121140329307579,0.0,3.43,0
2021-09-07,2F71D1,0.2056052044074074,21.88888888888889,0.0,15.0,0.0,2.82,0.18722174068518518,0.018383463722222215,0.0,3.02,1
2021-09-08,2F71D1,0.21293979476470587,22.0,0.0,0.0,0.0,2.07,0.2056052044074074,0.0073345903572984705,0.0,2.82,0
2021-09-09,2F71D1,0.20293815661904763,23.761904761904763,0.0,0.0,0.61,1.4,0.21293979476470587,-0.010001638145658243,0.0,2.07,0
2021-09-10,2F71D1,0.19526462293055555,23.875,0.0,0.0,1.73,1.02,0.20293815661904763,-0.007673533688492079,0.61,1.4,0
2021-09-11,2F71D1,0.1913646893787879,22.0,0.0,0.0,0.33,2.14,0.19526462293055555,-0.0038999335517676537,1.73,1.02,0
2021-09-12,2F71D1,0.1874809408888889,19.055555555555557,0.0,0.0,0.0,2.56,0.1913646893787879,-0.0038837484898990027,0.33,2.14,0
2021-09-13,2F71D1,0.19990811229629632,20.27777777777778,0.0,15.0,1.7,1.78,0.1874809408888889,0.012427171407407428,0.0,2.56,1
2021-09-14,2F71D1,0.2257332416666667,20.61111111111111,0.0,0.0,0.0,0.68,0.19990811229629632,0.025825129370370375,1.7,1.78,0
2021-09-15,2F71D1,0.22019638704999997,22.8,0.0,0.0,0.56,1.35,0.2257332416666667,-0.005536854616666725,0.0,0.68,0
2021-09-16,2F71D1,0.21563048382352942,19.176470588235293,0.0,0.0,0.0,1.36,0.22019638704999997,-0.004565903226470547,0.56,1.35,0
2021-09-17,2F71D1,0.20701749625396823,19.857142857142858,0.0,0.0,0.0,1.16,0.21563048382352942,-0.008612987569561192,0.0,1.36,0
2021-09-18,2F71D1,0.19932067241666668,18.8,0.0,0.0,0.0,1.16,0.20701749625396823,-0.007696823837301553,0.0,1.16,0
2021-09-19,2F71D1,0.19197801679166665,19.3125,0.0,0.0,0.03,1.49,0.19932067241666668,-0.0073426556250000274,0.0,1.16,0
2021-09-20,2F71D1,0.2006479183137255,17.352941176470587,0.0,15.0,0.0,1.18,0.19197801679166665,0.008669901522058848,0.03,1.49,1
2021-09-21,2F71D1,0.22096928528888887,14.2,0.0,0.0,0.0,1.51,0.2006479183137255,0.020321366975163374,0.0,1.18,0
2021-09-22,2F71D1,0.21523145975,14.5625,0.0,0.0,1.08,1.73,0.22096928528888887,-0.00573782553888888,0.0,1.51,0
2021-09-23,2F71D1,0.20889192339215684,17.352941176470587,0.0,0.0,2.35,1.2,0.21523145975,-0.006339536357843151,1.08,1.73,0
2021-09-24,2F71D1,0.2013311855,22.214285714285715,0.0,0.0,2.08,0.59,0.20889192339215684,-0.0075607378921568325,2.35,1.2,0
2021-09-25,2F71D1,0.19291782751515152,19.272727272727273,0.0,0.0,0.0,1.56,0.2013311855,-0.00841335798484849,2.08,0.59,0
2021-09-26,2F71D1,0.18695448176923077,22.0,0.0,0.0,0.25,0.85,0.19291782751515152,-0.005963345745920751,0.0,1.56,0
2021-09-27,2F71D1,0.1810976801904762,19.357142857142858,0.0,0.0,2.1,0.98,0.18695448176923077,-0.005856801578754567,0.25,0.85,0
2021-09-28,2F71D1,0.17798702346666667,17.133333333333333,0.0,0.0,0.0,1.11,0.1810976801904762,-0.0031106567238095295,2.1,0.98,0
2021-09-29,2F71D1,0.17347185833333334,16.6,0.0,0.0,7.7,1.13,0.17798702346666667,-0.004515165133333332,0.0,1.11,0
2021-09-30,2F71D1,0.17275316857142858,14.3,0.0,0.0,0.0,1.42,0.17347185833333334,-0.0007186897619047561,7.7,1.13,0
2021-10-01,2F71D1,,23.0,0.0,,4.67,1.63,0.17275316857142858,,0.0,1.42,0
2021-10-02,2F71D1,,23.75,0.0,,4.24,0.99,,,4.67,1.63,0
2021-10-03,2F71D1,,23.5,0.0,,26.6,1.08,,,4.24,0.99,0
2022-01-28,2F71D1,,22.5,0.0,,,0.16,,,26.6,1.08,0
2022-01-29,2F71D1,,21.705882352941178,0.0,,,0.45,,,,0.16,0
2022-01-30,2F71D1,,21.958333333333332,0.0,,,0.31,,,,0.45,0
2022-01-31,2F71D1,,21.6,0.0,,,1.22,,,,0.31,0
2022-02-01,2F71D1,,21.40909090909091,0.0,,,0.56,,,,1.22,0
2022-02-02,2F71D1,,21.5,0.0,,,0.49,,,,0.56,0
2022-02-03,2F71D1,,22.2,0.0,,,0.5,,,,0.49,0
2022-02-04,2F71D1,,21.11111111111111,0.0,,,0.58,,,,0.5,0
2022-02-05,2F71D1,,17.642857142857142,0.0,,,0.64,,,,0.58,0
2022-02-06,2F71D1,,17.58823529411765,0.0,,,0.95,,,,0.64,0
2022-02-07,2F71D1,,17.952380952380953,0.0,,,0.83,,,,0.95,0
2022-02-08,2F71D1,,18.333333333333332,0.0,,,0.62,,,,0.83,0
2022-02-09,2F71D1,,18.791666666666668,0.0,,,0.49,,,,0.62,0
2022-02-10,2F71D1,,18.625,0.0,,,0.47,,,,0.49,0
2022-02-11,2F71D1,,18.0,0.0,,,0.54,,,,0.47,0
2022-02-12,2F71D1,,17.416666666666668,0.0,,,0.65,,,,0.54,0
2022-02-13,2F71D1,,17.708333333333332,0.0,,,1.13,,,,0.65,0
2022-02-14,2F71D1,,18.416666666666668,0.0,,,0.95,,,,1.13,0
2022-02-15,2F71D1,,17.708333333333332,0.0,,,0.62,,,,0.95,0
2022-02-16,2F71D1,,18.583333333333332,0.0,,,0.62,,,,0.62,0
2022-02-17,2F71D1,,19.04,0.0,,,1.58,,,,0.62,0
2022-02-18,2F71D1,,18.541666666666668,0.0,,,1.43,,,,1.58,0
2022-02-19,2F71D1,,18.125,0.0,,,1.19,,,,1.43,0
2022-02-20,2F71D1,,18.291666666666668,0.0,,,0.83,,,,1.19,0
2022-02-21,2F71D1,,18.25,0.0,,,1.53,,,,0.83,0
2022-02-22,2F71D1,,17.791666666666668,0.0,,,0.68,,,,1.53,0
2022-02-23,2F71D1,,15.653846153846153,0.0,,,0.94,,,,0.68,0
2022-02-24,2F71D1,,19.4,0.0,,,1.04,,,,0.94,0
2022-02-25,2F71D1,,24.083333333333332,0.0,,,0.82,,,,1.04,0
2022-02-26,2F71D1,,22.875,0.0,,,0.77,,,,0.82,0
2022-02-27,2F71D1,,21.875,0.0,,,1.22,,,,0.77,0
2022-02-28,2F71D1,,23.375,0.0,,,1.36,,,,1.22,0
2022-03-01,2F71D1,,23.82608695652174,0.0,,,0.8,,,,1.36,0
2022-03-02,2F71D1,,17.6,0.0,,,0.92,,,,0.8,0
2022-03-03,2F71D1,,28.666666666666668,0.0,,,1.08,,,,0.92,0
2022-03-07,2F71D1,,27.0,0.0,,,1.28,,,,1.08,0
2022-03-09,2F71D1,,27.0,0.0,,,1.8,,,,1.28,0
2022-03-10,2F71D1,,27.0,0.0,,,1.75,,,,1.8,0
2022-03-15,2F71D1,,28.0,0.0,,,0.91,,,,1.75,0
2022-03-17,2F71D1,,28.0,0.0,,,1.56,,,,0.91,0
2022-03-19,2F71D1,,28.0,0.0,,,3.06,,,,1.56,0
2022-03-21,2F71D1,,28.0,0.0,,,1.62,,,,3.06,0
2022-03-22,2F71D1,,30.0,0.0,,,2.01,,,,1.62,0
2022-03-23,2F71D1,,27.545454545454547,0.0,,,2.16,,,,2.01,0
2022-03-24,2F71D1,,27.77777777777778,0.0,,,2.07,,,,2.16,0
2022-03-25,2F71D1,,27.5,0.0,,,2.13,,,,2.07,0
2022-03-26,2F71D1,,28.0,0.0,,,2.7,,,,2.13,0
2022-03-27,2F71D1,,28.0,0.0,,,1.36,,,,2.7,0
2022-03-28,2F71D1,,28.1,0.0,,,1.59,,,,1.36,0
2022-05-04,2F71D1,,28.0,0.0,0.0,0.18,2.45,,,,1.59,0
2022-05-12,2F71D1,,28.0,0.0,0.0,0.0,4.05,,,0.18,2.45,0
2022-05-13,2F71D1,,27.25,0.0,0.0,0.0,3.79,,,0.0,4.05,0
2022-05-16,2F71D1,,31.0,0.0,0.0,0.51,4.36,,,0.0,3.79,0
2022-05-17,2F71D1,,31.4,0.0,0.0,0.42,4.88,,,0.51,4.36,0
2022-05-18,2F71D1,,29.0,0.0,0.0,0.06,4.58,,,0.42,4.88,0
2022-05-19,2F71D1,,31.0,0.0,0.0,16.3,3.14,,,0.06,4.58,0
2022-05-20,2F71D1,,29.88888888888889,0.0,0.0,5.12,1.85,,,16.3,3.14,0
2022-05-23,2F71D1,,31.0,0.0,0.0,9.62,1.5,,,5.12,1.85,0
2022-05-26,2F71D1,,31.0,0.0,0.0,0.0,3.34,,,9.62,1.5,0
2022-05-27,2F71D1,,30.0,0.0,0.0,1.04,4.27,,,0.0,3.34,0
2022-06-10,2F71D1,,29.0,0.0,0.0,0.0,3.04,,,1.04,4.27,0
2022-06-14,2F71D1,,30.666666666666668,0.0,0.0,0.03,4.86,,,0.0,3.04,0
2022-06-15,2F71D1,,30.0,0.0,0.0,0.06,5.11,,,0.03,4.86,0
2022-06-16,2F71D1,,31.0,0.0,0.0,0.12,5.02,,,0.06,5.11,0
2022-06-17,2F71D1,,30.0,0.0,20.0,0.0,6.22,,,0.12,5.02,1
2022-06-21,2F71D1,,30.0,0.0,0.0,0.0,3.77,,,0.0,6.22,0
2022-06-22,2F71D1,,30.0,0.0,10.0,0.0,5.21,,,0.0,3.77,1
2022-06-23,2F71D1,,31.23076923076923,0.0,0.0,0.0,5.15,,,0.0,5.21,0
2022-06-24,2F71D1,,31.923076923076923,0.0,0.0,46.75,3.56,,,0.0,5.15,0
2022-06-25,2F71D1,,33.0,0.0,0.0,4.69,2.85,,,46.75,3.56,0
2022-06-26,2F71D1,,32.0,0.0,0.0,0.0,4.29,,,4.69,2.85,0
2022-06-27,2F71D1,,31.333333333333332,0.0,0.0,7.18,3.34,,,0.0,4.29,0
2022-06-28,2F71D1,,31.875,0.0,0.0,0.0,4.74,,,7.18,3.34,0
2022-06-29,2F71D1,,30.285714285714285,0.0,0.0,0.0,4.73,,,0.0,4.74,0
2022-06-30,2F71D1,0.23381971215384614,23.0,0.0,0.0,12.76,1.45,,,0.0,4.73,0
2022-07-01,2F71D1,0.25677085005555556,23.208333333333332,0.0,0.0,0.0,4.0,0.23381971215384614,0.022951137901709412,12.76,1.45,0
2022-07-02,2F71D1,0.23983935119444444,25.75,0.0,0.0,0.0,4.27,0.25677085005555556,-0.016931498861111116,0.0,4.0,0
2022-07-03,2F71D1,0.22519010333333334,25.25,0.0,0.0,0.0,3.87,0.23983935119444444,-0.014649247861111103,0.0,4.27,0
2022-07-04,2F71D1,0.21425705676388887,25.166666666666668,0.0,0.0,0.0,4.15,0.22519010333333334,-0.010933046569444466,0.0,3.87,0
2022-07-05,2F71D1,0.2058346116527778,24.375,0.0,0.0,0.0,4.34,0.21425705676388887,-0.008422445111111065,0.0,4.15,0
2022-07-06,2F71D1,0.19894570254166666,25.0,0.0,0.0,0.21,3.88,0.2058346116527778,-0.006888909111111147,0.0,4.34,0
2022-07-07,2F71D1,0.19569698180555553,23.583333333333332,0.0,15.0,0.0,3.39,0.19894570254166666,-0.003248720736111127,0.21,3.88,1
2022-07-08,2F71D1,0.19965716651388887,26.333333333333332,0.0,0.0,0.0,4.63,0.19569698180555553,0.003960184708333342,0.0,3.39,0
2022-07-09,2F71D1,0.19613515948611113,25.625,0.0,0.0,0.0,4.13,0.19965716651388887,-0.003522007027777746,0.0,4.63,0
2022-07-10,2F71D1,0.1914611533466667,25.48,0.0,0.0,0.0,4.48,0.19613515948611113,-0.0046740061394444365,0.0,4.13,0
2022-07-11,2F71D1,0.18582363444444447,27.166666666666668,0.0,15.0,0.0,4.96,0.1914611533466667,-0.005637518902222222,0.0,4.48,1
2022-07-12,2F71D1,0.1843819535,28.916666666666668,0.0,0.0,0.71,4.65,0.18582363444444447,-0.0014416809444444678,0.0,4.96,0
2022-07-13,2F71D1,0.18044250041666665,30.333333333333332,0.0,0.0,0.03,4.81,0.1843819535,-0.00393945308333335,0.71,4.65,0
2022-07-14,2F71D1,0.17498104997222222,27.083333333333332,0.0,15.0,0.49,4.75,0.18044250041666665,-0.005461450444444432,0.03,4.81,1
2022-07-15,2F71D1,0.17306626295833336,25.0,0.0,0.0,0.84,4.28,0.17498104997222222,-0.0019147870138888634,0.49,4.75,0
2022-07-16,2F71D1,0.16888500002777776,25.708333333333332,0.0,0.0,0.45,4.81,0.17306626295833336,-0.004181262930555596,0.84,4.28,0
2022-07-17,2F71D1,0.1603629132222222,26.666666666666668,0.0,0.0,0.23,4.93,0.16888500002777776,-0.008522086805555551,0.45,4.81,0
2022-07-18,2F71D1,0.1491354925,30.291666666666668,0.0,12.0,0.56,5.49,0.1603629132222222,-0.011227420722222214,0.23,4.93,1
2022-07-19,2F71D1,0.14108528019444444,33.0,0.0,0.0,0.41,7.39,0.1491354925,-0.008050212305555554,0.56,5.49,0
2022-07-20,2F71D1,0.1359700532638889,27.0,0.0,0.0,2.37,2.6,0.14108528019444444,-0.00511522693055555,0.41,7.39,0
2022-07-21,2F71D1,0.1724389851388889,22.875,0.0,0.0,13.19,2.07,0.1359700532638889,0.036468931875,2.37,2.6,0
2022-07-22,2F71D1,0.19383592330555555,23.958333333333332,0.0,0.0,0.75,2.9,0.1724389851388889,0.021396938166666657,13.19,2.07,0
2022-07-23,2F71D1,0.182604082375,26.708333333333332,0.0,0.0,0.0,3.83,0.19383592330555555,-0.011231840930555542,0.75,2.9,0
2022-07-24,2F71D1,0.1669048291527778,29.458333333333332,0.0,0.0,0.41,5.81,0.182604082375,-0.01569925322222221,0.0,3.83,0
2022-07-25,2F71D1,0.1516507177361111,26.541666666666668,0.0,10.0,0.0,3.62,0.1669048291527778,-0.015254111416666688,0.41,5.81,1
2022-07-26,2F71D1,0.14703899094444445,23.541666666666668,0.0,0.0,0.0,2.78,0.1516507177361111,-0.004611726791666659,0.0,3.62,0
2022-07-27,2F71D1,0.1378788321111111,22.5,0.0,0.0,0.29,3.79,0.14703899094444445,-0.009160158833333348,0.0,2.78,0
2022-07-28,2F71D1,0.12183195648611111,24.0,0.0,10.0,0.0,4.24,0.1378788321111111,-0.016046875624999984,0.29,3.79,1
2022-07-29,2F71D1,0.11836493363888889,26.416666666666668,0.0,0.0,0.07,4.55,0.12183195648611111,-0.003467022847222223,0.0,4.24,0
2022-07-30,2F71D1,0.11527398156521738,25.956521739130434,0.0,0.0,0.26,3.58,0.11836493363888889,-0.0030909520736715074,0.07,4.55,0
2022-07-31,2F71D1,0.11306966675,26.375,0.0,0.0,0.39,3.01,0.11527398156521738,-0.0022043148152173786,0.26,3.58,0
2022-08-01,2F71D1,0.11116873445833332,27.416666666666668,0.0,14.3,0.33,3.33,0.11306966675,-0.0019009322916666849,0.39,3.01,1
2022-08-02,2F71D1,0.11013959918055555,27.5,0.0,0.0,0.0,4.59,0.11116873445833332,-0.0010291352777777735,0.33,3.33,0
2022-08-03,2F71D1,0.10895619716666666,30.166666666666668,0.0,0.0,0.0,5.25,0.11013959918055555,-0.00118340201388889,0.0,4.59,0
2022-08-04,2F71D1,0.10711117577777778,28.291666666666668,0.0,0.0,1.88,3.74,0.10895619716666666,-0.0018450213888888817,0.0,5.25,0
2022-08-05,2F71D1,0.10607603263888889,25.208333333333332,0.0,16.5,0.0,4.19,0.10711117577777778,-0.0010351431388888888,1.88,3.74,1
2022-08-06,2F71D1,0.10615183877777778,21.541666666666668,0.0,0.0,0.0,3.37,0.10607603263888889,7.580613888889809e-05,0.0,4.19,0
2022-08-07,2F71D1,0.10630514995833333,24.0,0.0,0.0,0.0,4.25,0.10615183877777778,0.00015331118055554593,0.0,3.37,0
2022-08-08,2F71D1,0.105639969125,24.083333333333332,0.0,15.0,0.0,3.83,0.10630514995833333,-0.0006651808333333342,0.0,4.25,1
2022-08-09,2F71D1,0.10571638015277778,26.5,0.0,0.0,0.0,4.73,0.105639969125,7.641102777777853e-05,0.0,3.83,0
2022-08-10,2F71D1,0.10552329596969696,27.0,0.0,0.0,0.0,5.49,0.10571638015277778,-0.00019308418308081055,0.0,4.73,0
2022-08-11,2F71D1,0.10429269037878787,28.545454545454547,0.0,0.0,0.0,5.52,0.10552329596969696,-0.0012306055909090952,0.0,5.49,0
2022-08-12,2F71D1,0.10290886915789474,27.210526315789473,0.0,20.0,0.0,5.73,0.10429269037878787,-0.0013838212208931305,0.0,5.52,1
2022-08-13,2F71D1,0.10285696557575758,23.181818181818183,0.0,0.0,0.0,5.52,0.10290886915789474,-5.190358213716384e-05,0.0,5.73,0
2022-08-14,2F71D1,0.103233505,25.46153846153846,0.0,0.0,0.0,4.56,0.10285696557575758,0.00037653942424242803,0.0,5.52,0
2022-08-15,2F71D1,0.10560306177777777,27.833333333333332,0.0,0.0,2.67,4.15,0.103233505,0.0023695567777777676,0.0,4.56,0
2022-08-16,2F71D1,0.10536377747058824,25.058823529411764,0.0,15.0,0.77,2.96,0.10560306177777777,-0.0002392843071895301,2.67,4.15,1
2022-08-17,2F71D1,0.10555294848148149,23.666666666666668,0.0,0.0,3.59,1.45,0.10536377747058824,0.0001891710108932465,0.77,2.96,0
2022-08-20,2F71D1,,27.0,0.0,0.0,0.0,3.38,0.10555294848148149,,3.59,1.45,0
2022-08-22,2F71D1,,27.142857142857142,0.0,0.0,0.0,3.56,,,0.0,3.38,0
2022-08-23,2F71D1,,27.428571428571427,0.0,0.0,0.0,2.98,,,0.0,3.56,0
2022-08-25,2F71D1,,31.0,0.0,0.0,0.02,3.83,,,0.0,2.98,0
2022-08-26,2F71D1,,29.5,0.0,0.0,0.0,3.26,,,0.02,3.83,0
2022-08-27,2F71D1,,27.0,0.0,0.0,0.0,2.98,,,0.0,3.26,0
2022-08-29,2F71D1,,24.0,0.0,0.0,0.0,3.94,,,0.0,2.98,0
2022-08-30,2F71D1,0.143571217,24.0,0.0,0.0,0.0,3.83,,,0.0,3.94,0
2022-08-31,2F71D1,0.18396600195238094,24.38095238095238,0.0,0.0,0.0,3.85,0.143571217,0.04039478495238094,0.0,3.83,0
2022-09-01,2F71D1,0.18364017204545455,23.272727272727273,0.0,0.0,0.0,4.3,0.18396600195238094,-0.0003258299069263948,0.0,3.85,0
2022-09-02,2F71D1,0.17857585096666667,22.65,0.0,0.0,0.02,3.05,0.18364017204545455,-0.005064321078787876,0.0,4.3,0
2022-09-03,2F71D1,0.17331853816666667,25.227272727272727,0.0,0.0,0.16,2.31,0.17857585096666667,-0.005257312799999997,0.02,3.05,0
2022-09-04,2F71D1,0.16768043253030304,24.90909090909091,0.0,0.0,0.0,3.26,0.17331853816666667,-0.005638105636363633,0.16,2.31,0
2022-09-05,2F71D1,0.16371271384444444,27.4,0.0,0.0,2.62,2.75,0.16768043253030304,-0.003967718685858601,0.0,3.26,0
2022-09-06,2F71D1,0.21685097450000002,25.7,0.0,0.0,6.58,2.7,0.16371271384444444,0.053138260655555575,2.62,2.75,0
2022-09-07,2F71D1,0.24577498444444443,23.11111111111111,0.0,0.0,2.63,2.49,0.21685097450000002,0.028924009944444412,6.58,2.7,0
2022-09-08,2F71D1,0.23680979633333332,22.75,0.0,0.0,25.48,2.1,0.24577498444444443,-0.008965188111111105,2.63,2.49,0
2022-09-09,2F71D1,0.25007330375,20.875,0.0,0.0,7.7,1.74,0.23680979633333332,0.013263507416666653,25.48,2.1,0
2022-09-10,2F71D1,0.2468652633846154,20.46153846153846,0.0,0.0,0.0,2.09,0.25007330375,-0.003208040365384579,7.7,1.74,0
2022-09-11,2F71D1,0.24705936033333334,21.761904761904763,0.0,0.0,0.0,2.34,0.2468652633846154,0.00019409694871794225,0.0,2.09,0
2022-09-12,2F71D1,0.23986508963492065,21.80952380952381,0.0,0.0,0.0,2.74,0.24705936033333334,-0.007194270698412691,0.0,2.34,0
2022-09-13,2F71D1,0.23370452746376813,23.608695652173914,0.0,0.0,0.94,1.21,0.23986508963492065,-0.006160562171152517,0.0,2.74,0
2022-09-14,2F71D1,0.24159845852941178,19.58823529411765,0.0,0.0,9.47,0.72,0.23370452746376813,0.00789393106564365,0.94,1.21,0
2022-09-15,2F71D1,0.246138810125,18.125,0.0,0.0,0.32,1.87,0.24159845852941178,0.004540351595588216,9.47,0.72,0
2022-09-16,2F71D1,0.24626788,15.692307692307692,0.0,0.0,4.35,2.06,0.246138810125,0.00012906987499999856,0.32,1.87,0
2022-09-17,2F71D1,0.2597405,14.0,0.0,0.0,1.4,1.81,0.24626788,0.01347261999999999,4.35,2.06,0
2022-09-18,2F71D1,0.2699727808888889,14.333333333333334,0.0,0.0,1.38,1.96,0.2597405,0.01023228088888889,1.4,1.81,0
2022-09-19,2F71D1,0.2600724645333333,14.4,0.0,0.0,0.02,1.91,0.2699727808888889,-0.00990031635555555,1.38,1.96,0
2022-09-20,2F71D1,0.25386085703333333,15.7,0.0,0.0,0.01,1.47,0.2600724645333333,-0.006211607499999994,0.02,1.91,0
2022-09-21,2F71D1,0.24891840466666668,15.294117647058824,0.0,0.0,0.0,1.64,0.25386085703333333,-0.004942452366666655,0.01,1.47,0
2022-09-22,2F71D1,0.24374863754901963,15.058823529411764,0.0,0.0,0.0,1.79,0.24891840466666668,-0.0051697671176470505,0.0,1.64,0
2022-09-23,2F71D1,0.24020283195555556,14.533333333333333,0.0,0.0,11.0,1.19,0.24374863754901963,-0.0035458055934640687,0.0,1.79,0
2022-09-24,2F71D1,0.24917359933333333,17.0,0.0,0.0,6.27,1.52,0.24020283195555556,0.008970767377777772,11.0,1.19,0
2022-09-25,2F71D1,0.2532600212619048,16.428571428571427,0.0,0.0,3.44,1.23,0.24917359933333333,0.004086421928571449,6.27,1.52,0
2022-09-26,2F71D1,0.2528814357777778,14.666666666666666,0.0,0.0,12.6,1.18,0.2532600212619048,-0.0003785854841270031,3.44,1.23,0
2023-01-12,C535C9,,24.714285714285715,0.0,,,0.54,,,,,0
2023-01-13,C535C9,,24.0,0.0,,,1.14,,,,0.54,0
2023-01-14,C535C9,,23.2,0.0,,,0.71,,,,1.14,0
2023-01-15,C535C9,,23.5,0.0,,,0.87,,,,0.71,0
2023-01-16,C535C9,,24.625,0.0,,,0.4,,,,0.87,0
2023-01-17,C535C9,,24.666666666666668,0.0,,,0.06,,,,0.4,0
2023-01-18,C535C9,,24.5,0.0,,,0.13,,,,0.06,0
2023-01-19,C535C9,,24.666666666666668,0.0,,,0.23,,,,0.13,0
2023-01-20,C535C9,,24.0,0.0,,,0.21,,,,0.23,0
2023-01-26,C535C9,,24.0,0.0,,,0.33,,,,0.21,0
2023-01-29,C535C9,,23.333333333333332,0.0,,,0.41,,,,0.33,0
2023-01-30,C535C9,,23.5,0.0,,,0.69,,,,0.41,0
2023-01-31,C535C9,,23.0,0.0,,,0.41,,,,0.69,0
2023-02-01,C535C9,,24.0,0.0,,,0.9,,,,0.41,0
2023-02-02,C535C9,,24.0,0.0,,,0.83,,,,0.9,0
2023-02-03,C535C9,,24.0,0.0,,,0.87,,,,0.83,0
2023-02-05,C535C9,,23.0,0.0,,,0.67,,,,0.87,0
2023-02-07,C535C9,,24.6,0.0,,,0.24,,,,0.67,0
2023-02-08,C535C9,,24.647058823529413,0.0,,,0.41,,,,0.24,0
2023-02-09,C535C9,,24.6,0.0,,,0.56,,,,0.41,0
2023-02-12,C535C9,,23.0,0.0,,,0.67,,,,0.56,0
2023-02-15,C535C9,,25.0,0.0,,,0.57,,,,0.67,0
2023-02-16,C535C9,,24.545454545454547,0.0,,,0.69,,,,0.57,0
2023-02-17,C535C9,,24.357142857142858,0.0,,,1.0,,,,0.69,0
2023-02-18,C535C9,,23.88888888888889,0.0,,,0.8,,,,1.0,0
2023-02-19,C535C9,,24.1,0.0,,,0.87,,,,0.8,0
2023-02-20,C535C9,,24.5,0.0,,,0.7,,,,0.87,0
2023-02-21,C535C9,,24.473684210526315,0.0,,,0.42,,,,0.7,0
2023-02-22,C535C9,,24.357142857142858,0.0,,,0.46,,,,0.42,0
2023-02-23,C535C9,,24.38095238095238,0.0,,,0.54,,,,0.46,0
2023-02-24,C535C9,,24.210526315789473,0.0,,,0.64,,,,0.54,0
2023-02-25,C535C9,,23.136363636363637,0.0,,,0.92,,,,0.64,0
2023-02-26,C535C9,,23.333333333333332,0.0,,,1.15,,,,0.92,0
2023-02-27,C535C9,,23.6,0.0,,,1.01,,,,1.15,0
2023-05-23,C535C9,,26.25,0.0,0.0,0.0,3.24,,,,1.01,0
2023-05-30,C535C9,,30.0,0.0,0.0,0.0,4.43,,,0.0,3.24,0
2023-05-31,C535C9,,25.25,0.0,0.0,0.06,5.18,,,0.0,4.43,0
2023-06-08,C535C9,,29.0,0.0,3.0,0.0,5.19,,,0.06,5.18,1
2023-06-13,C535C9,,32.0,0.0,0.0,0.0,6.7,,,0.0,5.19,0
2023-06-15,C535C9,,32.0,0.0,0.0,0.0,5.52,,,0.0,6.7,0
2023-06-19,C535C9,,30.0,0.0,0.0,0.03,5.07,,,0.0,5.52,0
2023-06-20,C535C9,,31.333333333333332,0.0,0.0,16.45,3.92,,,0.03,5.07,0
2023-06-21,C535C9,,30.0,0.0,0.0,0.13,4.79,,,16.45,3.92,0
2023-06-22,C535C9,,30.5,0.0,0.0,20.37,1.34,,,0.13,4.79,0
2023-06-23,C535C9,,29.0,0.0,0.0,0.0,4.78,,,20.37,1.34,0
2023-06-26,C535C9,0.25510606062467134,31.0,0.0,0.0,0.0,5.06,,,0.0,4.78,0
2023-06-27,C535C9,0.25356245247075254,26.166666666666668,0.0,0.0,0.9,3.65,0.25510606062467134,-0.0015436081539187962,0.0,5.06,0
2023-06-28,C535C9,0.2616328970447174,23.95,0.0,10.0,0.27,3.11,0.25356245247075254,0.008070444573964886,0.9,3.65,1
2023-06-29,C535C9,0.298570980854491,23.944444444444443,0.0,15.0,0.57,2.44,0.2616328970447174,0.03693808380977359,0.27,3.11,1
2023-06-30,C535C9,0.31492882240183717,22.22222222222222,0.0,0.0,0.0,4.21,0.298570980854491,0.016357841547346152,0.57,2.44,0
2023-07-01,C535C9,0.30801184769403067,19.41176470588235,0.0,0.0,3.16,2.15,0.31492882240183717,-0.0069169747078065,0.0,4.21,0
2023-07-02,C535C9,0.30480142031851937,21.42105263157895,0.0,0.0,0.0,4.28,0.30801184769403067,-0.0032104273755113044,3.16,2.15,0
2023-07-03,C535C9,0.29333755179535365,18.76923076923077,0.0,0.0,0.0,4.11,0.30480142031851937,-0.011463868523165721,0.0,4.28,0
2023-07-04,C535C9,0.283160768180433,22.5,0.0,0.0,2.27,3.78,0.29333755179535365,-0.010176783614920637,0.0,4.11,0
2023-07-05,C535C9,0.28329146607950834,20.391304347826086,0.0,0.0,15.98,3.39,0.283160768180433,0.00013069789907532714,2.27,3.78,0
2023-07-06,C535C9,0.2981187020034668,21.695652173913043,0.0,0.0,0.0,4.03,0.28329146607950834,0.01482723592395846,15.98,3.39,0
2023-07-07,C535C9,0.29155989701399343,24.35,0.0,0.0,0.0,5.26,0.2981187020034668,-0.006558804989473366,0.0,4.03,0
2023-07-08,C535C9,0.2820802998207215,27.958333333333332,0.0,0.0,0.81,5.21,0.29155989701399343,-0.009479597193271905,0.0,5.26,0
2023-07-09,C535C9,0.27320057751122656,26.954545454545453,0.0,0.0,2.76,3.47,0.2820802998207215,-0.008879722309494964,0.81,5.21,0
2023-07-10,C535C9,0.26836007595318356,26.80952380952381,0.0,0.0,0.0,5.17,0.27320057751122656,-0.004840501558042998,2.76,3.47,0
2023-07-11,C535C9,0.25759018199778,25.82608695652174,0.0,0.0,0.99,4.78,0.26836007595318356,-0.010769893955403564,0.0,5.17,0
2023-07-12,C535C9,0.25075396081758455,23.26086956521739,0.0,0.0,2.08,4.03,0.25759018199778,-0.006836221180195445,0.99,4.78,0
2023-07-13,C535C9,0.24692549174697118,22.25,0.0,0.0,1.15,3.3,0.25075396081758455,-0.0038284690706133773,2.08,4.03,0
2023-07-14,C535C9,0.2421802522455403,23.3,0.0,0.0,0.0,4.3,0.24692549174697118,-0.004745239501430881,1.15,3.3,0
2023-07-15,C535C9,0.23443947720922328,24.235294117647058,0.0,0.0,4.95,4.39,0.2421802522455403,-0.00774077503631701,0.0,4.3,0
2023-07-16,C535C9,0.23045942900753855,21.636363636363637,0.0,0.0,0.06,3.84,0.23443947720922328,-0.003980048201684738,4.95,4.39,0
2023-07-17,C535C9,0.2279329660154533,21.1,0.0,0.0,4.78,3.56,0.23045942900753855,-0.0025264629920852544,0.06,3.84,0
2023-07-18,C535C9,0.22585936075059931,17.5,0.0,0.0,0.0,4.4,0.2279329660154533,-0.0020736052648539782,4.78,3.56,0
2023-07-19,C535C9,0.2194137909898159,19.0,0.0,0.0,0.0,3.34,0.22585936075059931,-0.006445569760783421,0.0,4.4,0
2023-07-20,C535C9,0.21412452867784335,17.5,0.0,0.0,1.82,2.53,0.2194137909898159,-0.005289262311972548,0.0,3.34,0
2023-07-22,C535C9,0.212117744699577,17.0,0.0,0.0,1.2,3.38,0.21412452867784335,-0.002006783978266341,1.82,2.53,0
2023-07-25,C535C9,0.2660482502287148,23.5,0.0,0.0,0.0,3.61,0.212117744699577,0.05393050552913781,1.2,3.38,0
2023-07-26,C535C9,0.2610507073782505,22.708333333333332,0.0,0.0,0.21,3.84,0.2660482502287148,-0.0049975428504643316,0.0,3.61,0
2023-07-27,C535C9,0.2692474407598928,21.0,0.0,0.0,16.9,1.26,0.2610507073782505,0.00819673338164234,0.21,3.84,0
2023-07-28,C535C9,0.27583978324926606,25.583333333333332,0.0,0.0,0.42,2.94,0.2692474407598928,0.006592342489373237,16.9,1.26,0
2023-07-29,C535C9,0.2710096583117855,23.541666666666668,0.0,0.0,5.29,2.88,0.27583978324926606,-0.004830124937480584,0.42,2.94,0
2023-07-30,C535C9,0.26994736041199785,21.625,0.0,0.0,9.12,2.89,0.2710096583117855,-0.0010622978997876231,5.29,2.88,0
2023-07-31,C535C9,0.27934579542414506,21.083333333333332,0.0,0.0,10.89,1.31,0.26994736041199785,0.00939843501214721,9.12,2.89,0
2023-08-01,C535C9,0.2840888798507406,21.958333333333332,0.0,0.0,0.63,2.53,0.27934579542414506,0.004743084426595545,10.89,1.31,0
2023-08-02,C535C9,0.2865187640524088,22.333333333333332,0.0,0.0,19.48,2.71,0.2840888798507406,0.0024298842016681754,0.63,2.53,0
2023-08-03,C535C9,0.32083570311416193,20.416666666666668,0.0,0.0,14.9,1.79,0.2865187640524088,0.03431693906175315,19.48,2.71,0
2023-08-04,C535C9,0.3213451234352022,20.958333333333332,0.0,0.0,0.13,2.86,0.32083570311416193,0.0005094203210402881,14.9,1.79,0
2023-08-05,C535C9,0.31600962291979556,18.166666666666668,0.0,0.0,8.0,1.39,0.3213451234352022,-0.005335500515406655,0.13,2.86,0
2023-08-06,C535C9,0.3293010555330415,18.333333333333332,0.0,0.0,25.73,1.44,0.31600962291979556,0.013291432613245946,8.0,1.39,0
2023-08-07,C535C9,0.3284225964597117,19.40909090909091,0.0,0.0,0.0,3.47,0.3293010555330415,-0.0008784590733297848,25.73,1.44,0
2023-08-08,C535C9,0.32138280861275387,19.791666666666668,0.0,0.0,4.07,2.24,0.3284225964597117,-0.007039787846957857,0.0,3.47,0
2023-08-09,C535C9,0.3251775065401791,23.166666666666668,0.0,0.0,3.88,3.66,0.32138280861275387,0.0037946979274252057,4.07,2.24,0
2023-08-10,C535C9,0.3162477513994596,23.666666666666668,0.0,0.0,0.0,3.88,0.3251775065401791,-0.008929755140719475,3.88,3.66,0
2023-08-11,C535C9,0.3061662341016039,25.833333333333332,0.0,0.0,0.25,3.58,0.3162477513994596,-0.010081517297855724,0.0,3.88,0
2023-08-12,C535C9,0.3090379598386717,24.583333333333332,0.0,0.0,9.89,3.01,0.3061662341016039,0.002871725737067843,0.25,3.58,0
2023-08-13,C535C9,0.30764159899601845,23.416666666666668,0.0,0.0,0.0,3.1,0.3090379598386717,-0.0013963608426532659,9.89,3.01,0
2023-08-14,C535C9,0.2972750939077304,25.375,0.0,0.0,0.0,4.07,0.30764159899601845,-0.01036650508828807,0.0,3.1,0
2023-08-15,C535C9,0.28316400673117764,25.291666666666668,0.0,0.0,0.0,3.67,0.2972750939077304,-0.014111087176552739,0.0,4.07,0
2023-08-16,C535C9,0.2700292265299805,23.75,0.0,0.0,0.0,2.37,0.28316400673117764,-0.013134780201197127,0.0,3.67,0
2023-08-17,C535C9,0.2606283430975103,22.916666666666668,0.0,0.0,0.0,2.14,0.2700292265299805,-0.009400883432470197,0.0,2.37,0
2023-08-18,C535C9,0.2520373920223585,26.166666666666668,0.0,0.0,0.0,2.9,0.2606283430975103,-0.008590951075151843,0.0,2.14,0
2023-08-19,C535C9,0.24276092441127126,27.041666666666668,0.0,0.0,0.0,2.7,0.2520373920223585,-0.009276467611087219,0.0,2.9,0
2023-08-20,C535C9,0.23211135905215605,26.541666666666668,0.0,0.0,0.0,3.93,0.24276092441127126,-0.01064956535911521,0.0,2.7,0
2023-08-21,C535C9,0.22709051240911718,25.833333333333332,0.0,9.0,0.0,3.98,0.23211135905215605,-0.005020846643038868,0.0,3.93,1
2023-08-22,C535C9,0.23102532844969884,23.958333333333332,0.0,7.0,0.0,2.93,0.22709051240911718,0.003934816040581657,0.0,3.98,1
2023-08-23,C535C9,0.22758108580841876,25.0,0.0,0.0,0.0,3.73,0.23102532844969884,-0.003444242641280071,0.0,2.93,0
2023-08-24,C535C9,0.23006431589589957,23.583333333333332,0.0,0.0,8.4,1.74,0.22758108580841876,0.0024832300874808033,0.0,3.73,0
2023-08-25,C535C9,0.27082260969535166,22.625,0.0,0.0,23.95,1.22,0.23006431589589957,0.04075829379945209,8.4,1.74,0
2023-08-26,C535C9,0.29562953441955137,20.375,0.0,0.0,0.0,2.94,0.27082260969535166,0.024806924724199708,23.95,1.22,0
2023-08-27,C535C9,0.2911436121356494,20.208333333333332,0.0,0.0,2.28,2.54,0.29562953441955137,-0.0044859222839019885,0.0,2.94,0
2023-08-28,C535C9,0.28555533002782674,19.772727272727273,0.0,0.0,2.37,1.95,0.2911436121356494,-0.00558828210782264,2.28,2.54,0
2023-08-29,C535C9,0.2840665756561978,19.375,0.0,0.0,0.0,1.66,0.28555533002782674,-0.0014887543716289309,2.37,1.95,0
2023-08-30,C535C9,0.2840405399649075,18.583333333333332,0.0,0.0,6.92,1.92,0.2840665756561978,-2.6035691290282603e-05,0.0,1.66,0
2023-08-31,C535C9,0.286040012424277,19.583333333333332,0.0,0.0,0.13,2.32,0.2840405399649075,0.001999472459369489,6.92,1.92,0
2023-09-01,C535C9,0.29189889038180533,22.125,0.0,0.0,13.67,1.78,0.286040012424277,0.005858877957528319,0.13,2.32,0
2023-09-02,C535C9,0.2985854685812639,23.833333333333332,0.0,0.0,0.03,2.32,0.29189889038180533,0.006686578199458559,13.67,1.78,0
2023-09-03,C535C9,0.29446086215575834,23.875,0.0,0.0,0.03,2.87,0.2985854685812639,-0.00412460642550555,0.03,2.32,0
2023-09-04,C535C9,0.2888369831591382,23.833333333333332,0.0,0.0,0.0,3.19,0.29446086215575834,-0.005623878996620146,0.03,2.87,0
2023-09-05,C535C9,0.28598331828836115,22.8125,0.0,0.0,0.0,3.57,0.2888369831591382,-0.0028536648707770396,0.0,3.19,0
2023-09-06,C535C9,0.2819414875544791,29.5,0.0,0.0,0.0,3.55,0.28598331828836115,-0.004041830733882035,0.0,3.57,0
2023-09-21,C535C9,0.2359685226158947,24.5,0.0,0.0,18.41,0.95,0.2819414875544791,-0.04597296493858441,0.0,3.55,0
2023-09-22,C535C9,0.2678878893504291,23.466666666666665,0.0,0.0,7.94,1.34,0.2359685226158947,0.03191936673453441,18.41,0.95,0
2023-09-23,C535C9,0.26831689715452245,23.1,0.0,0.0,0.0,1.5,0.2678878893504291,0.0004290078040933287,7.94,1.34,0
2023-09-24,C535C9,0.26887876121554255,23.09090909090909,0.0,0.0,0.0,1.95,0.26831689715452245,0.0005618640610201009,0.0,1.5,0
2023-09-25,C535C9,0.2692531913216437,23.8,0.0,0.0,0.0,1.85,0.26887876121554255,0.00037443010610116456,0.0,1.95,0
2023-09-26,C535C9,0.26915317765474145,23.923076923076923,0.0,0.0,0.0,1.65,0.2692531913216437,-0.00010001366690226554,0.0,1.85,0
2023-09-27,C535C9,0.26952344180915755,24.857142857142858,0.0,0.0,0.0,1.57,0.26915317765474145,0.00037026415441610006,0.0,1.65,0
2023-09-28,C535C9,0.27031230731711914,25.333333333333332,0.0,0.0,0.0,1.87,0.26952344180915755,0.0007888655079615892,0.0,1.57,0
2023-09-29,C535C9,0.2697351617679783,25.25,0.0,0.0,1.38,1.16,0.27031230731711914,-0.000577145549140845,0.0,1.87,0
2023-09-30,C535C9,0.2691300717505155,24.75,0.0,0.0,0.0,1.38,0.2697351617679783,-0.0006050900174627838,1.38,1.16,0
2023-10-01,C535C9,0.2695985307840813,24.833333333333332,0.0,0.0,0.03,1.9,0.2691300717505155,0.00046845903356579344,0.0,1.38,0
2023-10-02,C535C9,0.27021906196975787,25.0,0.0,0.0,0.0,1.32,0.2695985307840813,0.000620531185676565,0.03,1.9,0
2021-04-06,C535CA,,22.125,0.0,,0.0,1.6,,,,,0
2021-04-07,C535CA,,19.083333333333332,0.0,,0.0,2.43,,,0.0,1.6,0
2021-04-08,C535CA,,18.916666666666668,0.0,,0.0,1.36,,,0.0,2.43,0
2021-04-09,C535CA,,19.416666666666668,0.0,,0.0,1.9,,,0.0,1.36,0
2021-04-10,C535CA,,20.666666666666668,0.0,,0.0,1.95,,,0.0,1.9,0
2021-04-11,C535CA,,19.692307692307693,0.4,0.0,0.4,2.88,,,0.0,1.95,0
2021-04-12,C535CA,,18.75,0.0,0.0,0.0,3.11,,,0.4,2.88,0
2021-04-13,C535CA,,22.083333333333332,0.0,0.0,0.0,2.08,,,0.0,3.11,0
2021-04-14,C535CA,,26.083333333333332,0.0,0.0,0.0,2.26,,,0.0,2.08,0
2021-04-15,C535CA,,25.333333333333332,0.0,0.0,0.0,2.08,,,0.0,2.26,0
2021-04-16,C535CA,,26.333333333333332,0.0,0.0,0.0,3.06,,,0.0,2.08,0
2021-04-17,C535CA,,26.166666666666668,0.0,0.0,0.0,3.49,,,0.0,3.06,0
2021-04-18,C535CA,,26.333333333333332,0.0,0.0,0.0,3.06,,,0.0,3.49,0
2021-04-19,C535CA,,27.0,0.0,0.0,0.0,3.03,,,0.0,3.06,0
2021-04-20,C535CA,,27.166666666666668,0.0,0.0,0.0,4.11,,,0.0,3.03,0
2021-04-21,C535CA,,27.333333333333332,0.0,0.0,0.0,3.73,,,0.0,4.11,0
2021-04-22,C535CA,,27.25,0.0,0.0,0.0,2.78,,,0.0,3.73,0
2021-04-23,C535CA,,27.25,0.0,0.0,0.0,3.48,,,0.0,2.78,0
2021-04-24,C535CA,,27.333333333333332,0.0,0.0,0.0,4.02,,,0.0,3.48,0
2021-04-25,C535CA,,26.416666666666668,0.0,0.0,0.0,1.89,,,0.0,4.02,0
2021-04-26,C535CA,,26.5,0.0,0.0,0.0,2.11,,,0.0,1.89,0
2021-04-27,C535CA,,26.833333333333332,0.0,0.0,0.0,2.93,,,0.0,2.11,0
2021-04-28,C535CA,,27.916666666666668,0.0,0.0,0.0,3.53,,,0.0,2.93,0
2021-04-29,C535CA,,27.333333333333332,0.0,0.0,0.0,1.93,,,0.0,3.53,0
2021-04-30,C535CA,,26.833333333333332,0.0,0.0,0.0,2.67,,,0.0,1.93,0
2021-05-01,C535CA,,26.0,0.0,0.0,0.0,2.56,,,0.0,2.67,0
2021-05-02,C535CA,,25.083333333333332,0.0,0.0,0.0,3.45,,,0.0,2.56,0
2021-05-03,C535CA,,25.666666666666668,0.0,0.0,0.0,3.56,,,0.0,3.45,0
2021-05-04,C535CA,,26.5,0.0,0.0,0.0,3.48,,,0.0,3.56,0
2021-05-05,C535CA,,26.333333333333332,0.0,0.0,0.0,1.93,,,0.0,3.48,0
2021-05-06,C535CA,,26.5,0.0,0.0,0.0,3.12,,,0.0,1.93,0
2021-05-07,C535CA,,24.75,0.0,0.0,0.0,2.89,,,0.0,3.12,0
2021-05-08,C535CA,,17.5,0.0,0.0,0.0,3.83,,,0.0,2.89,0
2021-05-09,C535CA,,24.333333333333332,0.0,0.0,0.0,3.98,,,0.0,3.83,0
2021-05-10,C535CA,0.16640396383333333,24.833333333333332,0.0,0.0,0.0,3.62,,,0.0,3.98,0
2021-05-11,C535CA,0.16465153763888887,20.666666666666668,0.0,0.0,0.0,4.9,0.16640396383333333,-0.001752426194444462,0.0,3.62,0
2021-05-12,C535CA,0.16338808030555554,23.25,0.0,0.0,0.0,3.5,0.16465153763888887,-0.0012634573333333288,0.0,4.9,0
2021-05-13,C535CA,0.16222083325,21.583333333333332,0.0,0.0,0.0,3.69,0.16338808030555554,-0.0011672470555555425,0.0,3.5,0
2021-05-14,C535CA,0.16063765366666666,20.666666666666668,0.0,0.0,0.0,4.14,0.16222083325,-0.001583179583333344,0.0,3.69,0
2021-05-15,C535CA,0.1619825596111111,18.166666666666668,0.0,0.0,0.0,4.55,0.16063765366666666,0.0013449059444444467,0.0,4.14,0
2021-05-16,C535CA,0.16855833294444444,20.166666666666668,0.0,0.0,0.0,3.24,0.1619825596111111,0.00657577333333334,0.0,4.55,0
2021-05-17,C535CA,0.16919942255555553,17.583333333333332,2.2,0.0,2.2,2.87,0.16855833294444444,0.0006410896111110898,0.0,3.24,0
2021-05-18,C535CA,0.17167242208333333,19.833333333333332,2.8,0.0,2.8,4.34,0.16919942255555553,0.002472999527777797,2.2,2.87,0
2021-05-19,C535CA,0.17076390866666666,17.916666666666668,7.4,0.0,7.4,3.99,0.17167242208333333,-0.0009085134166666731,2.8,4.34,0
2021-05-20,C535CA,0.17819217446153848,18.923076923076923,0.8,0.0,0.8,2.13,0.17076390866666666,0.0074282657948718245,7.4,3.99,0
2021-05-21,C535CA,0.17537521108333334,20.916666666666668,0.0,0.0,0.0,3.52,0.17819217446153848,-0.0028169633782051395,0.8,2.13,0
2021-05-22,C535CA,0.17190481574999997,16.416666666666668,2.6,0.0,2.6,4.38,0.17537521108333334,-0.003470395333333376,0.0,3.52,0
2021-05-23,C535CA,0.17330036741666666,18.916666666666668,1.8,0.0,1.8,2.83,0.17190481574999997,0.001395551666666689,2.6,4.38,0
2021-05-24,C535CA,0.17185084002777776,18.583333333333332,5.2,0.0,5.2,2.73,0.17330036741666666,-0.0014495273888888993,1.8,2.83,0
2021-05-25,C535CA,0.17635255755555557,14.833333333333334,5.6000000000000005,0.0,5.6,3.42,0.17185084002777776,0.00450171752777781,5.2,2.73,0
2021-05-26,C535CA,0.1831333967222222,18.0,2.4000000000000004,0.0,2.4,3.54,0.17635255755555557,0.006780839166666636,5.6,3.42,0
2021-05-27,C535CA,0.18129491444444445,17.333333333333332,0.0,0.0,0.0,3.81,0.1831333967222222,-0.0018384822777777476,2.4,3.54,0
2021-05-28,C535CA,0.1773669185,20.25,0.0,0.0,0.0,3.62,0.18129491444444445,-0.003927995944444457,0.0,3.81,0
2021-05-29,C535CA,0.1732447926388889,22.583333333333332,0.0,0.0,0.0,1.77,0.1773669185,-0.004122125861111103,0.0,3.62,0
2021-05-30,C535CA,0.16966376002777775,24.083333333333332,0.0,0.0,0.0,2.63,0.1732447926388889,-0.0035810326111111457,0.0,1.77,0
2021-05-31,C535CA,0.16619128052777776,26.333333333333332,0.0,0.0,0.0,3.28,0.16966376002777775,-0.0034724794999999864,0.0,2.63,0
2021-06-01,C535CA,0.1628494388888889,27.083333333333332,0.0,0.0,0.0,2.76,0.16619128052777776,-0.0033418416388888705,0.0,3.28,0
2021-06-02,C535CA,0.15958896483333332,29.083333333333332,0.0,0.0,0.0,4.27,0.1628494388888889,-0.0032604740555555733,0.0,2.76,0
2021-06-03,C535CA,0.15776420930555554,27.583333333333332,10.0,0.0,10.0,4.63,0.15958896483333332,-0.0018247555277777772,0.0,4.27,0
2021-06-04,C535CA,0.1612878601111111,28.166666666666668,0.6,0.0,0.6,5.22,0.15776420930555554,0.003523650805555556,10.0,4.63,0
2021-06-05,C535CA,0.160772095,22.5,0.0,0.0,0.0,1.57,0.1612878601111111,-0.0005157651111110939,0.6,5.22,0
2021-06-06,C535CA,0.1595923382222222,23.166666666666668,0.0,0.0,0.0,3.49,0.160772095,-0.0011797567777777906,0.0,1.57,0
2021-06-07,C535CA,0.15727312175,26.0,0.0,0.0,0.0,1.88,0.1595923382222222,-0.0023192164722222186,0.0,3.49,0
2021-06-08,C535CA,0.15481734469444444,28.083333333333332,0.0,0.0,0.0,1.43,0.15727312175,-0.0024557770555555525,0.0,1.88,0
2021-06-09,C535CA,0.15212632183333333,28.833333333333332,0.0,0.0,0.0,2.55,0.15481734469444444,-0.0026910228611111142,0.0,1.43,0
2021-06-10,C535CA,0.14965317019444443,29.583333333333332,0.0,0.0,0.0,2.87,0.15212632183333333,-0.002473151638888893,0.0,2.55,0
2021-06-11,C535CA,0.1470153577222222,29.75,0.0,0.0,0.0,4.43,0.14965317019444443,-0.002637812472222223,0.0,2.87,0
2021-06-12,C535CA,0.14511994683333332,25.333333333333332,0.0,0.0,0.0,4.62,0.1470153577222222,-0.0018954108888888932,0.0,4.43,0
2021-06-13,C535CA,0.14379409708333335,26.083333333333332,0.0,0.0,0.0,3.79,0.14511994683333332,-0.0013258497499999689,0.0,4.62,0
2021-06-14,C535CA,0.16036062969444445,28.166666666666668,30.6,0.0,30.6,4.64,0.14379409708333335,0.0165665326111111,0.0,3.79,0
2021-06-15,C535CA,0.20668564297222222,27.833333333333332,0.0,0.0,0.0,5.24,0.16036062969444445,0.04632501327777777,30.6,4.64,0
2021-06-16,C535CA,0.1906625689090909,31.09090909090909,0.0,0.0,0.0,5.45,0.20668564297222222,-0.016023074063131332,0.0,5.24,0
2021-06-17,C535CA,0.17931518713888886,33.083333333333336,0.0,0.0,0.0,5.34,0.1906625689090909,-0.01134738177020203,0.0,5.45,0
2021-06-18,C535CA,0.17100787211111113,33.5,0.0,0.0,0.0,6.08,0.17931518713888886,-0.008307315027777734,0.0,5.34,0
2021-06-19,C535CA,0.16402922444444445,31.5,1.0,0.0,1.0,3.98,0.17100787211111113,-0.006978647666666671,0.0,6.08,0
2021-06-20,C535CA,0.16634282861111113,28.75,14.200000000000001,0.0,14.2,3.9,0.16402922444444445,0.0023136041666666773,1.0,3.98,0
2021-06-21,C535CA,0.19994385541666668,23.166666666666668,17.8,0.0,17.8,3.43,0.16634282861111113,0.033601026805555545,14.2,3.9,0
2021-06-22,C535CA,0.20421235475,20.083333333333332,7.2000001,0.0,7.2,5.47,0.19994385541666668,0.004268499333333314,17.8,3.43,0
2021-06-23,C535CA,0.21118467433333335,20.0,0.6000000000000001,0.0,0.6,5.52,0.20421235475,0.0069723195833333584,7.2,5.47,0
2021-06-24,C535CA,0.2020644671388889,23.833333333333332,0.0,0.0,0.0,3.33,0.21118467433333335,-0.009120207194444452,0.6,5.52,0
2021-06-25,C535CA,0.19245926384444445,25.8,0.0,0.0,0.0,3.46,0.2020644671388889,-0.009605203294444448,0.0,3.33,0
2021-06-26,C535CA,0.1840911143611111,28.666666666666668,0.0,0.0,0.0,2.39,0.19245926384444445,-0.008368149483333337,0.0,3.46,0
2021-06-27,C535CA,0.17658454855555553,26.25,10.8,0.0,10.8,2.2,0.1840911143611111,-0.007506565805555587,0.0,2.39,0
2021-06-28,C535CA,0.1920614875,27.416666666666668,12.8,0.0,12.8,4.64,0.17658454855555553,0.015476938944444463,10.8,2.2,0
2021-06-29,C535CA,0.21205719957575758,27.363636363636363,15.600000000000001,0.0,15.6,4.61,0.1920614875,0.019995712075757593,12.8,4.64,0
2021-06-30,C535CA,0.2474826742777778,20.5,45.200001300000004,0.0,45.2,3.01,0.21205719957575758,0.035425474702020204,15.6,4.61,0
2021-07-01,C535CA,0.2325635492857143,18.714285714285715,1.2,0.0,1.2,4.06,0.2474826742777778,-0.014919124992063493,45.2,3.01,0
2021-07-02,C535CA,0.22340627633333332,27.666666666666668,0.0,0.0,0.0,4.65,0.2325635492857143,-0.009157272952380974,1.2,4.06,0
2021-07-03,C535CA,0.21746417359999998,24.6,4.2000003,0.0,4.2,4.69,0.22340627633333332,-0.005942102733333343,0.0,4.65,0
2021-07-04,C535CA,0.21820458346666669,25.6,13.0,0.0,13.0,4.68,0.21746417359999998,0.000740409866666708,4.2,4.69,0
2021-07-07,C535CA,0.21928057533333334,20.0,7.0,0.0,7.0,2.92,0.21820458346666669,0.0010759918666666535,13.0,4.68,0
2021-07-08,C535CA,0.21137010344444443,20.333333333333332,4.0,0.0,4.0,4.57,0.21928057533333334,-0.00791047188888891,7.0,2.92,0
2021-07-09,C535CA,0.2054658895,20.0,0.0,0.0,0.0,4.04,0.21137010344444443,-0.005904213944444431,4.0,4.57,0
2021-07-10,C535CA,0.20267339799999998,18.0,0.0,0.0,0.0,2.92,0.2054658895,-0.0027924915000000217,0.0,4.04,0
2021-07-11,C535CA,0.19681874533333335,31.0,4.8,0.0,4.8,2.66,0.20267339799999998,-0.0058546526666666265,0.0,2.92,0
2021-07-12,C535CA,0.18758236633333333,24.0,0.0,0.0,0.0,4.42,0.19681874533333335,-0.009236379000000017,4.8,2.66,0
2021-07-13,C535CA,0.186518294,22.0,0.0,0.0,0.0,4.09,0.18758236633333333,-0.0010640723333333324,0.0,4.42,0
2021-07-21,C535CA,0.19282812216666667,17.0,74.0,0.0,74.0,1.15,0.186518294,0.00630982816666667,0.0,4.09,0
2021-07-22,C535CA,0.186717425,18.0,0.0,0.0,0.0,3.54,0.19282812216666667,-0.006110697166666679,74.0,1.15,0
2021-07-24,C535CA,0.15604215566666665,26.0,6.6,0.0,6.6,5.0,0.186717425,-0.030675269333333338,0.0,3.54,0
2021-08-02,C535CA,0.09769246566666667,16.0,16.4,0.0,16.4,4.37,0.15604215566666665,-0.05834968999999998,6.6,5.0,0
2021-08-03,C535CA,0.09804167633333334,15.0,0.0,0.0,0.0,4.99,0.09769246566666667,0.0003492106666666689,16.4,4.37,0
2021-08-09,C535CA,0.10302094433333335,26.0,19.2,0.0,19.2,5.24,0.09804167633333334,0.004979268000000009,0.0,4.99,0
2021-08-11,C535CA,0.17361778699999997,20.0,17.0,0.0,17.0,5.34,0.10302094433333335,0.07059684266666662,19.2,5.24,0
2021-08-12,C535CA,0.17425334066666665,18.666666666666668,0.0,0.0,0.0,5.46,0.17361778699999997,0.0006355536666666772,17.0,5.34,0
2021-08-13,C535CA,0.1707203393333333,21.0,0.0,0.0,0.0,5.0,0.17425334066666665,-0.003533001333333341,0.0,5.46,0
2021-08-15,C535CA,0.153629631,27.0,0.0,0.0,0.0,2.21,0.1707203393333333,-0.017090708333333315,0.0,5.0,0
2021-08-18,C535CA,0.145576092,25.0,12.2,0.0,12.2,2.8,0.153629631,-0.008053538999999998,0.0,2.21,0
2021-08-19,C535CA,0.14810323238888887,22.5,0.0,0.0,0.0,2.38,0.145576092,0.0025271403888888766,12.2,2.8,0
2021-08-20,C535CA,0.14954543370833334,23.125,0.2,0.0,0.2,3.08,0.14810323238888887,0.001442201319444475,0.0,2.38,0
2021-08-21,C535CA,0.14922590970370372,24.666666666666668,1.2,0.0,1.2,3.08,0.14954543370833334,-0.0003195240046296177,0.2,3.08,0
2021-08-22,C535CA,0.15376504408333333,25.25,8.2,0.0,8.2,2.99,0.14922590970370372,0.004539134379629606,1.2,3.08,0
2021-08-23,C535CA,0.16218559255555556,22.333333333333332,2.0,0.0,2.0,3.81,0.15376504408333333,0.008420548472222233,8.2,2.99,0
2021-08-24,C535CA,0.16645495377777778,20.833333333333332,0.0,0.0,0.0,4.21,0.16218559255555556,0.004269361222222212,2.0,3.81,0
2021-08-25,C535CA,0.16726093925,18.75,0.0,0.0,0.0,4.21,0.16645495377777778,0.0008059854722222148,0.0,4.21,0
2021-08-26,C535CA,0.16687507514285715,21.857142857142858,0.4,0.0,0.4,1.68,0.16726093925,-0.0003858641071428359,0.0,4.21,0
2021-08-27,C535CA,0.16643527525000001,19.375,0.6,0.0,0.6,1.74,0.16687507514285715,-0.00043979989285714005,0.4,1.68,0
2021-08-28,C535CA,0.16573435108333334,21.0,2.6000001,0.0,2.6,4.26,0.16643527525000001,-0.0007009241666666721,0.6,1.74,0
2021-08-29,C535CA,0.16495276155555558,21.166666666666668,5.0,0.0,5.0,3.44,0.16573435108333334,-0.0007815895277777651,2.6,4.26,0
2021-08-30,C535CA,0.16592072277777778,22.916666666666668,5.2,0.0,5.2,4.33,0.16495276155555558,0.0009679612222222023,5.0,3.44,0
2021-08-31,C535CA,0.17174086577777778,21.333333333333332,0.2,0.0,0.2,3.72,0.16592072277777778,0.005820143,5.2,4.33,0
2021-09-01,C535CA,0.17613754299999998,18.75,0.0,0.0,0.0,4.08,0.17174086577777778,0.004396677222222201,0.2,3.72,0
2021-09-02,C535CA,0.17666876013333332,20.2,0.0,0.0,0.0,4.25,0.17613754299999998,0.0005312171333333449,0.0,4.08,0
2021-09-03,C535CA,0.17615517991666665,23.5,0.0,0.0,0.0,3.26,0.17666876013333332,-0.0005135802166666703,0.0,4.25,0
2021-09-04,C535CA,0.17537221077777776,19.666666666666668,0.0,0.0,0.0,3.12,0.17615517991666665,-0.0007829691388888949,0.0,3.26,0
2021-09-05,C535CA,0.1738416028095238,24.285714285714285,0.0,0.0,0.0,3.34,0.17537221077777776,-0.0015306079682539664,0.0,3.12,0
2021-09-06,C535CA,0.17261345225,20.0,0.0,0.0,0.0,3.6,0.1738416028095238,-0.0012281505595237996,0.0,3.34,0
2021-09-07,C535CA,0.1711909376,23.9,0.0,0.0,0.0,2.74,0.17261345225,-0.0014225146499999841,0.0,3.6,0
2021-09-08,C535CA,,29.0,0.0,0.0,0.0,1.94,0.1711909376,,0.0,2.74,0
2021-09-09,C535CA,,27.666666666666668,0.0,0.0,0.0,1.47,,,0.0,1.94,0
2021-09-10,C535CA,,28.5,0.0,0.0,0.0,1.08,,,0.0,1.47,0
2021-09-21,C535CA,,22.0,0.0,0.0,0.0,1.37,,,0.0,1.08,0
2021-09-25,C535CA,,26.0,0.0,0.0,0.0,1.66,,,0.0,1.37,0
2021-09-26,C535CA,,28.0,0.0,0.0,0.0,0.79,,,0.0,1.66,0
2021-09-27,C535CA,,28.0,0.0,0.0,0.0,0.76,,,0.0,0.79,0
2021-09-28,C535CA,,27.5,0.0,0.0,0.0,1.02,,,0.0,0.76,0
2021-09-30,C535CA,,27.0,0.0,0.0,0.0,1.28,,,0.0,1.02,0
2021-10-15,C535CA,,22.0,0.0,,0.0,0.76,,,0.0,1.28,0
2021-10-18,C535CA,,24.0,0.0,,0.0,0.76,,,0.0,0.76,0
2021-10-28,C535CA,,26.0,0.0,,0.0,1.4,,,0.0,0.76,0
2021-10-29,C535CA,,27.0,0.0,,0.0,0.81,,,0.0,1.4,0
2021-11-02,C535CA,,26.0,0.0,,0.0,,,,0.0,0.81,0
2021-11-05,C535CA,,25.0,0.0,,0.0,,,,0.0,,0
2021-11-06,C535CA,,25.0,0.0,,0.0,,,,0.0,,0
2021-11-13,C535CA,,25.0,0.0,,0.0,,,,0.0,,0
2021-11-17,C535CA,,24.0,0.0,,0.0,,,,0.0,,0
2021-11-19,C535CA,,25.0,0.0,,0.0,,,,0.0,,0
2021-11-20,C535CA,,25.0,0.0,,0.0,,,,0.0,,0
2021-11-21,C535CA,,24.5,0.0,,0.0,,,,0.0,,0
2021-11-22,C535CA,,23.333333333333332,0.0,,0.0,,,,0.0,,0
2021-11-23,C535CA,,24.0,0.0,,0.0,,,,0.0,,0
2021-11-24,C535CA,,24.0,0.0,,0.0,,,,0.0,,0
2021-11-27,C535CA,,23.0,0.0,,0.0,,,,0.0,,0
2021-11-29,C535CA,,23.0,0.0,,0.0,,,,0.0,,0
2021-11-30,C535CA,,23.0,0.0,,0.0,,,,0.0,,0
2021-12-07,C535CA,,22.0,0.0,,0.0,,,,0.0,,0
2021-12-14,C535CA,,18.428571428571427,0.0,,0.0,,,,0.0,,0
2021-12-15,C535CA,,19.083333333333332,0.0,,0.0,,,,0.0,,0
2021-12-16,C535CA,,18.166666666666668,0.0,,0.0,,,,0.0,,0
2021-12-17,C535CA,,18.0,0.0,,0.0,,,,0.0,,0
2021-12-18,C535CA,,18.75,0.0,,0.0,,,,0.0,,0
2021-12-19,C535CA,,18.916666666666668,0.0,,0.0,,,,0.0,,0
2021-12-20,C535CA,,18.583333333333332,0.0,,0.0,,,,0.0,,0
2021-12-21,C535CA,,17.666666666666668,0.0,,0.0,,,,0.0,,0
2021-12-22,C535CA,,16.666666666666668,0.0,,0.0,,,,0.0,,0
2021-12-23,C535CA,,17.071428571428573,0.0,,0.0,,,,0.0,,0
2021-12-24,C535CA,,18.25,0.0,,0.0,,,,0.0,,0
2021-12-25,C535CA,,18.291666666666668,0.0,,0.0,,,,0.0,,0
2021-12-26,C535CA,,17.291666666666668,0.0,,0.0,,,,0.0,,0
2021-12-27,C535CA,,18.208333333333332,0.0,,0.0,,,,0.0,,0
2021-12-28,C535CA,,18.76,0.0,,0.0,,,,0.0,,0
2021-12-29,C535CA,,19.041666666666668,0.0,,0.0,,,,0.0,,0
2021-12-30,C535CA,,19.833333333333332,0.0,,0.0,,,,0.0,,0
2021-12-31,C535CA,,20.363636363636363,0.0,,0.0,,,,0.0,,0
2022-01-01,C535CA,,20.695652173913043,0.0,,0.0,0.42,,,0.0,,0
2022-01-02,C535CA,,20.166666666666668,0.0,,0.0,1.07,,,0.0,0.42,0
2022-01-03,C535CA,,20.166666666666668,0.0,,0.0,0.89,,,0.0,1.07,0
2022-01-04,C535CA,,19.541666666666668,0.0,,0.0,0.46,,,0.0,0.89,0
2022-01-05,C535CA,,18.666666666666668,0.0,,0.0,0.62,,,0.0,0.46,0
2022-01-06,C535CA,,15.875,0.0,,0.0,0.23,,,0.0,0.62,0
2022-01-07,C535CA,,16.625,0.0,,0.0,0.6,,,0.0,0.23,0
2022-01-08,C535CA,,17.043478260869566,0.0,,0.0,0.44,,,0.0,0.6,0
2022-01-09,C535CA,,17.333333333333332,0.0,,0.0,0.34,,,0.0,0.44,0
2022-01-10,C535CA,,17.208333333333332,0.0,,0.0,0.15,,,0.0,0.34,0
2022-01-11,C535CA,,17.125,0.0,,0.0,0.16,,,0.0,0.15,0
2022-01-12,C535CA,,17.583333333333332,0.0,,0.0,0.28,,,0.0,0.16,0
2022-01-13,C535CA,,17.458333333333332,0.0,,0.0,0.23,,,0.0,0.28,0
2022-01-14,C535CA,,17.291666666666668,0.0,,0.0,0.15,,,0.0,0.23,0
2022-01-15,C535CA,,17.333333333333332,0.0,,0.0,0.15,,,0.0,0.15,0
2022-01-16,C535CA,,17.083333333333332,0.0,,0.0,0.34,,,0.0,0.15,0
2022-01-17,C535CA,,17.375,0.0,,0.0,0.28,,,0.0,0.34,0
2022-01-18,C535CA,,17.791666666666668,0.0,,0.0,0.11,,,0.0,0.28,0
2022-01-19,C535CA,,17.681818181818183,0.0,,0.0,0.41,,,0.0,0.11,0
2022-01-20,C535CA,,16.666666666666668,0.0,,0.0,0.44,,,0.0,0.41,0
2022-01-21,C535CA,,16.708333333333332,0.0,,0.0,0.34,,,0.0,0.44,0
2022-01-22,C535CA,,17.347826086956523,0.0,,0.0,0.54,,,0.0,0.34,0
2022-01-23,C535CA,,17.833333333333332,0.0,,0.0,0.48,,,0.0,0.54,0
2022-01-24,C535CA,,17.666666666666668,0.0,,0.0,0.22,,,0.0,0.48,0
2022-01-25,C535CA,,17.08695652173913,0.0,,0.0,0.34,,,0.0,0.22,0
2022-01-26,C535CA,,17.416666666666668,0.0,,0.0,0.55,,,0.0,0.34,0
2022-01-27,C535CA,,17.59090909090909,0.0,,0.0,0.64,,,0.0,0.55,0
2022-01-28,C535CA,,17.52173913043478,0.0,,0.0,0.29,,,0.0,0.64,0
2022-01-29,C535CA,,17.681818181818183,0.0,,0.0,0.77,,,0.0,0.29,0
2022-01-30,C535CA,,17.82608695652174,0.0,,0.0,0.63,,,0.0,0.77,0
2022-01-31,C535CA,,18.0,0.0,,0.0,1.25,,,0.0,0.63,0
2022-02-01,C535CA,,17.833333333333332,0.0,,0.0,0.82,,,0.0,1.25,0
2022-02-02,C535CA,,18.583333333333332,0.0,,0.0,0.67,,,0.0,0.82,0
2022-02-03,C535CA,,18.782608695652176,0.0,,0.0,0.74,,,0.0,0.67,0
2022-02-04,C535CA,,18.82608695652174,0.0,,0.0,0.83,,,0.0,0.74,0
2022-02-05,C535CA,,18.208333333333332,0.0,,0.0,0.85,,,0.0,0.83,0
2022-02-06,C535CA,,18.181818181818183,0.0,,0.0,0.86,,,0.0,0.85,0
2022-02-07,C535CA,,18.347826086956523,0.0,,0.0,1.13,,,0.0,0.86,0
2022-02-08,C535CA,,18.583333333333332,0.0,,0.0,0.77,,,0.0,1.13,0
2022-02-09,C535CA,,19.208333333333332,0.0,,0.0,0.92,,,0.0,0.77,0
2022-02-10,C535CA,,19.333333333333332,0.0,,0.0,0.59,,,0.0,0.92,0
2022-02-11,C535CA,,18.708333333333332,0.0,,0.0,0.64,,,0.0,0.59,0
2022-02-12,C535CA,,17.875,0.0,,0.0,0.68,,,0.0,0.64,0
2022-02-13,C535CA,,18.291666666666668,0.0,,0.0,1.25,,,0.0,0.68,0
2022-02-14,C535CA,,19.041666666666668,0.0,,0.0,1.46,,,0.0,1.25,0
2022-02-15,C535CA,,18.25,0.0,,0.0,0.92,,,0.0,1.46,0
2022-02-16,C535CA,,19.125,0.0,,0.0,0.92,,,0.0,0.92,0
2022-02-17,C535CA,,19.541666666666668,0.0,,0.0,2.21,,,0.0,0.92,0
2022-02-18,C535CA,,18.833333333333332,0.0,,0.0,1.76,,,0.0,2.21,0
2022-02-19,C535CA,,18.833333333333332,0.0,,0.0,1.56,,,0.0,1.76,0
2022-02-20,C535CA,,18.791666666666668,0.0,,0.0,0.96,,,0.0,1.56,0
2022-02-21,C535CA,,18.916666666666668,0.0,,0.0,1.53,,,0.0,0.96,0
2022-02-22,C535CA,,18.208333333333332,0.0,,0.0,0.83,,,0.0,1.53,0
2022-02-23,C535CA,,14.541666666666666,0.0,,0.0,1.17,,,0.0,0.83,0
2022-02-24,C535CA,,19.916666666666668,0.0,,0.0,1.26,,,0.0,1.17,0
2022-02-25,C535CA,,24.125,0.0,,0.0,1.03,,,0.0,1.26,0
2022-02-26,C535CA,,23.25,0.0,,0.0,0.76,,,0.0,1.03,0
2022-02-27,C535CA,,22.166666666666668,0.0,,0.0,1.36,,,0.0,0.76,0
2022-02-28,C535CA,,22.076923076923077,0.0,,0.0,1.19,,,0.0,1.36,0
2022-03-01,C535CA,,24.0,0.0,,0.0,0.9,,,0.0,1.19,0
2022-03-02,C535CA,,23.0,0.0,,0.0,1.26,,,0.0,0.9,0
2022-03-03,C535CA,,23.5,0.0,,0.0,1.22,,,0.0,1.26,0
2022-03-04,C535CA,,23.333333333333332,0.0,,0.0,1.43,,,0.0,1.22,0
2022-03-05,C535CA,,23.2,0.0,,0.0,1.06,,,0.0,1.43,0
2022-03-06,C535CA,,23.166666666666668,0.0,,0.0,1.23,,,0.0,1.06,0
2022-03-07,C535CA,,22.833333333333332,0.0,,0.0,1.39,,,0.0,1.23,0
2022-03-08,C535CA,,23.0,0.0,,0.0,1.68,,,0.0,1.39,0
2022-03-09,C535CA,,23.0,0.0,,0.0,1.79,,,0.0,1.68,0
2022-03-10,C535CA,,24.0,0.0,,0.0,1.84,,,0.0,1.79,0
2022-03-12,C535CA,,24.333333333333332,0.0,,0.0,2.02,,,0.0,1.84,0
2022-03-13,C535CA,,25.0,0.0,,0.0,2.32,,,0.0,2.02,0
2022-03-14,C535CA,,24.166666666666668,0.0,,0.0,1.55,,,0.0,2.32,0
2022-03-15,C535CA,,25.0,0.0,,0.0,1.04,,,0.0,1.55,0
2022-03-16,C535CA,,25.0,0.0,,0.0,1.06,,,0.0,1.04,0
2022-03-17,C535CA,,25.0,0.0,,0.0,1.38,,,0.0,1.06,0
2022-03-18,C535CA,,25.0,0.0,,0.0,1.75,,,0.0,1.38,0
2022-03-19,C535CA,,25.666666666666668,0.0,,0.0,2.98,,,0.0,1.75,0
2022-03-21,C535CA,,18.666666666666668,0.0,,0.0,1.57,,,0.0,2.98,0
2022-03-22,C535CA,,17.833333333333332,0.0,,0.0,1.91,,,0.0,1.57,0
2022-03-23,C535CA,,19.217391304347824,0.0,,0.0,1.9,,,0.0,1.91,0
2022-03-24,C535CA,,18.11764705882353,0.0,,0.0,1.94,,,0.0,1.9,0
2022-04-07,C535CA,,24.5,0.0,0.0,0.0,2.55,,,0.0,1.94,0
2022-05-04,C535CA,,25.181818181818183,0.0,0.0,0.0,3.17,,,0.0,2.55,0
2022-05-05,C535CA,,16.545454545454547,0.0,0.0,0.0,2.17,,,0.0,3.17,0
2022-05-10,C535CA,,28.375,0.0,0.0,0.0,3.53,,,0.0,2.17,0
2022-05-11,C535CA,,27.066666666666666,0.0,0.0,0.0,5.03,,,0.0,3.53,0
2022-05-12,C535CA,,20.428571428571427,0.0,0.0,0.0,3.58,,,0.0,5.03,0
2022-05-13,C535CA,,19.68421052631579,0.0,0.0,0.0,3.72,,,0.0,3.58,0
2022-05-14,C535CA,,19.95,0.0,0.0,0.0,4.33,,,0.0,3.72,0
2022-05-15,C535CA,,21.304347826086957,0.0,0.0,0.0,5.05,,,0.0,4.33,0
2022-05-16,C535CA,,23.666666666666668,0.0,0.0,0.0,4.03,,,0.0,5.05,0
2022-05-17,C535CA,,25.157894736842106,0.0,0.0,0.0,4.19,,,0.0,4.03,0
2022-05-18,C535CA,,29.130434782608695,0.0,0.0,0.0,4.54,,,0.0,4.19,0
2022-05-19,C535CA,0.11274185195238096,25.95,0.4,0.0,0.4,2.9,,,0.0,4.54,0
2022-05-20,C535CA,0.11398314084126984,21.761904761904763,7.6,0.0,7.6,1.89,0.11274185195238096,0.0012412888888888862,0.4,2.9,0
2022-05-21,C535CA,0.11911941446031747,21.142857142857142,0.0,0.0,0.0,3.43,0.11398314084126984,0.005136273619047629,7.6,1.89,0
2022-05-22,C535CA,0.119628039,21.42105263157895,0.0,0.0,0.0,4.23,0.11911941446031747,0.000508624539682534,0.0,3.43,0
2022-05-23,C535CA,0.11870524239583333,24.125,5.0,0.0,5.0,1.77,0.119628039,-0.0009227966041666785,0.0,4.23,0
2022-05-24,C535CA,0.11973945693650793,19.666666666666668,0.6000000000000001,0.0,0.6,3.05,0.11870524239583333,0.0010342145406746078,5.0,1.77,0
2022-05-25,C535CA,0.12036167237037038,20.27777777777778,0.0,0.0,0.0,3.19,0.11973945693650793,0.0006222154338624414,0.6,3.05,0
2022-05-26,C535CA,0.11915936308333333,22.6875,0.0,0.0,0.0,3.49,0.12036167237037038,-0.0012023092870370455,0.0,3.19,0
2022-05-27,C535CA,0.1183275932857143,21.666666666666668,0.8,0.0,0.8,4.02,0.11915936308333333,-0.0008317697976190364,0.0,3.49,0
2022-05-28,C535CA,0.11798242333333334,17.75,0.0,0.0,0.0,3.67,0.1183275932857143,-0.00034516995238095816,0.8,4.02,0
2022-05-29,C535CA,0.11801618745454547,16.636363636363637,1.8,0.0,1.8,2.22,0.11798242333333334,3.376412121212924e-05,0.0,3.67,0
2022-05-30,C535CA,0.11794296390740741,17.444444444444443,0.0,0.0,0.0,2.55,0.11801618745454547,-7.322354713805435e-05,1.8,2.22,0
2022-05-31,C535CA,0.11713251338095237,19.38095238095238,0.4,0.0,0.4,3.16,0.11794296390740741,-0.0008104505264550366,0.0,2.55,0
2022-06-01,C535CA,0.11705735869841269,19.095238095238095,0.0,0.0,0.0,3.24,0.11713251338095237,-7.515468253968538e-05,0.4,3.16,0
2022-06-02,C535CA,0.11685267105555557,18.583333333333332,0.0,0.0,0.0,4.13,0.11705735869841269,-0.0002046876428571237,0.0,3.24,0
2022-06-03,C535CA,0.11575588013725491,23.764705882352942,0.0,0.0,0.0,4.7,0.11685267105555557,-0.001096790918300658,0.0,4.13,0
2022-06-04,C535CA,0.11470647040000001,27.266666666666666,0.6,0.0,0.6,5.03,0.11575588013725491,-0.0010494097372548972,0.0,4.7,0
2022-06-05,C535CA,0.14753651883333335,23.61111111111111,0.2,0.0,16.7,1.82,0.11470647040000001,0.03283004843333334,0.6,5.03,0
2022-06-06,C535CA,0.20149498446969696,22.181818181818183,0.0,0.0,0.0,2.96,0.14753651883333335,0.05395846563636361,16.7,1.82,0
2022-06-07,C535CA,0.1852129857142857,20.523809523809526,0.2,0.0,0.2,2.6,0.20149498446969696,-0.016281998755411253,0.0,2.96,0
2022-06-08,C535CA,0.1936225494736842,20.263157894736842,0.2,0.0,12.2,1.63,0.1852129857142857,0.008409563759398497,0.2,2.6,0
2022-06-09,C535CA,0.2095641423968254,21.428571428571427,0.0,0.0,0.0,3.58,0.1936225494736842,0.01594159292314118,12.2,1.63,0
2022-06-10,C535CA,0.19774958515942026,23.52173913043478,0.0,0.0,0.0,3.47,0.2095641423968254,-0.011814557237405127,0.0,3.58,0
2022-06-11,C535CA,0.18609058398245615,25.0,0.0,0.0,0.0,4.53,0.19774958515942026,-0.011659001176964112,0.0,3.47,0
2022-06-12,C535CA,0.1755837452962963,21.88888888888889,0.0,0.0,0.0,4.59,0.18609058398245615,-0.010506838686159842,0.0,4.53,0
2022-06-13,C535CA,0.16813516681481483,20.555555555555557,0.2,0.0,0.2,4.11,0.1755837452962963,-0.007448578481481477,0.0,4.59,0
2022-06-14,C535CA,0.1630712175263158,20.63157894736842,0.0,0.0,0.0,4.73,0.16813516681481483,-0.005063949288499042,0.2,4.11,0
2022-06-15,C535CA,0.15744869144444446,25.333333333333332,0.0,0.0,0.0,5.25,0.1630712175263158,-0.005622526081871332,0.0,4.73,0
2022-06-16,C535CA,0.15277014395652175,26.08695652173913,0.0,0.0,0.0,5.28,0.15744869144444446,-0.004678547487922707,0.0,5.25,0
2022-06-17,C535CA,0.14783442831666666,29.85,0.0,0.0,0.0,5.63,0.15277014395652175,-0.004935715639855093,0.0,5.28,0
2022-06-18,C535CA,0.1423205019,32.55,0.0,0.0,0.0,5.8,0.14783442831666666,-0.005513926416666648,0.0,5.63,0
2022-06-19,C535CA,0.1364082175614035,23.63157894736842,0.2,0.0,0.2,2.9,0.1423205019,-0.005912284338596502,0.0,5.8,0
2022-06-20,C535CA,0.13243170709803923,21.294117647058822,0.2,0.0,0.2,4.34,0.1364082175614035,-0.00397651046336428,0.2,2.9,0
2022-06-21,C535CA,0.1288984966875,22.1875,0.0,0.0,0.0,2.85,0.13243170709803923,-0.0035332104105392226,0.2,4.34,0
2022-06-22,C535CA,0.1244035642888889,25.0,0.0,0.0,0.0,5.33,0.1288984966875,-0.0044949323986111095,0.0,2.85,0
2022-06-23,C535CA,0.113636293125,31.375,0.0,0.0,0.0,5.67,0.1244035642888889,-0.010767271163888897,0.0,5.33,0
2022-06-24,C535CA,0.13292879501666666,25.4,0.2,0.0,44.7,2.86,0.113636293125,0.01929250189166666,0.0,5.67,0
2022-06-25,C535CA,0.13751085163333335,26.9,0.0,0.0,3.9,2.45,0.13292879501666666,0.004582056616666691,44.7,2.86,0
2022-06-26,C535CA,0.12830690266666667,23.333333333333332,0.0,0.0,0.0,2.98,0.13751085163333335,-0.00920394896666668,3.9,2.45,0
2022-06-27,C535CA,0.1238228484047619,22.285714285714285,0.0,0.0,6.92,2.0,0.12830690266666667,-0.004484054261904763,0.0,2.98,0
2022-06-28,C535CA,0.12508842504166667,22.5,0.0,0.0,0.0,4.65,0.1238228484047619,0.0012655766369047694,6.92,2.0,0
2022-06-29,C535CA,0.1180795607948718,24.153846153846153,0.0,0.0,0.0,4.88,0.12508842504166667,-0.00700886424679488,0.0,4.65,0
2022-06-30,C535CA,0.10885181158823529,24.352941176470587,0.0,0.0,10.4,2.22,0.1180795607948718,-0.009227749206636507,0.0,4.88,0
2022-07-01,C535CA,0.12322504598039216,21.823529411764707,0.0,0.0,0.0,3.71,0.10885181158823529,0.014373234392156875,10.4,2.22,0
2022-07-02,C535CA,0.10747311849999999,22.625,0.0,0.0,0.0,4.15,0.12322504598039216,-0.01575192748039217,0.0,3.71,0
2022-07-03,C535CA,0.0945031551,23.7,0.0,0.0,0.0,4.24,0.10747311849999999,-0.012969963399999992,0.0,4.15,0
2022-07-04,C535CA,0.08569991199999999,22.0,0.0,0.0,0.0,4.27,0.0945031551,-0.00880324310000001,0.0,4.24,0
2022-07-05,C535CA,0.08017624181481481,21.88888888888889,0.0,0.0,0.0,4.04,0.08569991199999999,-0.005523670185185181,0.0,4.27,0
2022-07-06,C535CA,0.07622056014285714,20.285714285714285,0.0,0.0,0.0,3.71,0.08017624181481481,-0.003955681671957673,0.0,4.04,0
2022-07-07,C535CA,0.07287974920833333,23.125,0.0,0.0,0.0,2.83,0.07622056014285714,-0.003340810934523805,0.0,3.71,0
2022-07-08,C535CA,0.070950919,27.333333333333332,0.0,0.0,0.0,4.6,0.07287974920833333,-0.0019288302083333292,0.0,2.83,0
2022-07-09,C535CA,0.07575346677777778,26.666666666666668,0.0,0.0,0.0,3.92,0.070950919,0.004802547777777777,0.0,4.6,0
2022-07-10,C535CA,0.1581863207037037,19.88888888888889,0.2,0.0,0.2,3.67,0.07575346677777778,0.08243285392592592,0.0,3.92,0
2022-07-11,C535CA,0.22834205817777778,22.466666666666665,0.0,30.0,0.0,4.17,0.1581863207037037,0.07015573747407408,0.2,3.67,1
2022-07-12,C535CA,0.2151673766666667,18.8,0.0,0.0,0.0,4.68,0.22834205817777778,-0.013174681511111092,0.0,4.17,0
2022-07-13,C535CA,0.19596013766666665,23.666666666666668,0.0,0.0,0.0,4.55,0.2151673766666667,-0.019207239000000043,0.0,4.68,0
2022-07-14,C535CA,0.17923079966666666,26.5,0.0,0.0,0.0,4.32,0.19596013766666665,-0.016729337999999983,0.0,4.55,0
2022-07-15,C535CA,0.1650526392222222,21.0,0.0,0.0,0.0,4.36,0.17923079966666666,-0.014178160444444449,0.0,4.32,0
2022-07-16,C535CA,0.15950645866666666,22.0,0.0,0.0,0.0,4.69,0.1650526392222222,-0.005546180555555558,0.0,4.36,0
2022-07-18,C535CA,0.12918558133333333,16.0,0.0,0.0,0.0,5.46,0.15950645866666666,-0.03032087733333333,0.0,4.69,0
2022-07-19,C535CA,0.11130375366666667,19.5,0.0,0.0,0.0,6.42,0.12918558133333333,-0.017881827666666655,0.0,5.46,0
2022-07-24,C535CA,0.26215719666666665,20.333333333333332,0.0,0.0,0.0,5.41,0.11130375366666667,0.15085344299999998,0.0,6.42,0
2022-08-01,C535CA,0.16360170783333333,31.0,0.4,30.0,0.4,4.0,0.26215719666666665,-0.09855548883333332,0.0,5.41,1
2022-08-03,C535CA,0.1412476398888889,27.666666666666668,0.0,0.0,0.0,5.07,0.16360170783333333,-0.022354067944444445,0.4,4.0,0
2022-08-04,C535CA,0.13078241022222223,30.333333333333332,0.0,0.0,0.0,3.46,0.1412476398888889,-0.010465229666666659,0.0,5.07,0
2022-08-05,C535CA,0.13543374433333333,26.0,0.0,0.0,0.0,3.9,0.13078241022222223,0.0046513341111110995,0.0,3.46,0
2022-08-08,C535CA,0.149016798,20.0,0.0,0.0,0.0,4.12,0.13543374433333333,0.013583053666666678,0.0,3.9,0
2022-08-09,C535CA,0.25846067725,21.25,0.0,30.0,0.0,4.93,0.149016798,0.10944387924999999,0.0,4.12,1
2022-08-10,C535CA,0.2372762448095238,27.571428571428573,0.0,0.0,0.0,5.26,0.25846067725,-0.021184432440476186,0.0,4.93,0
2022-08-11,C535CA,0.22338048741666666,21.0,0.0,0.0,0.0,5.44,0.2372762448095238,-0.013895757392857144,0.0,5.26,0
2022-08-12,C535CA,0.19803855877777776,23.0,0.0,0.0,0.0,5.64,0.22338048741666666,-0.0253419286388889,0.0,5.44,0
2022-08-13,C535CA,0.18486389060000002,27.2,0.0,0.0,0.0,4.98,0.19803855877777776,-0.013174668177777737,0.0,5.64,0
2022-08-14,C535CA,0.17714602633333335,29.6,0.0,0.0,0.0,4.47,0.18486389060000002,-0.00771786426666668,0.0,4.98,0
2022-08-15,C535CA,0.17045669166666666,25.0,0.0,0.0,3.5,3.43,0.17714602633333335,-0.006689334666666685,0.0,4.47,0
2022-08-16,C535CA,0.16673000406666666,22.2,0.0,0.0,0.0,3.62,0.17045669166666666,-0.0037266876000000004,3.5,3.43,0
2022-08-17,C535CA,0.1772426153666667,23.6,0.0,0.0,1.9,1.74,0.16673000406666666,0.01051261130000003,0.0,3.62,0
2022-08-18,C535CA,0.18737143370833334,27.375,0.0,0.0,0.1,3.04,0.1772426153666667,0.010128818341666651,1.9,1.74,0
2022-08-19,C535CA,0.18185559203333335,26.7,0.0,0.0,3.3,2.1,0.18737143370833334,-0.005515841674999994,0.1,3.04,0
2022-08-20,C535CA,0.2142703647142857,23.0,0.0,0.0,0.0,3.34,0.18185559203333335,0.03241477268095236,3.3,2.1,0
2022-08-21,C535CA,0.21088896508333335,22.083333333333332,0.0,0.0,0.0,3.0,0.2142703647142857,-0.003381399630952353,0.0,3.34,0
2022-08-22,C535CA,0.19931547658974358,22.923076923076923,0.0,0.0,0.0,3.29,0.21088896508333335,-0.011573488493589773,0.0,3.0,0
2022-08-23,C535CA,0.19118833533333332,25.3,0.0,0.0,0.0,3.67,0.19931547658974358,-0.008127141256410259,0.0,3.29,0
2022-08-24,C535CA,0.18166927416666664,26.714285714285715,0.0,0.0,0.0,3.58,0.19118833533333332,-0.009519061166666676,0.0,3.67,0
2022-08-25,C535CA,0.17120308915151516,25.181818181818183,0.0,0.0,0.0,4.05,0.18166927416666664,-0.01046618501515148,0.0,3.58,0
2022-08-26,C535CA,0.1622693123508772,24.63157894736842,0.0,0.0,0.0,2.36,0.17120308915151516,-0.008933776800637977,0.0,4.05,0
2022-08-27,C535CA,0.16019659075,23.75,0.0,0.0,0.0,2.42,0.1622693123508772,-0.002072721600877181,0.0,2.36,0
2022-08-28,C535CA,0.15616849647222222,21.416666666666668,0.0,0.0,0.0,4.11,0.16019659075,-0.004028094277777783,0.0,2.42,0
2022-08-29,C535CA,0.1472129363,22.5,0.0,0.0,0.0,3.32,0.15616849647222222,-0.00895556017222221,0.0,4.11,0
2022-08-30,C535CA,0.14050840622222222,25.333333333333332,0.0,0.0,0.0,3.61,0.1472129363,-0.006704530077777798,0.0,3.32,0
2022-08-31,C535CA,0.13489491362222222,25.133333333333333,0.0,0.0,0.0,3.73,0.14050840622222222,-0.005613492599999992,0.0,3.61,0
2022-09-01,C535CA,0.12913737035897435,24.46153846153846,0.0,0.0,0.0,4.05,0.13489491362222222,-0.005757543263247872,0.0,3.73,0
2022-09-02,C535CA,0.12453368097435898,23.846153846153847,0.0,0.0,0.0,3.87,0.12913737035897435,-0.004603689384615375,0.0,4.05,0
2022-09-03,C535CA,0.11902126148888888,25.066666666666666,0.0,0.0,0.0,3.05,0.12453368097435898,-0.005512419485470099,0.0,3.87,0
2022-09-04,C535CA,0.11298639225,25.25,0.0,0.0,0.0,3.36,0.11902126148888888,-0.006034869238888879,0.0,3.05,0
2022-09-05,C535CA,0.10954102337254902,24.176470588235293,0.0,0.0,20.6,3.43,0.11298639225,-0.003445368877450977,0.0,3.36,0
2022-09-06,C535CA,0.10472655415555555,26.6,0.0,0.0,2.9,3.02,0.10954102337254902,-0.004814469216993467,20.6,3.43,0
2022-09-07,C535CA,0.14017326803703703,24.61111111111111,0.0,0.0,0.3,2.82,0.10472655415555555,0.035446713881481476,2.9,3.02,0
2022-09-08,C535CA,0.1599933326491228,22.31578947368421,0.0,0.0,24.3,2.07,0.14017326803703703,0.01982006461208577,0.3,2.82,0
2022-09-09,C535CA,0.20396901165151515,21.045454545454547,0.0,0.0,0.3,1.4,0.1599933326491228,0.043975679002392354,24.3,2.07,0
2022-09-10,C535CA,0.21807659929824563,20.36842105263158,0.0,0.0,7.5,1.02,0.20396901165151515,0.01410758764673048,0.3,1.4,0
2022-09-11,C535CA,0.22151440463157895,20.42105263157895,0.0,0.0,0.0,2.14,0.21807659929824563,0.0034378053333333214,7.5,1.02,0
2022-09-12,C535CA,0.21286087038333332,23.7,0.0,0.0,0.0,2.56,0.22151440463157895,-0.008653534248245637,0.0,2.14,0
2022-09-13,C535CA,0.2059820058125,23.125,0.0,0.0,0.0,1.78,0.21286087038333332,-0.00687886457083331,0.0,2.56,0
2022-09-14,C535CA,0.23861386205263158,19.36842105263158,0.0,0.0,0.0,0.68,0.2059820058125,0.03263185624013157,0.0,1.78,0
2022-09-15,C535CA,0.2429769577254902,19.176470588235293,0.0,0.0,0.0,1.35,0.23861386205263158,0.0043630956728586134,0.0,0.68,0
2022-09-16,C535CA,0.23233473873333335,16.583333333333332,0.0,0.0,0.0,1.36,0.2429769577254902,-0.010642218992156838,0.0,1.35,0
2022-09-19,C535CA,0.120979028,11.25,0.0,0.0,0.0,1.49,0.23233473873333335,-0.11135571073333335,0.0,1.36,0
2022-09-20,C535CA,0.12373927133333333,7.083333333333333,0.0,0.0,0.0,1.18,0.120979028,0.0027602433333333287,0.0,1.49,0
2022-09-21,C535CA,0.11758176592307693,6.916666666666667,0.0,0.0,0.0,1.51,0.12373927133333333,-0.006157505410256406,0.0,1.18,0
2022-09-22,C535CA,0.117205284,7.666666666666667,0.0,0.0,0.0,1.73,0.11758176592307693,-0.0003764819230769184,0.0,1.51,0
2023-01-26,C535CA,,23.0,0.0,,0.0,0.32,0.117205284,,0.0,1.73,0
2023-02-07,C535CA,,24.0,0.0,,0.0,0.23,,,0.0,0.32,0
2023-02-08,C535CA,,22.333333333333332,0.0,,0.0,0.41,,,0.0,0.23,0
2023-02-13,C535CA,0.024871511748223534,20.454545454545453,0.0,,0.0,0.4,,,0.0,0.41,0
2023-02-14,C535CA,,18.041666666666668,0.0,,0.0,0.44,0.024871511748223534,,0.0,0.4,0
2023-02-15,C535CA,,17.875,0.0,,0.0,0.56,,,0.0,0.44,0
2023-02-16,C535CA,,18.0,0.0,,0.0,0.69,,,0.0,0.56,0
2023-02-17,C535CA,,18.5,0.0,,0.0,1.0,,,0.0,0.69,0
2023-02-18,C535CA,,19.083333333333332,0.0,,0.0,0.8,,,0.0,1.0,0
2023-02-19,C535CA,,18.875,0.0,,0.0,0.87,,,0.0,0.8,0
2023-02-20,C535CA,,18.782608695652176,0.0,,0.0,0.7,,,0.0,0.87,0
2023-02-21,C535CA,,18.666666666666668,0.0,,0.0,0.42,,,0.0,0.7,0
2023-02-22,C535CA,,18.59090909090909,0.0,,0.0,0.46,,,0.0,0.42,0
2023-02-23,C535CA,,18.869565217391305,0.0,,0.0,0.53,,,0.0,0.46,0
2023-02-24,C535CA,,18.304347826086957,0.0,,0.0,0.64,,,0.0,0.53,0
2023-02-25,C535CA,,18.041666666666668,0.0,,0.0,0.91,,,0.0,0.64,0
2023-02-26,C535CA,,17.25,0.0,,0.0,1.15,,,0.0,0.91,0
2023-02-27,C535CA,,17.47826086956522,0.0,,0.0,1.01,,,0.0,1.15,0
2023-02-28,C535CA,,17.125,0.0,,0.0,1.15,,,0.0,1.01,0
2023-03-01,C535CA,,17.347826086956523,0.0,,0.0,1.13,,,0.0,1.15,0
2023-03-02,C535CA,,17.217391304347824,0.0,,0.0,1.16,,,0.0,1.13,0
2023-03-03,C535CA,,17.130434782608695,0.0,,0.0,0.82,,,0.0,1.16,0
2023-03-04,C535CA,,17.59090909090909,0.0,,0.0,0.9,,,0.0,0.82,0
2023-03-05,C535CA,,18.0,0.0,,0.0,0.64,,,0.0,0.9,0
2023-03-06,C535CA,,17.5,0.0,,0.0,0.93,,,0.0,0.64,0
2023-03-07,C535CA,,17.541666666666668,0.0,,0.0,0.44,,,0.0,0.93,0
2023-03-08,C535CA,,17.0,0.0,,0.0,0.35,,,0.0,0.44,0
2023-03-09,C535CA,,17.043478260869566,0.0,,0.0,0.53,,,0.0,0.35,0
2023-03-10,C535CA,,17.666666666666668,0.0,,0.0,0.68,,,0.0,0.53,0
2023-03-11,C535CA,,17.541666666666668,0.0,,0.0,1.06,,,0.0,0.68,0
2023-03-12,C535CA,,17.714285714285715,0.0,,0.0,1.19,,,0.0,1.06,0
2023-03-13,C535CA,,18.76,0.0,,0.0,2.15,,,0.0,1.19,0
2023-03-14,C535CA,,18.615384615384617,0.0,,0.0,1.16,,,0.0,2.15,0
2023-03-15,C535CA,,18.076923076923077,0.0,,0.0,1.12,,,0.0,1.16,0
2023-03-16,C535CA,,18.5,0.0,,0.0,2.16,,,0.0,1.12,0
2023-03-17,C535CA,,19.0,0.0,,0.0,2.05,,,0.0,2.16,0
2023-03-18,C535CA,,19.227272727272727,0.0,,0.0,1.44,,,0.0,2.05,0
2023-03-19,C535CA,,19.791666666666668,0.0,,0.0,1.11,,,0.0,1.44,0
2023-03-20,C535CA,,19.208333333333332,0.0,,0.0,1.07,,,0.0,1.11,0
2023-03-21,C535CA,,19.416666666666668,0.0,,0.0,1.35,,,0.0,1.07,0
2023-03-22,C535CA,,19.842105263157894,0.6000000000000001,,0.6,1.3,,,0.0,1.35,0
2023-03-24,C535CA,,26.6875,0.0,,0.0,1.77,,,0.6,1.3,0
2023-03-25,C535CA,,27.666666666666668,0.0,,0.0,1.6,,,0.0,1.77,0
2023-03-26,C535CA,,28.043478260869566,0.0,,0.0,1.03,,,0.0,1.6,0
2023-03-27,C535CA,,28.0,0.0,,0.0,1.66,,,0.0,1.03,0
2023-03-31,C535CA,,27.53846153846154,0.0,,0.0,1.21,,,0.0,1.66,0
2023-04-01,C535CA,,27.666666666666668,0.0,0.0,0.0,0.63,,,0.0,1.21,0
2023-04-02,C535CA,,27.125,0.0,0.0,0.0,0.88,,,0.0,0.63,0
2023-04-03,C535CA,,27.105263157894736,0.0,0.0,0.0,2.1,,,0.0,0.88,0
2023-04-04,C535CA,,27.523809523809526,0.0,0.0,0.0,2.2,,,0.0,2.1,0
2023-04-05,C535CA,,27.714285714285715,0.0,0.0,0.0,1.92,,,0.0,2.2,0
2023-04-06,C535CA,,27.863636363636363,0.0,0.0,0.0,0.92,,,0.0,1.92,0
2023-04-07,C535CA,,27.80952380952381,0.0,0.0,0.0,1.24,,,0.0,0.92,0
2023-04-08,C535CA,,27.153846153846153,0.0,0.0,0.0,1.68,,,0.0,1.24,0
2023-04-09,C535CA,,26.952380952380953,0.0,0.0,0.0,2.29,,,0.0,1.68,0
2023-04-10,C535CA,,26.55,0.0,0.0,0.0,1.85,,,0.0,2.29,0
2023-04-11,C535CA,,27.294117647058822,0.0,0.0,0.0,2.39,,,0.0,1.85,0
2023-04-12,C535CA,,28.0,0.0,0.0,0.0,1.72,,,0.0,2.39,0
2023-04-13,C535CA,,28.3,0.0,0.0,0.0,2.6,,,0.0,1.72,0
2023-04-14,C535CA,,28.636363636363637,0.0,0.0,0.0,2.35,,,0.0,2.6,0
2023-04-15,C535CA,,28.541666666666668,0.0,0.0,0.0,2.86,,,0.0,2.35,0
2023-04-16,C535CA,,28.083333333333332,0.0,0.0,0.0,0.86,,,0.0,2.86,0
2023-04-17,C535CA,,28.130434782608695,0.0,0.0,0.0,1.76,,,0.0,0.86,0
2023-04-18,C535CA,,27.708333333333332,0.0,0.0,0.0,2.44,,,0.0,1.76,0
2023-04-19,C535CA,,26.35,0.0,0.0,0.0,3.49,,,0.0,2.44,0
2023-04-20,C535CA,,13.521739130434783,0.0,0.0,0.0,2.02,,,0.0,3.49,0
2023-04-21,C535CA,,15.153846153846153,0.4,0.0,0.4,2.67,,,0.0,2.02,0
2023-04-25,C535CA,,15.5,0.0,0.0,0.0,2.28,,,0.4,2.67,0
2023-04-26,C535CA,,23.75,0.0,0.0,0.0,2.27,,,0.0,2.28,0
2023-04-27,C535CA,,24.3,0.0,0.0,0.0,2.77,,,0.0,2.27,0
2023-04-28,C535CA,,22.22222222222222,0.0,0.0,0.0,1.34,,,0.0,2.77,0
2023-04-29,C535CA,,17.5,0.0,0.0,0.0,1.86,,,0.0,1.34,0
2023-04-30,C535CA,,11.5,0.0,0.0,0.0,3.3,,,0.0,1.86,0
2023-05-01,C535CA,,19.5,0.0,0.0,0.0,2.52,,,0.0,3.3,0
2023-05-02,C535CA,,17.25,0.0,0.0,0.0,3.14,,,0.0,2.52,0
2023-05-25,C535CA,0.11730028110645034,28.0,39.600002,0.0,39.6,3.66,,,0.0,3.14,0
2023-05-26,C535CA,0.11899342911511634,13.4,0.0,0.0,0.0,4.64,0.11730028110645034,0.001693148008666004,39.6,3.66,0
2023-05-27,C535CA,0.10129229850304983,33.0,0.0,0.0,0.0,4.82,0.11899342911511634,-0.017701130612066518,0.0,4.64,0
2023-05-29,C535CA,0.08292564170072744,22.0,0.0,0.0,0.0,4.34,0.10129229850304983,-0.018366656802322384,0.0,4.82,0
2023-05-30,C535CA,0.07999694633755919,19.25,0.0,0.0,0.0,4.43,0.08292564170072744,-0.0029286953631682544,0.0,4.34,0
2023-05-31,C535CA,0.07171788070322482,18.0,0.0,0.0,0.0,5.18,0.07999694633755919,-0.008279065634334365,0.0,4.43,0
2023-06-01,C535CA,0.06206405231099416,17.0,0.0,0.0,0.0,4.28,0.07171788070322482,-0.00965382839223066,0.0,5.18,0
2023-06-02,C535CA,0.053709866484007766,18.0,0.2,0.0,0.2,4.02,0.06206405231099416,-0.008354185826986396,0.0,4.28,0
2023-06-04,C535CA,0.03960608092351035,7.0,0.0,0.0,0.0,5.64,0.053709866484007766,-0.014103785560497413,0.2,4.02,0
2023-06-22,C535CA,,23.0,116.200005,0.0,116.2,1.34,0.03960608092351035,,0.0,5.64,0
2023-06-23,C535CA,,26.181818181818183,1.0,0.0,1.0,4.78,,,116.2,1.34,0
2023-06-24,C535CA,,26.347826086956523,0.0,0.0,0.0,5.52,,,1.0,4.78,0
2023-06-25,C535CA,,25.571428571428573,0.0,0.0,0.0,5.88,,,0.0,5.52,0
2023-06-26,C535CA,,26.8,0.4,0.0,0.4,5.05,,,0.0,5.88,0
2023-06-27,C535CA,0.1871200412314124,24.142857142857142,0.6,0.0,0.6,3.65,,,0.4,5.05,0
2023-06-28,C535CA,0.1873942555723964,23.8,0.2,0.0,0.2,3.11,0.1871200412314124,0.0002742143409839859,0.6,3.65,0
2023-06-29,C535CA,0.18635226676502367,26.375,4.2000003,0.0,4.2,2.44,0.1873942555723964,-0.001041988807372718,0.2,3.11,0
2023-06-30,C535CA,0.186194259210489,24.8,0.2,0.0,0.2,4.21,0.18635226676502367,-0.00015800755453468374,4.2,2.44,0
2023-07-01,C535CA,0.18515276244602216,23.7,0.4,0.0,0.4,2.15,0.186194259210489,-0.001041496764466826,0.2,4.21,0
2023-07-02,C535CA,0.18369813785229674,24.083333333333332,0.0,0.0,0.0,4.28,0.18515276244602216,-0.0014546245937254176,0.4,2.15,0
2023-07-03,C535CA,0.18151944845987478,22.571428571428573,0.2,0.0,0.2,4.11,0.18369813785229674,-0.0021786893924219675,0.0,4.28,0
2023-07-04,C535CA,0.17785487114527349,26.666666666666668,0.0,0.0,0.0,3.78,0.18151944845987478,-0.0036645773146012917,0.2,4.11,0
2023-07-05,C535CA,0.1792332305921721,19.666666666666668,8.600000300000001,0.0,8.6,3.39,0.17785487114527349,0.0013783594468986249,0.0,3.78,0
2023-07-06,C535CA,0.17983605343500758,22.444444444444443,0.0,0.0,0.0,4.03,0.1792332305921721,0.0006028228428354709,8.6,3.39,0
2023-07-07,C535CA,0.17762326249983587,25.083333333333332,0.0,0.0,0.0,5.26,0.17983605343500758,-0.00221279093517171,0.0,4.03,0
2023-07-08,C535CA,0.17425658537057387,26.076923076923077,0.0,0.0,0.0,5.2,0.17762326249983587,-0.0033666771292620024,0.0,5.26,0
2023-07-09,C535CA,0.1706028860952439,30.5,0.2,0.0,0.2,3.46,0.17425658537057387,-0.0036536992753299635,0.0,5.2,0
2023-07-10,C535CA,0.1695819262858848,27.294117647058822,0.0,0.0,0.0,5.17,0.1706028860952439,-0.0010209598093590955,0.2,3.46,0
2023-07-11,C535CA,0.16714460045591745,28.0,0.0,0.0,0.0,4.78,0.1695819262858848,-0.002437325829967363,0.0,5.17,0
2023-07-12,C535CA,0.16472829697745012,23.2,0.8,0.0,0.8,4.03,0.16714460045591745,-0.00241630347846733,0.0,4.78,0
2023-07-13,C535CA,0.16476491120649076,19.285714285714285,0.2,0.0,0.2,3.3,0.16472829697745012,3.6614229040637936e-05,0.8,4.03,0
2023-07-14,C535CA,0.16626011787648926,21.25,0.0,0.0,0.0,4.3,0.16476491120649076,0.0014952066699985,0.2,3.3,0
2023-07-20,C535CA,0.18257517436275697,31.0,45.8,0.0,45.8,2.53,0.16626011787648926,0.016315056486267715,0.0,4.3,0
2023-07-21,C535CA,0.18137263622695443,21.0,4.0,0.0,4.0,2.79,0.18257517436275697,-0.0012025381358025389,45.8,2.53,0
2023-07-22,C535CA,0.17589868918898902,21.0,0.4,0.0,0.4,3.38,0.18137263622695443,-0.005473947037965415,4.0,2.79,0
2023-07-23,C535CA,0.17619611595709767,20.0,0.0,0.0,0.0,2.02,0.17589868918898902,0.00029742676810864954,0.4,3.38,0
2023-07-24,C535CA,0.213196159614479,23.0,19.2,0.0,19.2,2.26,0.17619611595709767,0.037000043657381326,0.0,2.02,0
2023-07-25,C535CA,0.21091285499814313,23.0,0.0,0.0,0.0,3.61,0.213196159614479,-0.0022833046163358572,19.2,2.26,0
2023-07-26,C535CA,0.20227202211124595,22.375,0.0,0.0,0.0,3.84,0.21091285499814313,-0.008640832886897182,0.0,3.61,0
2023-07-27,C535CA,0.2062358044449508,21.541666666666668,13.4000001,0.0,13.4,1.26,0.20227202211124595,0.0039637823337048406,0.0,3.84,0
2023-07-28,C535CA,0.2160266429529566,25.5,0.8,0.0,0.8,2.94,0.2062358044449508,0.0097908385080058,13.4,1.26,0
2023-07-29,C535CA,0.20942397879945418,24.608695652173914,1.6,0.0,1.6,2.88,0.2160266429529566,-0.006602664153502413,0.8,2.94,0
2023-07-30,C535CA,0.20364078590488732,22.181818181818183,4.0,0.0,4.0,2.89,0.20942397879945418,-0.005783192894566858,1.6,2.88,0
2023-07-31,C535CA,0.20542985440357223,22.125,12.600000099999999,0.0,12.6,1.31,0.20364078590488732,0.0017890684986849037,4.0,2.89,0
2023-08-01,C535CA,0.24376569644754054,22.916666666666668,10.200000300000001,0.0,10.2,2.53,0.20542985440357223,0.03833584204396831,12.6,1.31,0
2023-08-02,C535CA,0.23609273695429658,23.043478260869566,8.4,0.0,8.4,2.7,0.24376569644754054,-0.007672959493243953,10.2,2.53,0
2023-08-03,C535CA,0.244192323728468,21.681818181818183,11.8000001,0.0,11.8,1.79,0.23609273695429658,0.008099586774171413,8.4,2.7,0
2023-08-04,C535CA,0.23906687975266594,21.31578947368421,0.2,0.0,0.2,2.86,0.244192323728468,-0.005125443975802058,11.8,1.79,0
2023-08-05,C535CA,0.22723247407278593,20.166666666666668,1.4,0.0,1.4,1.39,0.23906687975266594,-0.011834405679880006,0.2,2.86,0
2023-08-06,C535CA,0.2372243268129457,19.428571428571427,16.8000002,0.0,16.8,1.44,0.22723247407278593,0.009991852740159762,1.4,1.39,0
2023-08-07,C535CA,0.2453617493150263,19.8,0.0,0.0,0.0,3.47,0.2372243268129457,0.008137422502080605,16.8,1.44,0
2023-08-08,C535CA,0.23269590768961187,19.285714285714285,4.8,0.0,4.8,2.24,0.2453617493150263,-0.012665841625414426,0.0,3.47,0
2023-08-09,C535CA,0.23569126052550746,25.23076923076923,4.4000001,0.0,4.4,3.65,0.23269590768961187,0.0029953528358955817,4.8,2.24,0
2023-08-10,C535CA,0.2258991279253858,26.307692307692307,0.0,0.0,0.0,3.87,0.23569126052550746,-0.009792132600121656,4.4,3.65,0
2023-08-11,C535CA,0.21707500339153957,28.8,1.2,0.0,1.2,3.58,0.2258991279253858,-0.008824124533846234,0.0,3.87,0
2023-08-12,C535CA,0.21883164807071256,24.470588235294116,9.8000003,0.0,9.8,3.01,0.21707500339153957,0.0017566446791729973,1.2,3.58,0
2023-08-13,C535CA,0.22181240435799368,26.071428571428573,0.0,0.0,0.0,3.1,0.21883164807071256,0.0029807562872811166,9.8,3.01,0
2023-08-14,C535CA,0.21632043325273412,28.157894736842106,0.6000000000000001,0.0,0.6,4.07,0.22181240435799368,-0.005491971105259563,0.0,3.1,0
2023-08-15,C535CA,0.2123694667550923,28.61111111111111,0.0,0.0,0.0,3.67,0.21632043325273412,-0.003950966497641817,0.6,4.07,0
2023-08-16,C535CA,0.20835601173505122,26.764705882352942,0.0,0.0,0.0,2.37,0.2123694667550923,-0.004013455020041079,0.0,3.67,0
2023-08-17,C535CA,0.20653632948193365,24.26086956521739,0.0,0.0,0.0,2.14,0.20835601173505122,-0.0018196822531175716,0.0,2.37,0
2023-08-18,C535CA,0.20502267747883293,28.17391304347826,0.0,0.0,0.0,2.9,0.20653632948193365,-0.0015136520031007183,0.0,2.14,0
2023-08-19,C535CA,0.20365461757417586,26.076923076923077,1.6,0.0,1.6,2.69,0.20502267747883293,-0.0013680599046570763,0.0,2.9,0
2023-08-20,C535CA,0.20353709452154048,26.75,0.2,0.0,0.2,3.92,0.20365461757417586,-0.00011752305263537655,1.6,2.69,0
2023-08-21,C535CA,0.2016611732567746,28.42105263157895,0.0,0.0,0.0,3.98,0.20353709452154048,-0.0018759212647658785,0.2,3.92,0
2023-08-22,C535CA,0.20021888774031468,25.136363636363637,0.0,0.0,0.0,2.93,0.2016611732567746,-0.001442285516459918,0.0,3.98,0
2023-08-23,C535CA,0.19876170061400206,25.615384615384617,0.0,0.0,0.0,3.73,0.20021888774031468,-0.0014571871263126257,0.0,2.93,0
2023-08-24,C535CA,0.19832373688487914,23.9375,3.4,0.0,3.4,1.74,0.19876170061400206,-0.00043796372912291437,0.0,3.73,0
2023-08-25,C535CA,0.22677194327299866,24.36842105263158,25.4000002,0.0,25.4,1.21,0.19832373688487914,0.028448206388119512,3.4,1.74,0
2023-08-26,C535CA,0.23752435311464543,22.238095238095237,0.0,0.0,0.0,2.94,0.22677194327299866,0.01075240984164677,25.4,1.21,0
2023-08-27,C535CA,0.23109026644370187,21.043478260869566,4.0,0.0,4.0,2.53,0.23752435311464543,-0.006434086670943556,0.0,2.94,0
2023-08-28,C535CA,0.22697816272657434,20.5,0.0,0.0,0.0,1.94,0.23109026644370187,-0.00411210371712753,4.0,2.53,0
2023-08-29,C535CA,0.22140659211107844,21.157894736842106,0.6,0.0,0.6,1.66,0.22697816272657434,-0.005571570615495902,0.0,1.94,0
2023-08-30,C535CA,0.22030968338076462,19.26086956521739,4.6,0.0,4.6,1.92,0.22140659211107844,-0.001096908730313817,0.6,1.66,0
2023-08-31,C535CA,0.22223531859965556,21.05263157894737,0.6,0.0,0.6,2.32,0.22030968338076462,0.001925635218890942,4.6,1.92,0
2023-09-01,C535CA,,22.0,0.4,0.0,0.4,1.78,0.22223531859965556,,0.6,2.32,0
2023-09-04,C535CA,,22.0,0.0,0.0,0.0,3.19,,,0.4,1.78,0
2023-09-05,C535CA,,25.0,0.0,0.0,0.0,3.57,,,0.0,3.19,0
2023-09-06,C535CA,,31.0,0.0,0.0,0.0,3.55,,,0.0,3.57,0
2023-09-07,C535CA,,30.666666666666668,0.0,0.0,0.0,3.46,,,0.0,3.55,0
2023-09-08,C535CA,,32.0,0.0,0.0,0.0,3.32,,,0.0,3.46,0
2023-09-11,C535CA,,30.833333333333332,0.0,0.0,0.0,2.71,,,0.0,3.32,0
2023-09-12,C535CA,,30.0,0.0,0.0,0.0,2.16,,,0.0,2.71,0
2023-09-13,C535CA,,34.75,0.4,0.0,0.4,1.94,,,0.0,2.16,0
2023-09-14,C535CA,,33.666666666666664,0.0,0.0,0.0,2.22,,,0.4,1.94,0
2023-09-15,C535CA,,34.5,0.0,0.0,0.0,2.4,,,0.0,2.22,0
2023-09-18,C535CA,,37.0,0.0,0.0,0.0,1.96,,,0.0,2.4,0
2023-09-19,C535CA,,35.0,0.0,0.0,0.0,2.37,,,0.0,1.96,0
2023-09-21,C535CA,,35.5,0.0,0.0,0.0,0.95,,,0.0,2.37,0
2023-09-22,C535CA,,36.0,0.0,0.0,0.0,1.34,,,0.0,0.95,0
2023-09-25,C535CA,,34.25,0.0,0.0,0.0,1.85,,,0.0,1.34,0
2023-09-26,C535CA,,34.0,0.0,0.0,0.0,1.64,,,0.0,1.85,0
2023-09-27,C535CA,,35.0,0.0,0.0,0.0,1.56,,,0.0,1.64,0
2023-09-28,C535CA,,34.6,0.0,0.0,0.0,1.87,,,0.0,1.56,0
2021-04-06,C54762,,22.0,0.0,,0.0,1.6,,,,,0
2021-04-07,C54762,,19.583333333333332,0.0,,0.0,2.43,,,0.0,1.6,0
2021-04-08,C54762,,19.307692307692307,0.0,,0.0,1.36,,,0.0,2.43,0
2021-04-09,C54762,,20.0,0.0,,0.0,1.9,,,0.0,1.36,0
2021-04-10,C54762,,21.23076923076923,0.0,,0.0,1.95,,,0.0,1.9,0
2021-04-11,C54762,,20.071428571428573,0.6,0.0,0.6,2.88,,,0.0,1.95,0
2021-04-12,C54762,,18.666666666666668,0.0,0.0,0.0,3.11,,,0.6,2.88,0
2021-04-13,C54762,,22.0,0.0,0.0,0.0,2.08,,,0.0,3.11,0
2021-04-14,C54762,,26.333333333333332,0.0,0.0,0.0,2.26,,,0.0,2.08,0
2021-04-15,C54762,,26.083333333333332,0.0,0.0,0.0,2.08,,,0.0,2.26,0
2021-04-16,C54762,,26.75,0.0,0.0,0.0,3.06,,,0.0,2.08,0
2021-04-17,C54762,,26.416666666666668,0.0,0.0,0.0,3.49,,,0.0,3.06,0
2021-04-18,C54762,,26.583333333333332,0.0,0.0,0.0,3.06,,,0.0,3.49,0
2021-04-19,C54762,,27.583333333333332,0.0,0.0,0.0,3.03,,,0.0,3.06,0
2021-04-20,C54762,,27.666666666666668,0.0,0.0,0.0,4.11,,,0.0,3.03,0
2021-04-21,C54762,,28.166666666666668,0.0,0.0,0.0,3.73,,,0.0,4.11,0
2021-04-22,C54762,,27.692307692307693,0.0,0.0,0.0,2.78,,,0.0,3.73,0
2021-04-23,C54762,,27.666666666666668,0.0,0.0,0.0,3.48,,,0.0,2.78,0
2021-04-24,C54762,,27.5,0.0,0.0,0.0,4.02,,,0.0,3.48,0
2021-04-25,C54762,,26.416666666666668,0.0,0.0,0.0,1.89,,,0.0,4.02,0
2021-04-26,C54762,,26.75,0.0,0.0,0.0,2.11,,,0.0,1.89,0
2021-04-27,C54762,,27.416666666666668,0.0,0.0,0.0,2.93,,,0.0,2.11,0
2021-04-28,C54762,,28.083333333333332,0.0,0.0,0.0,3.53,,,0.0,2.93,0
2021-04-29,C54762,,27.46153846153846,0.0,0.0,0.0,1.93,,,0.0,3.53,0
2021-04-30,C54762,,27.083333333333332,0.0,0.0,0.0,2.67,,,0.0,1.93,0
2021-05-01,C54762,,26.333333333333332,0.0,0.0,0.0,2.56,,,0.0,2.67,0
2021-05-02,C54762,,25.5,0.0,0.0,0.0,3.45,,,0.0,2.56,0
2021-05-03,C54762,,26.416666666666668,0.0,0.0,0.0,3.56,,,0.0,3.45,0
2021-05-04,C54762,,26.75,0.0,0.0,0.0,3.48,,,0.0,3.56,0
2021-05-05,C54762,,27.166666666666668,0.0,0.0,0.0,1.93,,,0.0,3.48,0
2021-05-06,C54762,,27.0,0.0,0.0,0.0,3.12,,,0.0,1.93,0
2021-05-07,C54762,,25.583333333333332,0.0,0.0,0.0,2.89,,,0.0,3.12,0
2021-05-08,C54762,,18.166666666666668,0.0,0.0,0.0,3.83,,,0.0,2.89,0
2021-05-09,C54762,,25.083333333333332,0.0,0.0,0.0,3.98,,,0.0,3.83,0
2021-05-10,C54762,0.1574409640666667,25.4,0.0,0.0,0.0,3.62,,,0.0,3.98,0
2021-05-11,C54762,0.15536947230555556,20.5,1.0,0.0,1.0,4.9,0.1574409640666667,-0.002071491761111127,0.0,3.62,0
2021-05-12,C54762,0.15381021908333334,21.333333333333332,0.0,0.0,0.0,3.5,0.15536947230555556,-0.0015592532222222233,1.0,4.9,0
2021-05-13,C54762,0.1519991941111111,20.416666666666668,0.0,0.0,0.0,3.69,0.15381021908333334,-0.0018110249722222416,0.0,3.5,0
2021-05-14,C54762,0.14990819541666667,18.583333333333332,2.0,0.0,2.0,4.14,0.1519991941111111,-0.002090998694444429,0.0,3.69,0
2021-05-15,C54762,0.15011857127777778,17.166666666666668,5.6,0.0,5.6,4.55,0.14990819541666667,0.00021037586111111173,2.0,4.14,0
2021-05-16,C54762,0.1548746143888889,18.166666666666668,1.0,0.0,1.0,3.24,0.15011857127777778,0.004756043111111108,5.6,4.55,0
2021-05-17,C54762,0.15392222016666668,17.583333333333332,2.5999999999999996,0.0,2.6,2.87,0.1548746143888889,-0.0009523942222222082,1.0,3.24,0
2021-05-18,C54762,0.1548421477777778,20.0,2.6,0.0,2.6,4.34,0.15392222016666668,0.000919927611111121,2.6,2.87,0
2021-05-19,C54762,0.15371913947222224,17.916666666666668,6.8,0.0,6.8,3.99,0.1548421477777778,-0.0011230083055555617,2.6,4.34,0
2021-05-20,C54762,0.15977806683333332,18.25,0.6,0.0,0.6,2.13,0.15371913947222224,0.006058927361111077,6.8,3.99,0
2021-05-21,C54762,0.15688478183333335,20.5,0.0,0.0,0.0,3.52,0.15977806683333332,-0.0028932849999999677,0.6,2.13,0
2021-05-22,C54762,0.15282663727777776,16.5,2.8000000000000003,0.0,2.8,4.38,0.15688478183333335,-0.004058144555555587,0.0,3.52,0
2021-05-23,C54762,0.15378704080555555,18.916666666666668,2.0,0.0,2.0,2.83,0.15282663727777776,0.0009604035277777923,2.8,4.38,0
2021-05-24,C54762,0.15205836216666666,19.0,5.4,0.0,5.4,2.73,0.15378704080555555,-0.0017286786388888975,2.0,2.83,0
2021-05-25,C54762,0.15630127366666666,15.166666666666666,5.8,0.0,5.8,3.42,0.15205836216666666,0.004242911500000002,5.4,2.73,0
2021-05-26,C54762,0.16223307408333335,17.916666666666668,1.4,0.0,1.4,3.54,0.15630127366666666,0.005931800416666688,5.8,3.42,0
2021-05-27,C54762,0.15902583625,17.583333333333332,0.0,0.0,0.0,3.81,0.16223307408333335,-0.0032072378333333484,1.4,3.54,0
2021-05-28,C54762,0.15461487047222222,20.0,0.0,0.0,0.0,3.62,0.15902583625,-0.0044109657777777755,0.0,3.81,0
2021-05-29,C54762,0.14959222141666667,21.666666666666668,0.0,0.0,0.0,1.77,0.15461487047222222,-0.00502264905555555,0.0,3.62,0
2021-05-30,C54762,0.14488116080555555,23.666666666666668,0.0,0.0,0.0,2.63,0.14959222141666667,-0.004711060611111123,0.0,1.77,0
2021-05-31,C54762,0.14030399908333333,25.5,0.0,0.0,0.0,3.28,0.14488116080555555,-0.004577161722222223,0.0,2.63,0
2021-06-01,C54762,0.13615527805555555,26.083333333333332,0.0,0.0,0.0,2.76,0.14030399908333333,-0.004148721027777774,0.0,3.28,0
2021-06-02,C54762,0.13202144400000002,28.583333333333332,0.0,0.0,0.0,4.27,0.13615527805555555,-0.004133834055555535,0.0,2.76,0
2021-06-03,C54762,0.1279230251388889,28.25,5.8000001,0.0,5.8,4.63,0.13202144400000002,-0.004098418861111119,0.0,4.27,0
2021-06-04,C54762,0.12736832722222222,28.166666666666668,0.8,0.0,0.8,5.22,0.1279230251388889,-0.0005546979166666799,5.8,4.63,0
2021-06-05,C54762,0.12722654877777778,22.833333333333332,0.0,0.0,0.0,1.57,0.12736832722222222,-0.00014177844444443477,0.8,5.22,0
2021-06-06,C54762,0.1273039591388889,23.583333333333332,0.0,0.0,0.0,3.49,0.12722654877777778,7.741036111111321e-05,0.0,1.57,0
2021-06-07,C54762,0.12414816587179488,24.923076923076923,0.0,0.0,0.0,1.88,0.1273039591388889,-0.0031557932670940175,0.0,3.49,0
2021-06-08,C54762,0.11917093280555556,26.833333333333332,0.0,0.0,0.0,1.43,0.12414816587179488,-0.004977233066239317,0.0,1.88,0
2021-06-09,C54762,0.11264785258333333,27.916666666666668,0.0,0.0,0.0,2.55,0.11917093280555556,-0.006523080222222227,0.0,1.43,0
2021-06-10,C54762,0.10559814658333333,28.666666666666668,0.0,0.0,0.0,2.87,0.11264785258333333,-0.007049706000000003,0.0,2.55,0
2021-06-11,C54762,0.09791784466666666,29.583333333333332,0.0,0.0,0.0,4.43,0.10559814658333333,-0.007680301916666674,0.0,2.87,0
2021-06-12,C54762,0.09282364669444444,25.5,0.0,0.0,0.0,4.62,0.09791784466666666,-0.005094197972222214,0.0,4.43,0
2021-06-13,C54762,0.08905856186111111,24.916666666666668,0.0,0.0,0.0,3.79,0.09282364669444444,-0.0037650848333333348,0.0,4.62,0
2021-06-14,C54762,0.08267187927777778,28.916666666666668,0.0,0.0,0.0,4.64,0.08905856186111111,-0.006386682583333331,0.0,3.79,0
2021-06-15,C54762,0.07466999397222222,28.083333333333332,0.0,0.0,0.0,5.24,0.08267187927777778,-0.008001885305555553,0.0,4.64,0
2021-06-16,C54762,0.0678110772121212,31.09090909090909,0.0,0.0,0.0,5.45,0.07466999397222222,-0.0068589167601010165,0.0,5.24,0
2021-06-17,C54762,0.1014290601388889,30.5,43.600001,0.0,43.6,5.35,0.0678110772121212,0.033617982926767695,0.0,5.45,0
2021-06-18,C54762,0.17562613983333333,32.0,0.0,0.0,0.0,6.08,0.1014290601388889,0.07419707969444443,43.6,5.35,0
2021-06-19,C54762,0.1503654892777778,29.75,1.8000001,0.0,1.8,3.98,0.17562613983333333,-0.02526065055555554,0.0,6.08,0
2021-06-20,C54762,0.16147623772222222,28.5,10.0,0.0,10.0,3.9,0.1503654892777778,0.01111074844444443,1.8,3.98,0
2021-06-21,C54762,0.19682433533333332,23.166666666666668,19.6,0.0,19.6,3.43,0.16147623772222222,0.0353480976111111,10.0,3.9,0
2021-06-22,C54762,0.19565236649999998,19.833333333333332,7.4000001,0.0,7.4,5.47,0.19682433533333332,-0.0011719688333333422,19.6,3.43,0
2021-06-23,C54762,0.20014166566666666,20.833333333333332,0.6000000000000001,0.0,0.6,5.52,0.19565236649999998,0.004489299166666683,7.4,5.47,0
2021-06-24,C54762,0.1880411263888889,23.833333333333332,0.0,0.0,0.0,3.33,0.20014166566666666,-0.012100539277777767,0.6,5.52,0
2021-06-25,C54762,0.17365592500000002,23.166666666666668,0.0,0.0,0.0,3.46,0.1880411263888889,-0.01438520138888888,0.0,3.33,0
2021-06-26,C54762,0.15838405722222224,26.5,0.0,0.0,0.0,2.39,0.17365592500000002,-0.015271867777777781,0.0,3.46,0
2021-06-27,C54762,0.14443430655555556,25.333333333333332,9.4,0.0,9.4,2.2,0.15838405722222224,-0.013949750666666677,0.0,2.39,0
2021-06-28,C54762,0.16501375802777776,26.75,6.0,0.0,6.0,4.64,0.14443430655555556,0.020579451472222204,9.4,2.2,0
2021-06-29,C54762,0.1945005475277778,26.0,32.0000004,0.0,32.0,4.61,0.16501375802777776,0.029486789500000027,6.0,4.64,0
2021-06-30,C54762,0.24523912372222223,21.0,14.4,0.0,14.4,3.01,0.1945005475277778,0.05073857619444444,32.0,4.61,0
2021-07-01,C54762,0.23269183841666666,19.833333333333332,1.4,0.0,1.4,4.06,0.24523912372222223,-0.012547285305555572,14.4,3.01,0
2021-07-02,C54762,0.2201839843611111,23.25,0.0,0.0,0.0,4.65,0.23269183841666666,-0.012507854055555545,1.4,4.06,0
2021-07-03,C54762,0.20947341605555556,24.75,2.6000001,0.0,2.6,4.69,0.2201839843611111,-0.010710568305555557,0.0,4.65,0
2021-07-04,C54762,0.2141612658611111,24.666666666666668,8.4000001,0.0,8.4,4.68,0.20947341605555556,0.004687849805555533,2.6,4.69,0
2021-07-05,C54762,0.21898619005128206,22.76923076923077,6.4,0.0,6.4,4.05,0.2141612658611111,0.0048249241901709705,8.4,4.68,0
2021-07-06,C54762,0.21042071494444445,23.916666666666668,0.4,0.0,0.4,3.64,0.21898619005128206,-0.008565475106837611,6.4,4.05,0
2021-07-07,C54762,0.19880958369444443,23.583333333333332,0.0,0.0,0.0,2.92,0.21042071494444445,-0.011611131250000017,0.4,3.64,0
2021-07-08,C54762,0.19312591319444442,24.916666666666668,5.4,0.0,5.4,4.57,0.19880958369444443,-0.005683670500000015,0.0,2.92,0
2021-07-09,C54762,0.1937176484722222,24.416666666666668,0.0,0.0,0.0,4.04,0.19312591319444442,0.0005917352777777829,5.4,4.57,0
2021-07-10,C54762,0.18690851897222224,23.916666666666668,4.199999999999999,0.0,4.2,2.92,0.1937176484722222,-0.006809129499999955,0.0,4.04,0
2021-07-11,C54762,0.18928149244444445,24.75,0.0,0.0,0.0,2.66,0.18690851897222224,0.0023729734722222062,4.2,2.92,0
2021-07-12,C54762,0.18247802333333332,24.5,0.0,0.0,0.0,4.42,0.18928149244444445,-0.006803469111111127,0.0,2.66,0
2021-07-13,C54762,0.1885346762051282,24.307692307692307,9.6,0.0,9.6,4.09,0.18247802333333332,0.006056652871794882,0.0,4.42,0
2021-07-14,C54762,0.22519996169444445,23.166666666666668,19.8000001,0.0,19.8,4.62,0.1885346762051282,0.036665285489316246,9.6,4.09,0
2021-07-15,C54762,0.26347033535897435,23.76923076923077,38.6,0.0,38.6,4.0,0.22519996169444445,0.0382703736645299,19.8,4.62,0
2021-07-16,C54762,0.2455722814722222,23.5,3.6000001,0.0,3.6,4.08,0.26347033535897435,-0.01789805388675214,38.6,4.0,0
2021-07-17,C54762,0.22654373508333334,26.25,0.0,0.0,0.0,4.76,0.2455722814722222,-0.019028546388888873,3.6,4.08,0
2021-07-18,C54762,0.21138560538888887,26.583333333333332,0.0,0.0,0.0,5.29,0.22654373508333334,-0.015158129694444467,0.0,4.76,0
2021-07-19,C54762,0.20043207066666666,24.416666666666668,0.0,0.0,0.0,6.38,0.21138560538888887,-0.010953534722222213,0.0,5.29,0
2021-07-20,C54762,0.1918092507222222,23.166666666666668,0.0,0.0,0.0,4.57,0.20043207066666666,-0.008622819944444443,0.0,6.38,0
2021-07-21,C54762,0.18264658880555554,24.416666666666668,0.0,0.0,0.0,1.15,0.1918092507222222,-0.009162661916666676,0.0,4.57,0
2021-07-22,C54762,0.1730053135,25.666666666666668,0.0,0.0,0.0,3.54,0.18264658880555554,-0.00964127530555553,0.0,1.15,0
2021-07-23,C54762,0.16091619991666667,24.5,0.0,0.0,0.0,4.53,0.1730053135,-0.012089113583333339,0.0,3.54,0
2021-07-24,C54762,0.15605933483333334,23.0,7.0,0.0,7.0,5.0,0.16091619991666667,-0.004856865083333328,0.0,4.53,0
2021-07-25,C54762,0.17321276416666667,25.583333333333332,0.4,0.0,0.4,3.98,0.15605933483333334,0.01715342933333333,7.0,5.0,0
2021-07-26,C54762,0.16742721163888888,24.583333333333332,1.2,0.0,1.2,3.05,0.17321276416666667,-0.005785552527777793,0.4,3.98,0
2021-07-27,C54762,0.1626139141388889,24.333333333333332,3.5999999999999996,0.0,3.6,3.76,0.16742721163888888,-0.00481329749999998,1.2,3.05,0
2021-07-28,C54762,0.1639260855277778,24.333333333333332,0.4,0.0,0.4,4.77,0.1626139141388889,0.0013121713888888942,3.6,3.76,0
2021-07-29,C54762,0.15414296969444444,23.083333333333332,0.2,0.0,0.2,4.16,0.1639260855277778,-0.009783115833333356,0.4,4.77,0
2021-07-30,C54762,0.14108944130555556,24.833333333333332,0.0,0.0,0.0,3.84,0.15414296969444444,-0.013053528388888874,0.2,4.16,0
2021-07-31,C54762,0.1259918493611111,23.916666666666668,0.0,0.0,0.0,3.45,0.14108944130555556,-0.01509759194444446,0.0,3.84,0
2021-08-01,C54762,0.11798458377777778,21.583333333333332,5.2,0.0,5.2,3.8,0.1259918493611111,-0.008007265583333326,0.0,3.45,0
2021-08-02,C54762,0.1251202303611111,21.5,1.2,0.0,1.2,4.37,0.11798458377777778,0.0071356465833333355,5.2,3.8,0
2021-08-03,C54762,0.15023791794444444,20.416666666666668,5.8000001,0.0,5.8,4.99,0.1251202303611111,0.025117687583333326,1.2,4.37,0
2021-08-04,C54762,0.16409024952777776,23.333333333333332,0.0,0.0,0.0,3.45,0.15023791794444444,0.013852331583333322,5.8,4.99,0
2021-08-05,C54762,0.15479086011111112,25.166666666666668,0.0,0.0,0.0,2.94,0.16409024952777776,-0.009299389416666637,0.0,3.45,0
2021-08-06,C54762,0.14532340772222221,24.583333333333332,2.6,0.0,2.6,3.57,0.15479086011111112,-0.009467452388888908,0.0,2.94,0
2021-08-07,C54762,0.16045026866666665,23.166666666666668,7.4,0.0,7.4,4.22,0.14532340772222221,0.015126860944444431,2.6,3.57,0
2021-08-08,C54762,0.16179615388888888,22.666666666666668,0.2,0.0,0.2,4.44,0.16045026866666665,0.0013458852222222317,7.4,4.22,0
2021-08-09,C54762,0.15877196647222222,22.166666666666668,10.4000001,0.0,10.4,5.24,0.16179615388888888,-0.003024187416666657,0.2,4.44,0
2021-08-10,C54762,0.20003314055555554,22.75,4.2000001000000005,0.0,4.2,5.97,0.15877196647222222,0.041261174083333324,10.4,5.24,0
2021-08-11,C54762,0.19428962875,23.75,0.2,0.0,0.2,5.34,0.20003314055555554,-0.005743511805555546,4.2,5.97,0
2021-08-12,C54762,0.1855593195277778,25.25,0.0,0.0,0.0,5.46,0.19428962875,-0.008730309222222205,0.2,5.34,0
2021-08-13,C54762,0.17564257122222224,24.583333333333332,0.0,0.0,0.0,5.0,0.1855593195277778,-0.009916748305555556,0.0,5.46,0
2021-08-14,C54762,0.16323159816666666,23.25,0.0,0.0,0.0,4.37,0.17564257122222224,-0.01241097305555558,0.0,5.0,0
2021-08-15,C54762,0.14978174427777777,26.166666666666668,0.0,0.0,0.0,2.21,0.16323159816666666,-0.01344985388888889,0.0,4.37,0
2021-08-16,C54762,0.1397999997777778,20.666666666666668,3.4,0.0,3.4,3.45,0.14978174427777777,-0.009981744499999973,0.0,2.21,0
2021-08-17,C54762,0.14162126677777778,19.5,4.8,0.0,4.8,1.97,0.1397999997777778,0.0018212669999999875,3.4,3.45,0
2021-08-18,C54762,0.1582956583888889,22.25,3.0,0.0,3.0,2.8,0.14162126677777778,0.016674391611111117,4.8,1.97,0
2021-08-21,C54762,,32.0,0.0,0.0,0.0,3.08,0.1582956583888889,,3.0,2.8,0
2021-08-22,C54762,,31.0,0.0,0.0,0.0,2.99,,,0.0,3.08,0
2021-08-23,C54762,,31.0,0.0,0.0,0.0,3.81,,,0.0,2.99,0
2021-08-24,C54762,,30.5,0.0,0.0,0.0,4.21,,,0.0,3.81,0
2021-08-25,C54762,,30.0,0.0,0.0,0.0,4.21,,,0.0,4.21,0
2021-08-26,C54762,,25.5,0.2,0.0,0.2,1.68,,,0.0,4.21,0
2021-08-27,C54762,,21.0,1.8000001,0.0,1.8,1.74,,,0.2,1.68,0
2021-08-28,C54762,,22.25,0.0,0.0,0.0,4.26,,,1.8,1.74,0
2021-08-29,C54762,,21.083333333333332,0.0,0.0,0.0,3.44,,,0.0,4.26,0
2021-08-30,C54762,,26.22222222222222,1.0,0.0,1.0,4.33,,,0.0,3.44,0
2021-08-31,C54762,,31.0,0.0,0.0,0.0,3.72,,,1.0,4.33,0
2021-09-01,C54762,,30.666666666666668,0.0,0.0,0.0,4.08,,,0.0,3.72,0
2021-09-08,C54762,,32.0,0.0,0.0,0.0,1.94,,,0.0,4.08,0
2021-09-09,C54762,,32.0,0.0,0.0,0.0,1.47,,,0.0,1.94,0
2021-09-10,C54762,,33.0,0.0,0.0,0.0,1.08,,,0.0,1.47,0
2021-09-12,C54762,,32.75,0.0,0.0,0.0,2.51,,,0.0,1.08,0
2021-09-13,C54762,,32.0,0.0,0.0,0.0,1.66,,,0.0,2.51,0
2021-09-14,C54762,,32.25,0.0,0.0,0.0,0.57,,,0.0,1.66,0
2021-09-15,C54762,,32.5,0.0,0.0,0.0,1.38,,,0.0,0.57,0
2021-09-16,C54762,,32.0,0.0,0.0,0.0,1.31,,,0.0,1.38,0
2021-09-17,C54762,,31.6,0.0,0.0,0.0,1.48,,,0.0,1.31,0
2021-09-18,C54762,,31.5,0.0,0.0,0.0,0.6,,,0.0,1.48,0
2021-09-19,C54762,,32.0,0.0,0.0,0.0,1.6,,,0.0,0.6,0
2021-09-20,C54762,,29.2,0.0,0.0,0.0,1.22,,,0.0,1.6,0
2021-09-21,C54762,,29.2,0.0,0.0,0.0,1.37,,,0.0,1.22,0
2021-09-22,C54762,,29.428571428571427,0.0,0.0,0.0,1.74,,,0.0,1.37,0
2021-09-23,C54762,,29.333333333333332,0.0,0.0,0.0,1.17,,,0.0,1.74,0
2021-09-24,C54762,,28.0,0.0,0.0,0.0,0.98,,,0.0,1.17,0
2021-09-25,C54762,,30.0,0.0,0.0,0.0,1.66,,,0.0,0.98,0
2021-09-26,C54762,,30.333333333333332,0.0,0.0,0.0,0.79,,,0.0,1.66,0
2021-09-27,C54762,,30.5,0.0,0.0,0.0,0.76,,,0.0,0.79,0
2021-09-28,C54762,,30.0,0.0,0.0,0.0,1.02,,,0.0,0.76,0
2021-09-29,C54762,,29.5,0.0,0.0,0.0,1.17,,,0.0,1.02,0
2021-09-30,C54762,,28.0,0.0,0.0,0.0,1.27,,,0.0,1.17,0
2021-10-01,C54762,,28.125,0.0,,0.0,1.84,,,0.0,1.27,0
2021-10-02,C54762,,29.5,0.0,,0.0,0.88,,,0.0,1.84,0
2021-10-03,C54762,,30.0,0.0,,0.0,1.08,,,0.0,0.88,0
2021-10-04,C54762,,29.333333333333332,0.0,,0.0,1.32,,,0.0,1.08,0
2021-10-05,C54762,,29.25,0.0,,0.0,1.83,,,0.0,1.32,0
2021-10-06,C54762,,28.75,0.0,,0.0,1.61,,,0.0,1.83,0
2021-10-07,C54762,,28.25,0.0,,0.0,1.25,,,0.0,1.61,0
2021-10-08,C54762,,24.75,0.0,,0.0,1.22,,,0.0,1.25,0
2021-10-09,C54762,,23.571428571428573,0.0,,0.0,1.16,,,0.0,1.22,0
2021-10-10,C54762,,26.0,0.0,,0.0,0.94,,,0.0,1.16,0
2021-10-11,C54762,,27.0,0.0,,0.0,0.82,,,0.0,0.94,0
2021-10-12,C54762,,25.8,0.0,,0.0,0.79,,,0.0,0.82,0
2021-10-13,C54762,,24.666666666666668,0.0,,0.0,0.79,,,0.0,0.79,0
2021-10-16,C54762,,27.0,0.0,,0.0,1.07,,,0.0,0.79,0
2021-10-17,C54762,,27.0,0.0,,0.0,0.71,,,0.0,1.07,0
2021-10-18,C54762,,26.333333333333332,0.0,,0.0,0.76,,,0.0,0.71,0
2021-10-19,C54762,,27.5,0.0,,0.0,0.87,,,0.0,0.76,0
2021-10-20,C54762,,28.0,0.0,,0.0,0.81,,,0.0,0.87,0
2021-10-21,C54762,,27.5,0.0,,0.0,0.95,,,0.0,0.81,0
2021-10-22,C54762,,27.25,0.0,,0.0,0.78,,,0.0,0.95,0
2021-10-23,C54762,,28.0,0.0,,0.0,0.93,,,0.0,0.78,0
2021-10-24,C54762,,27.5,0.0,,0.0,1.86,,,0.0,0.93,0
2021-10-28,C54762,,29.0,0.0,,0.0,1.4,,,0.0,1.86,0
2021-11-03,C54762,,27.0,0.0,,0.0,,,,0.0,1.4,0
2021-11-04,C54762,,26.5,0.0,,0.0,,,,0.0,,0
2021-11-05,C54762,,27.4,0.0,,0.0,,,,0.0,,0
2021-11-06,C54762,,27.0,0.0,,0.0,,,,0.0,,0
2021-11-07,C54762,,27.4,0.0,,0.0,,,,0.0,,0
2021-11-08,C54762,,26.75,0.0,,0.0,,,,0.0,,0
2021-11-09,C54762,,25.0,0.0,,0.0,,,,0.0,,0
2021-11-11,C54762,,27.0,0.0,,,,,,0.0,,0
2021-11-12,C54762,,26.166666666666668,0.0,,,,,,,,0
2021-11-13,C54762,,27.5,0.0,,0.0,,,,,,0
2021-11-14,C54762,,27.333333333333332,0.0,,0.0,,,,0.0,,0
2021-11-15,C54762,,26.75,0.0,,,,,,0.0,,0
2021-11-16,C54762,,25.0,0.0,,0.0,,,,,,0
2021-11-17,C54762,,26.0,0.0,,,,,,0.0,,0
2021-11-18,C54762,,25.5,0.0,,0.0,,,,,,0
2021-11-21,C54762,,26.5,0.0,,0.0,,,,0.0,,0
2021-11-22,C54762,,24.0,0.0,,0.0,,,,0.0,,0
2021-11-24,C54762,,27.0,0.0,,0.0,,,,0.0,,0
2021-11-26,C54762,,23.0,0.0,,0.0,,,,0.0,,0
2021-11-27,C54762,,25.0,0.0,,0.0,,,,0.0,,0
2021-11-28,C54762,,24.666666666666668,0.0,,0.0,,,,0.0,,0
2021-11-29,C54762,,25.0,0.0,,0.0,,,,0.0,,0
2021-11-30,C54762,,26.0,0.0,,0.0,,,,0.0,,0
2021-12-01,C54762,,26.0,0.0,,0.0,,,,0.0,,0
2021-12-02,C54762,,22.0,0.0,,0.0,,,,0.0,,0
2021-12-03,C54762,,24.5,0.0,,0.0,,,,0.0,,0
2021-12-04,C54762,,25.0,0.0,,0.0,,,,0.0,,0
2021-12-05,C54762,,25.0,0.0,,0.0,,,,0.0,,0
2021-12-06,C54762,,24.714285714285715,0.0,,0.0,,,,0.0,,0
2021-12-07,C54762,,24.0,0.0,,0.0,,,,0.0,,0
2021-12-08,C54762,,24.0,0.0,,0.0,,,,0.0,,0
2021-12-09,C54762,,24.571428571428573,0.0,,0.0,,,,0.0,,0
2021-12-10,C54762,,24.0,0.0,,0.0,,,,0.0,,0
2021-12-11,C54762,,24.6,0.0,,0.0,,,,0.0,,0
2021-12-12,C54762,,25.0,0.0,,0.0,,,,0.0,,0
2021-12-13,C54762,,23.666666666666668,0.0,,0.0,,,,0.0,,0
2021-12-14,C54762,,20.77777777777778,0.0,,0.0,,,,0.0,,0
2021-12-15,C54762,,20.166666666666668,0.0,,0.0,,,,0.0,,0
2021-12-16,C54762,,19.25,0.0,,0.0,,,,0.0,,0
2021-12-17,C54762,,19.166666666666668,0.0,,0.0,,,,0.0,,0
2021-12-18,C54762,,19.75,0.0,,0.0,,,,0.0,,0
2021-12-19,C54762,,19.833333333333332,0.0,,0.0,,,,0.0,,0
2021-12-20,C54762,,19.833333333333332,0.0,,0.0,,,,0.0,,0
2021-12-21,C54762,,18.75,0.0,,0.0,,,,0.0,,0
2021-12-22,C54762,,17.75,0.0,,0.0,,,,0.0,,0
2021-12-23,C54762,,18.46153846153846,0.0,,0.0,,,,0.0,,0
2021-12-24,C54762,,18.285714285714285,0.0,,,,,,0.0,,0
2021-12-25,C54762,,18.19047619047619,0.0,,,,,,,,0
2021-12-26,C54762,,17.5,0.0,,,,,,,,0
2021-12-27,C54762,,18.352941176470587,0.0,,,,,,,,0
2021-12-28,C54762,,18.782608695652176,0.0,,,,,,,,0
2021-12-29,C54762,,19.041666666666668,0.0,,,,,,,,0
2021-12-30,C54762,,19.434782608695652,0.0,,,,,,,,0
2021-12-31,C54762,,20.041666666666668,0.0,,,,,,,,0
2022-01-01,C54762,,20.208333333333332,0.0,,,,,,,,0
2022-01-02,C54762,,20.130434782608695,0.0,,,,,,,,0
2022-01-03,C54762,,20.0,0.0,,,,,,,,0
2022-01-04,C54762,,19.565217391304348,0.0,,,,,,,,0
2022-01-05,C54762,,18.916666666666668,0.0,,,,,,,,0
2022-01-06,C54762,,16.541666666666668,0.0,,,,,,,,0
2022-01-07,C54762,,16.958333333333332,0.0,,,,,,,,0
2022-01-08,C54762,,17.35,0.0,,,,,,,,0
2022-01-09,C54762,,17.666666666666668,0.0,,,,,,,,0
2022-01-10,C54762,,17.428571428571427,0.0,,,,,,,,0
2022-01-11,C54762,,17.40909090909091,0.0,,,,,,,,0
2022-01-12,C54762,,17.38888888888889,0.0,,,,,,,,0
2022-01-13,C54762,,17.666666666666668,0.0,,,,,,,,0
2022-01-14,C54762,,17.434782608695652,0.0,,,,,,,,0
2022-01-15,C54762,,17.708333333333332,0.0,,,,,,,,0
2022-01-16,C54762,,17.333333333333332,0.0,,,,,,,,0
2022-01-17,C54762,,17.40909090909091,0.0,,,,,,,,0
2022-01-18,C54762,,17.846153846153847,0.0,,,,,,,,0
2022-01-19,C54762,,17.77777777777778,0.0,,,,,,,,0
2022-01-20,C54762,,16.6875,0.0,,,,,,,,0
2022-01-21,C54762,,17.0,0.0,,,,,,,,0
2022-01-22,C54762,,17.25,0.0,,,,,,,,0
2022-01-23,C54762,,17.866666666666667,0.0,,,,,,,,0
2022-01-24,C54762,,17.8,0.0,,,,,,,,0
2022-01-25,C54762,,17.666666666666668,0.0,,,,,,,,0
2022-01-26,C54762,,18.0,0.0,,,,,,,,0
2022-01-27,C54762,,17.77777777777778,0.0,,,,,,,,0
2022-01-28,C54762,,17.866666666666667,0.0,,,,,,,,0
2022-01-29,C54762,,17.75,0.0,,,,,,,,0
2022-01-30,C54762,,17.75,0.0,,,,,,,,0
2022-02-01,C54762,,18.0,0.0,,,,,,,,0
2022-02-06,C54762,,18.0,0.0,,,,,,,,0
2022-02-07,C54762,,18.2,0.0,,,,,,,,0
2022-02-08,C54762,,18.4,0.0,,,,,,,,0
2022-02-09,C54762,,19.0,0.0,,,,,,,,0
2022-02-10,C54762,,18.846153846153847,0.0,,,,,,,,0
2022-02-11,C54762,,18.458333333333332,0.0,,,,,,,,0
2022-02-12,C54762,,17.94736842105263,0.0,,,,,,,,0
2022-02-13,C54762,,18.166666666666668,0.0,,,,,,,,0
2022-02-14,C54762,,18.875,0.0,,,,,,,,0
2022-02-15,C54762,,18.47826086956522,0.0,,,,,,,,0
2022-02-16,C54762,,18.958333333333332,0.0,,,,,,,,0
2022-02-17,C54762,,19.166666666666668,0.0,,,,,,,,0
2022-02-18,C54762,,19.0,0.0,,,,,,,,0
2022-02-19,C54762,,18.470588235294116,0.0,,,,,,,,0
2022-02-20,C54762,,18.91304347826087,0.0,,,,,,,,0
2022-02-21,C54762,,18.75,0.0,,,,,,,,0
2022-02-22,C54762,,18.52173913043478,0.0,,,,,,,,0
2022-02-23,C54762,,14.875,0.0,,,,,,,,0
2022-02-24,C54762,,18.473684210526315,0.0,,,,,,,,0
2022-02-25,C54762,,24.866666666666667,0.0,,,,,,,,0
2022-02-26,C54762,,24.217391304347824,0.0,,,,,,,,0
2022-02-27,C54762,,23.272727272727273,0.0,,,,,,,,0
2022-02-28,C54762,,22.8,0.0,,,,,,,,0
2022-03-01,C54762,,24.0,0.0,,,,,,,,0
2022-03-03,C54762,,24.0,0.0,,,,,,,,0
2022-03-04,C54762,,23.0,0.0,,,,,,,,0
2022-03-05,C54762,,24.0,0.0,,,,,,,,0
2022-03-07,C54762,,22.5,0.0,,,,,,,,0
2022-03-11,C54762,,24.0,0.0,,,,,,,,0
2022-03-12,C54762,,24.833333333333332,0.0,,,,,,,,0
2022-03-13,C54762,,25.0,0.0,,,,,,,,0
2022-03-14,C54762,,24.25,0.0,,,,,,,,0
2022-03-15,C54762,,25.0,0.0,,,,,,,,0
2022-03-16,C54762,,24.0,0.0,,,,,,,,0
2022-05-04,C54762,0.13309415502777777,24.923076923076923,0.2,0.0,,,,,,,0
2022-05-05,C54762,0.13246949256,20.4,0.0,0.0,,,0.13309415502777777,-0.000624662467777759,,,0
2022-05-06,C54762,0.1309723552222222,21.666666666666668,0.0,0.0,,,0.13246949256,-0.0014971373377778152,,,0
2022-05-07,C54762,0.12992618120833332,22.833333333333332,0.0,0.0,,,0.1309723552222222,-0.001046174013888873,,,0
2022-05-08,C54762,0.12938919527777779,21.833333333333332,0.0,0.0,,,0.12992618120833332,-0.0005369859305555391,,,0
2022-05-09,C54762,0.12972900779166666,24.833333333333332,0.0,0.0,,,0.12938919527777779,0.0003398125138888708,,,0
2022-05-10,C54762,0.12881765580555557,25.958333333333332,0.0,0.0,,,0.12972900779166666,-0.0009113519861110864,,,0
2022-05-11,C54762,0.12797931581944444,27.291666666666668,1.0,0.0,,,0.12881765580555557,-0.0008383399861111307,,,0
2022-05-12,C54762,0.12764408419444442,22.5,0.8,0.0,,,0.12797931581944444,-0.00033523162500001535,,,0
2022-05-13,C54762,0.12879418591666666,21.583333333333332,0.0,0.0,,,0.12764408419444442,0.001150101722222241,,,0
2022-05-14,C54762,0.12635947252777777,24.333333333333332,0.0,0.0,,,0.12879418591666666,-0.0024347133888888983,,,0
2022-05-15,C54762,0.12284810306944444,26.208333333333332,0.0,0.0,,,0.12635947252777777,-0.00351136945833333,,,0
2022-05-16,C54762,0.11781699179166667,25.583333333333332,0.0,0.0,,,0.12284810306944444,-0.005031111277777764,,,0
2022-05-17,C54762,0.11587089584722222,26.416666666666668,0.0,0.0,,,0.11781699179166667,-0.0019460959444444481,,,0
2022-05-18,C54762,0.10948129641666667,28.791666666666668,0.0,0.0,,,0.11587089584722222,-0.006389599430555559,,,0
2022-05-19,C54762,0.14085657790277778,26.375,22.6000004,0.0,,,0.10948129641666667,0.031375281486111115,,,0
2022-05-20,C54762,0.16935815069444446,22.875,7.6,0.0,,,0.14085657790277778,0.02850157279166668,,,0
2022-05-21,C54762,0.1765860256388889,21.541666666666668,0.0,0.0,,,0.16935815069444446,0.007227874944444435,,,0
2022-05-22,C54762,0.16650420076190478,25.666666666666668,0.0,0.0,,,0.1765860256388889,-0.010081824876984113,,,0
2022-05-23,C54762,0.1584448196388889,24.5,3.1999999999999997,0.0,,,0.16650420076190478,-0.00805938112301588,,,0
2022-05-24,C54762,0.15748182029166666,20.583333333333332,2.1999999999999997,0.0,,,0.1584448196388889,-0.0009629993472222431,,,0
2022-05-25,C54762,0.1543888216388889,20.958333333333332,0.0,0.0,,,0.15748182029166666,-0.003092998652777762,,,0
2022-05-26,C54762,0.14123763047222224,23.25,0.0,0.0,,,0.1543888216388889,-0.01315119116666666,,,0
2022-05-27,C54762,0.12355492063888888,21.833333333333332,0.6000000000000001,0.0,,,0.14123763047222224,-0.01768270983333335,,,0
2022-05-28,C54762,0.10612149630555556,19.416666666666668,0.0,0.0,,,0.12355492063888888,-0.017433424333333322,,,0
2022-05-29,C54762,0.0926512901388889,16.25,0.8,0.0,,,0.10612149630555556,-0.013470206166666665,,,0
2022-05-30,C54762,0.08550364633333334,18.458333333333332,0.0,0.0,,,0.0926512901388889,-0.007147643805555562,,,0
2022-05-31,C54762,0.07795921083950617,19.814814814814813,0.2,0.0,,,0.08550364633333334,-0.007544435493827162,,,0
2022-06-01,C54762,0.07257824448148148,17.25,2.2,0.0,,,0.07795921083950617,-0.005380966358024694,,,0
2022-06-02,C54762,,28.0,0.0,0.0,,,0.07257824448148148,,,,0
2022-06-03,C54762,,29.0,0.0,0.0,,,,,,,0
2022-06-04,C54762,,29.5,0.0,0.0,,,,,,,0
2022-06-07,C54762,,30.0,0.0,0.0,,,,,,,0
2022-06-08,C54762,,29.571428571428573,0.0,0.0,,,,,,,0
2022-06-09,C54762,,30.0,0.0,0.0,,,,,,,0
2022-06-10,C54762,,30.0,0.0,0.0,,,,,,,0
2022-06-14,C54762,,28.333333333333332,0.0,0.0,,,,,,,0
2022-06-15,C54762,,31.0,0.0,0.0,,,,,,,0
2022-06-16,C54762,,30.0,0.0,0.0,,,,,,,0
2022-06-17,C54762,,30.75,0.8,0.0,,,,,,,0
2022-06-18,C54762,,31.0,0.0,0.0,,,,,,,0
2022-06-19,C54762,,31.0,0.0,0.0,,,,,,,0
2022-06-20,C54762,,31.666666666666668,11.6,0.0,,,,,,,0
2022-06-21,C54762,,25.75,30.2,0.0,,,,,,,0
2022-06-24,C54762,,28.0,23.2000003,0.0,,,,,,,0
2022-06-25,C54762,,22.666666666666668,7.4,0.0,,,,,,,0
2022-06-26,C54762,,24.5,0.0,0.0,,,,,,,0
2022-06-27,C54762,0.13615698935555554,24.352941176470587,2.8,0.0,,,,,,,0
2022-06-28,C54762,0.13665031527777777,26.666666666666668,0.0,0.0,,,0.13615698935555554,0.0004933259222222319,,,0
2022-06-29,C54762,0.13477063545833332,29.083333333333332,0.0,0.0,,,0.13665031527777777,-0.001879679819444452,,,0
2022-06-30,C54762,0.13158519152777778,26.666666666666668,6.4,0.0,,,0.13477063545833332,-0.0031854439305555315,,,0
2022-07-01,C54762,0.13248430584722223,23.708333333333332,0.0,0.0,,,0.13158519152777778,0.0008991143194444495,,,0
2022-07-02,C54762,0.13232450180555555,27.458333333333332,0.0,0.0,,,0.13248430584722223,-0.0001598040416666835,,,0
2022-07-03,C54762,0.12938801186111112,26.583333333333332,0.0,0.0,,,0.13232450180555555,-0.002936489944444426,,,0
2022-07-04,C54762,0.12641600440277778,26.791666666666668,0.0,0.0,,,0.12938801186111112,-0.0029720074583333422,,,0
2022-07-05,C54762,0.122954820875,26.25,0.0,0.0,,,0.12641600440277778,-0.0034611835277777864,,,0
2022-07-06,C54762,0.12019667815942028,24.782608695652176,0.0,0.0,,,0.122954820875,-0.0027581427155797117,,,0
2022-07-07,C54762,0.11757108677777778,24.25,1.2,0.0,,,0.12019667815942028,-0.002625591381642506,,,0
2022-07-08,C54762,0.11546869613888888,26.583333333333332,0.0,0.0,,,0.11757108677777778,-0.0021023906388888958,,,0
2022-07-09,C54762,0.11332484315277778,26.625,0.0,0.0,,,0.11546869613888888,-0.002143852986111097,,,0
2022-07-10,C54762,0.11166495493055556,23.375,0.0,0.0,,,0.11332484315277778,-0.001659888222222225,,,0
2022-07-11,C54762,0.10971930080555554,24.166666666666668,0.0,0.0,,,0.11166495493055556,-0.0019456541250000153,,,0
2022-07-12,C54762,0.18039414491666664,28.125,26.799999999999997,0.0,,,0.10971930080555554,0.0706748441111111,,,0
2022-07-13,C54762,0.19805036016666666,29.666666666666668,0.0,0.0,,,0.18039414491666664,0.017656215250000024,,,0
2022-07-14,C54762,0.18126507858333332,26.625,0.0,0.0,,,0.19805036016666666,-0.01678528158333334,,,0
2022-07-15,C54762,0.16931380505555557,25.375,0.0,0.0,,,0.18126507858333332,-0.01195127352777775,,,0
2022-07-16,C54762,0.15942557530303028,25.727272727272727,0.0,0.0,,,0.16931380505555557,-0.00988822975252529,,,0
2022-07-17,C54762,0.1507941501388889,26.958333333333332,0.0,0.0,,,0.15942557530303028,-0.008631425164141393,,,0
2022-07-18,C54762,0.1387868903611111,31.583333333333332,0.0,0.0,,,0.1507941501388889,-0.012007259777777779,,,0
2022-07-19,C54762,0.12274958378666666,34.72,0.0,0.0,,,0.1387868903611111,-0.01603730657444445,,,0
2022-07-20,C54762,0.11106945415277779,30.666666666666668,0.0,0.0,,,0.12274958378666666,-0.01168012963388887,,,0
2022-07-21,C54762,0.11032018541666666,23.875,7.8000004,0.0,,,0.11106945415277779,-0.0007492687361111278,,,0
2022-07-22,C54762,0.11670262590277779,26.416666666666668,0.0,0.0,,,0.11032018541666666,0.006382440486111127,,,0
2022-07-23,C54762,0.11457720268055556,27.75,0.2,0.0,,,0.11670262590277779,-0.002125423222222228,,,0
2022-07-24,C54762,0.10832741777777777,30.458333333333332,0.0,0.0,,,0.11457720268055556,-0.006249784902777791,,,0
2022-07-25,C54762,0.10120396012499999,28.375,0.0,0.0,,,0.10832741777777777,-0.007123457652777776,,,0
2022-07-26,C54762,0.09819058423611111,24.833333333333332,0.2,0.0,,,0.10120396012499999,-0.003013375888888878,,,0
2022-07-27,C54762,0.09757163915277778,24.083333333333332,0.0,0.0,,,0.09819058423611111,-0.000618945083333336,,,0
2022-07-28,C54762,0.09587010231944444,25.291666666666668,0.0,0.0,,,0.09757163915277778,-0.0017015368333333364,,,0
2022-07-29,C54762,0.093444605,27.0,1.2,0.0,,,0.09587010231944444,-0.002425497319444442,,,0
2022-07-30,C54762,0.090926152375,26.833333333333332,0.0,0.0,,,0.093444605,-0.0025184526250000006,,,0
2022-07-31,C54762,0.08818462427777779,27.333333333333332,0.0,0.0,,,0.090926152375,-0.0027415280972222095,,,0
2022-08-01,C54762,0.0867568832638889,27.666666666666668,1.5999999999999999,0.0,,,0.08818462427777779,-0.0014277410138888863,,,0
2022-08-02,C54762,0.08542001231944445,27.833333333333332,0.0,0.0,,,0.0867568832638889,-0.001336870944444457,,,0
2022-08-03,C54762,0.08243119491666666,31.291666666666668,0.0,0.0,,,0.08542001231944445,-0.002988817402777788,,,0
2022-08-04,C54762,0.07942649638888889,30.208333333333332,1.6,0.0,,,0.08243119491666666,-0.003004698527777766,,,0
2022-08-05,C54762,0.07743828213888888,25.083333333333332,4.8000001,0.0,,,0.07942649638888889,-0.001988214250000009,,,0
2022-08-06,C54762,0.07961270886111112,22.708333333333332,0.0,0.0,,,0.07743828213888888,0.0021744267222222335,,,0
2022-08-07,C54762,0.08054230280555556,24.458333333333332,0.0,0.0,,,0.07961270886111112,0.0009295939444444457,,,0
2022-08-08,C54762,0.07952685798484849,25.136363636363637,0.0,0.0,,,0.08054230280555556,-0.001015444820707076,,,0
2022-08-09,C54762,0.077276087625,26.916666666666668,0.0,0.0,,,0.07952685798484849,-0.0022507703598484835,,,0
2022-08-10,C54762,0.07460172648611112,28.958333333333332,0.0,0.0,,,0.077276087625,-0.0026743611388888866,,,0
2022-08-11,C54762,0.0715863367361111,29.083333333333332,0.0,0.0,,,0.07460172648611112,-0.0030153897500000137,,,0
2022-08-12,C54762,0.06874201858333333,29.291666666666668,0.0,0.0,,,0.0715863367361111,-0.002844318152777775,,,0
2022-08-13,C54762,0.06621651386111112,29.333333333333332,0.0,0.0,,,0.06874201858333333,-0.0025255047222222105,,,0
2022-08-14,C54762,0.0643285892173913,29.434782608695652,0.0,0.0,,,0.06621651386111112,-0.0018879246437198127,,,0
2022-08-15,C54762,0.06285936565277778,27.291666666666668,0.0,0.0,,,0.0643285892173913,-0.0014692235646135282,,,0
2022-08-16,C54762,0.06197616511111111,29.291666666666668,9.6,0.0,,,0.06285936565277778,-0.0008832005416666636,,,0
2022-08-17,C54762,0.06495148390277777,24.875,3.2,0.0,,,0.06197616511111111,0.0029753187916666604,,,0
2022-08-18,C54762,0.08432817010256409,23.0,4.4,0.0,,,0.06495148390277777,0.019376686199786317,,,0
2022-08-19,C54762,,9.083333333333334,0.0,0.0,,,0.08432817010256409,,,,0
2022-02-22,C54986,,17.8,0.0,,,0.88,,,,,0
2022-02-23,C54986,,14.6,0.0,,,1.2,,,,0.88,0
2022-02-24,C54986,,19.391304347826086,0.0,,,1.25,,,,1.2,0
2022-02-25,C54986,,22.75,0.0,,,0.99,,,,1.25,0
2022-02-26,C54986,,21.75,0.0,,,0.82,,,,0.99,0
2022-02-27,C54986,,20.833333333333332,0.0,,,1.39,,,,0.82,0
2022-02-28,C54986,,22.166666666666668,0.0,,,1.38,,,,1.39,0
2022-03-01,C54986,,23.0,0.0,,,0.99,,,,1.38,0
2022-03-02,C54986,,22.41176470588235,0.0,,,1.21,,,,0.99,0
2022-03-03,C54986,,19.333333333333332,0.0,,,1.29,,,,1.21,0
2022-03-04,C54986,,18.833333333333332,0.0,,,1.25,,,,1.29,0
2022-03-05,C54986,,18.5,0.0,,,1.23,,,,1.25,0
2022-03-06,C54986,,18.0,0.0,,,1.3,,,,1.23,0
2022-03-07,C54986,,17.9,0.0,,,1.49,,,,1.3,0
2022-03-08,C54986,,17.642857142857142,0.0,,,1.78,,,,1.49,0
2022-03-09,C54986,,17.833333333333332,0.0,,,1.75,,,,1.78,0
2022-03-10,C54986,,18.470588235294116,0.0,,,2.03,,,,1.75,0
2022-03-11,C54986,,18.5,0.0,,,2.49,,,,2.03,0
2022-03-12,C54986,,19.285714285714285,0.0,,,1.7,,,,2.49,0
2022-03-13,C54986,,19.666666666666668,0.0,,,2.13,,,,1.7,0
2022-03-14,C54986,,20.15,0.0,,,1.43,,,,2.13,0
2022-03-15,C54986,,19.842105263157894,0.0,,,1.13,,,,1.43,0
2022-03-16,C54986,,19.6,0.0,,,0.95,,,,1.13,0
2022-03-17,C54986,,19.8,0.0,,,1.44,,,,0.95,0
2022-03-18,C54986,,19.6875,0.0,,,1.63,,,,1.44,0
2022-03-19,C54986,,19.75,0.0,,,2.98,,,,1.63,0
2022-03-20,C54986,,19.41176470588235,0.0,,,1.13,,,,2.98,0
2022-03-21,C54986,,19.4,0.0,,,1.58,,,,1.13,0
2022-03-22,C54986,,20.0,0.0,,,2.01,,,,1.58,0
2022-03-23,C54986,,19.9375,0.0,,,1.94,,,,2.01,0
2022-03-24,C54986,,19.57894736842105,0.0,,,2.0,,,,1.94,0
2022-03-25,C54986,,19.333333333333332,0.0,,,2.11,,,,2.0,0
2022-03-26,C54986,,19.153846153846153,0.0,,,2.36,,,,2.11,0
2022-03-27,C54986,,19.263157894736842,0.0,,,1.36,,,,2.36,0
2022-03-28,C54986,,19.266666666666666,0.0,,,1.69,,,,1.36,0
2022-03-29,C54986,,19.083333333333332,0.0,,,1.51,,,,1.69,0
2022-03-30,C54986,,18.933333333333334,0.0,,,1.76,,,,1.51,0
2022-03-31,C54986,,18.0,0.0,,,1.27,,,,1.76,0
2022-04-01,C54986,,17.0,0.0,0.0,2.83,0.83,,,,1.27,0
2022-04-02,C54986,,16.1,0.0,0.0,0.0,1.88,,,2.83,0.83,0
2022-04-03,C54986,,15.55,0.0,0.0,0.0,1.38,,,0.0,1.88,0
2022-04-04,C54986,,15.25,0.0,0.0,4.54,0.81,,,0.0,1.38,0
2022-04-05,C54986,,16.7,0.0,0.0,9.77,1.04,,,4.54,0.81,0
2022-04-06,C54986,,17.0,0.0,0.0,3.11,1.26,,,9.77,1.04,0
2022-04-07,C54986,,17.285714285714285,0.0,0.0,13.42,2.43,,,3.11,1.26,0
2022-04-08,C54986,,17.066666666666666,0.0,0.0,,1.14,,,13.42,2.43,0
2022-04-09,C54986,,16.625,0.0,0.0,0.02,2.11,,,,1.14,0
2022-04-10,C54986,,16.727272727272727,0.0,0.0,,1.93,,,0.02,2.11,0
2022-04-11,C54986,,16.5,0.0,0.0,,3.13,,,,1.93,0
2022-04-12,C54986,,18.4,0.0,0.0,,2.97,,,,3.13,0
2022-04-13,C54986,,19.555555555555557,0.0,0.0,0.04,1.41,,,,2.97,0
2022-04-14,C54986,,19.5,0.0,0.0,,1.99,,,0.04,1.41,0
2022-04-15,C54986,,19.5,0.0,0.0,,2.37,,,,1.99,0
2022-04-16,C54986,,19.75,0.0,0.0,,3.08,,,,2.37,0
2022-04-17,C54986,0.04963596513877895,20.166666666666668,0.0,0.0,,3.46,,,,3.08,0
2022-04-18,C54986,,20.22222222222222,0.0,0.0,,3.22,0.04963596513877895,,,3.46,0
2022-04-19,C54986,,21.0,0.0,0.0,,2.52,,,,3.22,0
2022-04-20,C54986,0.0817090518576999,20.25,0.0,0.0,,3.89,,,,2.52,0
2022-04-21,C54986,0.0687564378627003,20.4,0.0,0.0,,3.71,0.0817090518576999,-0.012952613994999598,,3.89,0
2022-04-22,C54986,0.0725832468098617,20.666666666666668,0.0,0.0,,2.77,0.0687564378627003,0.003826808947161392,,3.71,0
2022-04-23,C54986,,20.681818181818183,0.0,0.0,,3.82,0.0725832468098617,,,2.77,0
2022-04-24,C54986,,20.82608695652174,0.0,0.0,,4.15,,,,3.82,0
2022-04-25,C54986,,20.40909090909091,0.0,0.0,9.22,1.63,,,,4.15,0
2022-04-26,C54986,,20.045454545454547,0.0,0.0,,2.83,,,9.22,1.63,0
2022-04-27,C54986,,19.652173913043477,0.0,0.0,,2.77,,,,2.83,0
2022-04-28,C54986,,19.416666666666668,0.0,0.0,,3.34,,,,2.77,0
2022-04-29,C54986,,19.875,0.0,0.0,,2.45,,,,3.34,0
2022-04-30,C54986,,20.0,0.0,0.0,,2.32,,,,2.45,0
2022-05-01,C54986,,19.333333333333332,0.0,0.0,0.0,2.57,,,,2.32,0
2022-05-02,C54986,,19.75,0.0,0.0,0.0,3.29,,,0.0,2.57,0
2022-05-03,C54986,,20.166666666666668,0.0,0.0,0.0,2.7,,,0.0,3.29,0
2022-05-04,C54986,,20.0,0.0,0.0,0.0,2.72,,,0.0,2.7,0
2022-05-05,C54986,,20.125,0.0,0.0,2.0,2.04,,,0.0,2.72,0
2022-05-06,C54986,,20.2,0.0,0.0,0.0,3.39,,,2.0,2.04,0
2022-05-07,C54986,,21.5,0.0,0.0,0.0,2.99,,,0.0,3.39,0
2022-05-08,C54986,,22.0,0.0,0.0,0.0,4.06,,,0.0,2.99,0
2022-05-09,C54986,,22.142857142857142,0.0,0.0,0.0,3.89,,,0.0,4.06,0
2022-05-10,C54986,,22.0,0.0,0.0,0.0,3.86,,,0.0,3.89,0
2022-05-11,C54986,,23.0,0.0,0.0,0.0,4.83,,,0.0,3.86,0
2022-05-12,C54986,0.19953418080791915,23.27777777777778,0.0,0.0,0.0,3.9,,,0.0,4.83,0
2022-05-13,C54986,0.19922361052526652,19.333333333333332,0.0,0.0,0.0,3.66,0.19953418080791915,-0.00031057028265263353,0.0,3.9,0
2022-05-14,C54986,0.19892819129741993,21.583333333333332,0.0,0.0,0.0,4.14,0.19922361052526652,-0.0002954192278465939,0.0,3.66,0
2022-05-15,C54986,0.1985397735054304,25.333333333333332,0.0,0.0,0.0,4.83,0.19892819129741993,-0.0003884177919895315,0.0,4.14,0
2022-05-16,C54986,0.19793615808194417,24.0,0.0,0.0,0.0,4.12,0.1985397735054304,-0.0006036154234862201,0.0,4.83,0
2022-05-17,C54986,0.19748145602052586,27.217391304347824,0.0,0.0,0.01,4.74,0.19793615808194417,-0.00045470206141831615,0.0,4.12,0
2022-05-18,C54986,0.19672776229384423,26.791666666666668,0.0,0.0,1.0,4.79,0.19748145602052586,-0.0007536937266816313,0.01,4.74,0
2022-05-19,C54986,0.19592071542919096,23.0,0.0,0.0,13.0,2.71,0.19672776229384423,-0.0008070468646532714,1.0,4.79,0
2022-05-20,C54986,0.19732302215472527,18.541666666666668,0.0,0.0,6.0,1.93,0.19592071542919096,0.0014023067255343191,13.0,2.71,0
2022-05-21,C54986,0.1988306094308859,19.625,0.0,0.0,0.0,3.83,0.19732302215472527,0.0015075872761606268,6.0,1.93,0
2022-05-22,C54986,0.19858207299759792,22.166666666666668,0.0,0.0,0.0,3.9,0.1988306094308859,-0.00024853643328798247,0.0,3.83,0
2022-05-23,C54986,0.1980848958790783,20.0,0.0,0.0,7.0,1.67,0.19858207299759792,-0.0004971771185196261,0.0,3.9,0
2022-05-24,C54986,0.19928851597934638,18.375,0.0,0.0,4.0,3.15,0.1980848958790783,0.001203620100268088,7.0,1.67,0
2022-05-25,C54986,0.1998533408826251,17.958333333333332,0.0,0.0,0.0,3.09,0.19928851597934638,0.0005648249032787211,4.0,3.15,0
2022-05-26,C54986,0.19940442266945366,20.541666666666668,0.0,0.0,0.0,3.35,0.1998533408826251,-0.0004489182131714453,0.0,3.09,0
2022-05-27,C54986,0.19843177292758063,20.791666666666668,0.0,0.0,0.0,4.08,0.19940442266945366,-0.0009726497418730273,0.0,3.35,0
2022-05-28,C54986,0.19749024188879163,17.708333333333332,0.0,0.0,0.0,3.38,0.19843177292758063,-0.0009415310387889952,0.0,4.08,0
2022-05-29,C54986,0.19690295033807895,15.833333333333334,0.0,0.0,2.0,2.57,0.19749024188879163,-0.0005872915507126875,0.0,3.38,0
2022-05-30,C54986,0.19672186005625014,16.041666666666668,0.0,0.0,0.0,2.12,0.19690295033807895,-0.00018109028182880516,2.0,2.57,0
2022-05-31,C54986,0.1962778370016561,18.041666666666668,0.0,0.0,1.0,2.83,0.19672186005625014,-0.00044402305459403935,0.0,2.12,0
2022-06-01,C54986,0.1957348556072929,18.208333333333332,0.0,0.0,0.0,3.51,0.1962778370016561,-0.0005429813943632067,1.0,2.83,0
2022-06-02,C54986,0.19511387702375746,20.384615384615383,0.0,0.0,0.0,4.08,0.1957348556072929,-0.0006209785835354364,0.0,3.51,0
2022-06-03,C54986,0.194216157867759,24.791666666666668,0.0,0.0,0.0,4.9,0.19511387702375746,-0.0008977191559984554,0.0,4.08,0
2022-06-04,C54986,0.19323005579057662,25.875,0.0,0.0,0.0,5.15,0.194216157867759,-0.000986102077182388,0.0,4.9,0
2022-06-05,C54986,0.21611938395415806,20.833333333333332,0.0,0.0,40.0,1.49,0.19323005579057662,0.02288932816358144,0.0,5.15,0
2022-06-06,C54986,0.22028645515277445,19.5,0.0,0.0,0.0,2.67,0.21611938395415806,0.0041670711986163955,40.0,1.49,0
2022-06-07,C54986,0.211892557804956,19.5,0.0,0.0,1.0,2.74,0.22028645515277445,-0.008393897347818452,0.0,2.67,0
2022-06-08,C54986,0.2127144584025785,19.291666666666668,0.0,0.0,12.0,1.98,0.211892557804956,0.0008219005976224936,1.0,2.74,0
2022-06-09,C54986,0.21401207391317978,20.625,0.0,0.0,0.12,3.79,0.2127144584025785,0.0012976155106012854,12.0,1.98,0
2022-06-10,C54986,0.2081900567783785,23.25,0.0,0.0,0.0,3.48,0.21401207391317978,-0.005822017134801266,0.12,3.79,0
2022-06-11,C54986,0.20405366722086607,24.125,0.0,0.0,0.0,4.8,0.2081900567783785,-0.004136389557512443,0.0,3.48,0
2022-06-12,C54986,0.20004676167813792,21.625,0.0,0.0,0.03,4.59,0.20405366722086607,-0.004006905542728145,0.0,4.8,0
2022-06-13,C54986,0.19686388209098668,21.208333333333332,0.0,0.0,0.0,4.31,0.20004676167813792,-0.003182879587151244,0.03,4.59,0
2022-06-14,C54986,0.1942359180293228,22.583333333333332,0.0,0.0,0.06,4.54,0.19686388209098668,-0.002627964061663879,0.0,4.31,0
2022-06-15,C54986,0.1915461739670373,24.875,0.0,0.0,0.0,4.83,0.1942359180293228,-0.002689744062285504,0.06,4.54,0
2022-06-16,C54986,0.18918682074227364,26.458333333333332,0.0,0.0,0.09,4.88,0.1915461739670373,-0.0023593532247636606,0.0,4.83,0
2022-06-17,C54986,0.18643316440304006,29.708333333333332,0.0,0.0,0.0,6.03,0.18918682074227364,-0.002753656339233579,0.09,4.88,0
2022-06-18,C54986,0.18344213815070945,29.708333333333332,0.0,0.0,0.01,5.79,0.18643316440304006,-0.0029910262523306086,0.0,6.03,0
2022-06-19,C54986,0.18370009196125478,20.166666666666668,0.0,0.0,2.6,2.64,0.18344213815070945,0.0002579538105453305,0.01,5.79,0
2022-06-20,C54986,0.1853571030220633,21.708333333333332,0.0,10.0,0.29,4.23,0.18370009196125478,0.001657011060808511,2.6,2.64,1
2022-06-21,C54986,0.18692844330758526,21.208333333333332,0.0,0.0,0.0,3.16,0.1853571030220633,0.0015713402855219716,0.29,4.23,0
2022-06-22,C54986,0.18959133994447108,24.958333333333332,0.0,10.0,0.0,5.08,0.18692844330758526,0.00266289663688582,0.0,3.16,1
2022-06-23,C54986,0.1915251292761798,28.958333333333332,0.0,0.0,0.05,5.55,0.18959133994447108,0.0019337893317087074,0.0,5.08,0
2022-06-24,C54986,0.1925511900421999,24.583333333333332,0.0,10.0,5.8,3.11,0.1915251292761798,0.0010260607660201038,0.05,5.55,1
2022-06-25,C54986,0.1950521172383399,21.958333333333332,0.0,0.0,1.2,2.19,0.1925511900421999,0.002500927196140007,5.8,3.11,0
2022-06-26,C54986,0.19266089301059786,22.833333333333332,0.0,0.0,0.02,3.6,0.1950521172383399,-0.002391224227742045,1.2,2.19,0
2022-06-27,C54986,0.19052052755521073,21.083333333333332,0.0,0.0,2.2,2.56,0.19266089301059786,-0.002140365455387122,0.02,3.6,0
2022-06-28,C54986,0.1881333119782079,24.583333333333332,0.0,0.0,,4.59,0.19052052755521073,-0.0023872155770028325,2.2,2.56,0
2022-06-29,C54986,0.1846945640678439,25.625,0.0,10.0,0.02,4.87,0.1881333119782079,-0.0034387479103639984,,4.59,1
2022-06-30,C54986,0.18947627272739842,18.833333333333332,0.0,0.0,14.0,1.4,0.1846945640678439,0.004781708659554518,0.02,4.87,0
2022-07-01,C54986,0.19448315888101297,20.666666666666668,0.0,0.0,0.26,3.31,0.18947627272739842,0.005006886153614554,14.0,1.4,0
2022-07-02,C54986,0.1912169007719453,23.125,0.0,0.0,0.04,4.58,0.19448315888101297,-0.0032662581090676657,0.26,3.31,0
2022-07-03,C54986,0.18803846187490172,22.291666666666668,0.0,0.0,0.0,3.78,0.1912169007719453,-0.003178438897043584,0.04,4.58,0
2022-07-04,C54986,0.18621674800000879,22.625,0.0,10.0,0.06,3.84,0.18803846187490172,-0.0018217138748929385,0.0,3.78,1
2022-07-05,C54986,0.18765549311036878,22.041666666666668,0.0,0.0,0.03,4.01,0.18621674800000879,0.0014387451103599902,0.06,3.84,0
2022-07-06,C54986,0.18721558653397943,22.083333333333332,0.0,10.0,0.0,3.49,0.18765549311036878,-0.00043990657638934283,0.03,4.01,1
2022-07-07,C54986,0.18921356551539603,21.666666666666668,0.0,0.0,0.29,2.99,0.18721558653397943,0.0019979789814165982,0.0,3.49,0
2022-07-08,C54986,0.18716667333547546,23.166666666666668,0.0,10.0,0.04,4.11,0.18921356551539603,-0.002046892179920573,0.29,2.99,1
2022-07-09,C54986,0.18984470640826004,22.625,0.0,0.0,0.01,3.73,0.18716667333547546,0.0026780330727845802,0.04,4.11,0
2022-07-10,C54986,0.18563591356247267,23.416666666666668,0.0,0.0,0.0,4.11,0.18984470640826004,-0.0042087928457873736,0.01,3.73,0
2022-07-11,C54986,0.18108690449642798,25.625,0.0,10.0,0.02,4.6,0.18563591356247267,-0.00454900906604469,0.0,4.11,1
2022-07-12,C54986,0.17785989664920723,27.416666666666668,0.0,0.0,0.0,4.3,0.18108690449642798,-0.003227007847220742,0.02,4.6,0
2022-07-13,C54986,0.17757757730518428,28.375,0.0,10.0,0.0,5.19,0.17785989664920723,-0.0002823193440229521,0.0,4.3,1
2022-07-14,C54986,0.17705037938706925,25.75,0.0,0.0,1.58,4.43,0.17757757730518428,-0.0005271979181150355,0.0,5.19,0
2022-07-15,C54986,0.17684215483685092,23.0,0.0,10.0,0.01,3.95,0.17705037938706925,-0.0002082245502183222,1.58,4.43,1
2022-07-16,C54986,0.17871839192866376,23.75,0.0,0.0,0.0,4.73,0.17684215483685092,0.001876237091812838,0.01,3.95,0
2022-07-17,C54986,0.17449345425750826,25.041666666666668,0.0,0.0,0.0,4.58,0.17871839192866376,-0.004224937671155504,0.0,4.73,0
2022-07-18,C54986,0.17163291253504753,29.875,0.0,15.0,0.04,5.13,0.17449345425750826,-0.0028605417224607244,0.0,4.58,1
2022-07-19,C54986,0.17115941633880602,33.625,0.0,0.0,0.0,6.95,0.17163291253504753,-0.00047349619624151296,0.04,5.13,0
2022-07-20,C54986,0.16859458726750484,25.375,0.0,0.0,1.0,2.7,0.17115941633880602,-0.002564829071301178,0.0,6.95,0
2022-07-21,C54986,0.1698315550622367,22.0,0.0,0.0,2.0,1.63,0.16859458726750484,0.0012369677947318691,1.0,2.7,0
2022-07-22,C54986,0.17094656524392207,22.291666666666668,0.0,15.0,0.0,2.55,0.1698315550622367,0.0011150101816853608,2.0,1.63,1
2022-07-23,C54986,0.17329827306283022,25.041666666666668,0.0,0.0,0.02,4.09,0.17094656524392207,0.002351707818908144,0.0,2.55,0
2022-07-24,C54986,0.16858719736369554,28.75,0.0,0.0,0.12,5.8,0.17329827306283022,-0.004711075699134676,0.02,4.09,0
2022-07-25,C54986,0.16637303338032433,24.25,0.0,10.0,0.0,3.91,0.16858719736369554,-0.002214163983371209,0.12,5.8,1
2022-07-26,C54986,0.18076275880027323,22.166666666666668,0.0,0.0,0.01,2.95,0.16637303338032433,0.014389725419948901,0.0,3.91,0
2022-07-27,C54986,0.1899965788683569,22.44,0.0,10.0,0.0,3.51,0.18076275880027323,0.009233820068083681,0.01,2.95,1
2022-07-28,C54986,0.17749127582821725,23.833333333333332,0.0,0.0,0.0,4.23,0.1899965788683569,-0.012505303040139665,0.0,3.51,0
2022-07-29,C54986,0.17097532551587866,25.166666666666668,0.0,10.0,0.0,4.11,0.17749127582821725,-0.006515950312338592,0.0,4.23,1
2022-07-30,C54986,0.16947804102721106,24.25,0.0,0.0,0.0,3.77,0.17097532551587866,-0.001497284488667594,0.0,4.11,0
2022-07-31,C54986,0.16690941966277184,24.958333333333332,0.0,0.0,0.39,3.41,0.16947804102721106,-0.002568621364439222,0.0,3.77,0
2022-08-01,C54986,0.1665191008159889,26.958333333333332,0.0,10.0,4.8,3.92,0.16690941966277184,-0.0003903188467829499,0.39,3.41,1
2022-08-02,C54986,0.16886944551335248,27.333333333333332,0.0,0.0,0.0,4.98,0.1665191008159889,0.0023503446973635878,4.8,3.92,0
2022-08-03,C54986,0.18729306023864048,29.416666666666668,0.0,10.0,0.0,5.19,0.16886944551335248,0.018423614725288,0.0,4.98,1
2022-08-04,C54986,0.19260082808922355,26.458333333333332,0.0,0.0,0.0,3.69,0.18729306023864048,0.005307767850583067,0.0,5.19,0
2022-08-05,C54986,0.19337642064215313,23.708333333333332,0.0,10.0,0.0,4.11,0.19260082808922355,0.0007755925529295826,0.0,3.69,1
2022-08-06,C54986,0.1946373260705757,21.083333333333332,0.0,0.0,0.16,3.69,0.19337642064215313,0.0012609054284225818,0.0,4.11,0
2022-08-07,C54986,0.18048750382151338,22.291666666666668,0.0,0.0,0.0,4.25,0.1946373260705757,-0.014149822249062333,0.16,3.69,0
2022-08-08,C54986,0.18496251212644566,23.541666666666668,0.0,10.0,0.04,4.07,0.18048750382151338,0.004475008304932276,0.0,4.25,1
2022-08-09,C54986,0.18799879531517893,26.208333333333332,0.0,0.0,0.0,4.8,0.18496251212644566,0.0030362831887332797,0.04,4.07,0
2022-08-10,C54986,0.1897287401143141,28.25,0.0,10.0,0.0,5.28,0.18799879531517893,0.001729944799135158,0.0,4.8,1
2022-08-11,C54986,0.1896626367900048,28.708333333333332,0.0,0.0,0.0,5.04,0.1897287401143141,-6.610332430928567e-05,0.0,5.28,0
2022-08-12,C54986,0.1890435031446709,29.0,0.0,15.0,0.0,5.31,0.1896626367900048,-0.0006191336453339191,0.0,5.04,1
2022-08-13,C54986,0.18843457504429942,29.083333333333332,0.0,0.0,0.02,5.15,0.1890435031446709,-0.0006089281003714697,0.0,5.31,0
2022-08-14,C54986,0.17319687282073656,27.875,0.0,0.0,0.04,4.35,0.18843457504429942,-0.015237702223562855,0.02,5.15,0
2022-08-15,C54986,0.16308194167045656,28.375,0.0,0.0,0.11,4.57,0.17319687282073656,-0.010114931150280004,0.04,4.35,0
2022-08-16,C54986,0.1586483749488377,27.041666666666668,0.0,0.0,0.0,3.51,0.16308194167045656,-0.004433566721618848,0.11,4.57,0
2022-08-17,C54986,,26.863636363636363,0.0,0.0,10.78,1.5,0.1586483749488377,,0.0,3.51,0
2022-08-18,C54986,,25.0,0.0,0.0,0.07,2.56,,,10.78,1.5,0
2022-08-24,C54986,,30.0,0.0,0.0,0.0,3.16,,,0.07,2.56,0
2022-09-21,C54986,,22.0,0.0,0.0,0.0,1.56,,,0.0,3.16,0
2022-09-22,C54986,,22.25,0.0,0.0,0.02,1.73,,,0.0,1.56,0
2022-09-23,C54986,,22.0,0.0,0.0,3.76,1.12,,,0.02,1.73,0
2022-09-24,C54986,,22.0,0.0,0.0,6.03,0.93,,,3.76,1.12,0
2022-09-25,C54986,,22.0,0.0,0.0,0.93,1.41,,,6.03,0.93,0
2022-09-26,C54986,,22.0,0.0,0.0,11.25,1.06,,,0.93,1.41,0
2023-01-11,C54986,,16.0,0.0,,,0.66,,,11.25,1.06,0
2023-01-12,C54986,,16.416666666666668,0.0,,,0.54,,,,0.66,0
2023-01-13,C54986,,16.6,0.0,,,1.14,,,,0.54,0
2023-01-14,C54986,,15.933333333333334,0.0,,,0.72,,,,1.14,0
2023-01-15,C54986,,15.363636363636363,0.0,,,0.79,,,,0.72,0
2023-01-16,C54986,,14.823529411764707,0.0,,,0.5,,,,0.79,0
2023-01-17,C54986,,14.866666666666667,0.0,,,0.13,,,,0.5,0
2023-01-18,C54986,,14.285714285714286,0.0,,,0.18,,,,0.13,0
2023-01-19,C54986,,14.538461538461538,0.0,,,0.15,,,,0.18,0
2023-01-20,C54986,,14.428571428571429,0.0,,,0.3,,,,0.15,0
2023-01-21,C54986,,14.235294117647058,0.0,,,0.15,,,,0.3,0
2023-01-22,C54986,,13.529411764705882,0.0,,,0.36,,,,0.15,0
2023-01-23,C54986,,13.789473684210526,0.0,,,0.39,,,,0.36,0
2023-01-24,C54986,,14.25,0.0,,,0.57,,,,0.39,0
2023-01-25,C54986,,14.5,0.0,,,0.36,,,,0.57,0
2023-01-26,C54986,,14.285714285714286,0.0,,,0.4,,,,0.36,0
2023-01-27,C54986,,15.0,0.0,,,0.81,,,,0.4,0
2023-01-28,C54986,,15.0,0.0,,,0.39,,,,0.81,0
2023-01-29,C54986,,14.125,0.0,,,0.5,,,,0.39,0
2023-01-30,C54986,,14.666666666666666,0.0,,,0.7,,,,0.5,0
2023-01-31,C54986,,15.142857142857142,0.0,,,0.46,,,,0.7,0
2023-02-01,C54986,,15.5,0.0,,,0.93,,,,0.46,0
2023-02-02,C54986,,17.0,0.0,,,0.93,,,,0.93,0
2023-02-03,C54986,,17.2,0.0,,,0.95,,,,0.93,0
2023-02-04,C54986,,17.0,0.0,,,0.43,,,,0.95,0
2023-02-05,C54986,,16.571428571428573,0.0,,,0.79,,,,0.43,0
2023-02-06,C54986,,16.5,0.0,,,0.28,,,,0.79,0
2023-02-07,C54986,,16.0,0.0,,,0.19,,,,0.28,0
2023-02-08,C54986,,16.444444444444443,0.0,,,0.31,,,,0.19,0
2023-02-09,C54986,,17.0,0.0,,,0.73,,,,0.31,0
2023-02-10,C54986,,17.0,0.0,,,0.38,,,,0.73,0
2023-02-11,C54986,,17.0,0.0,,,0.49,,,,0.38,0
2023-02-13,C54986,,17.6,0.0,,,0.42,,,,0.49,0
2023-02-14,C54986,,17.571428571428573,0.0,,,0.47,,,,0.42,0
2023-02-15,C54986,,17.5,0.0,,,0.58,,,,0.47,0
2023-02-16,C54986,,17.0,0.0,,,0.83,,,,0.58,0
2023-02-18,C54986,,19.0,0.0,,,0.88,,,,0.83,0
2023-02-20,C54986,,18.0,0.0,,,0.7,,,,0.88,0
2023-02-22,C54986,,18.0,0.0,,,0.44,,,,0.7,0
2023-02-24,C54986,,18.0,0.0,,,0.68,,,,0.44,0
2023-02-25,C54986,,18.0,0.0,,,1.06,,,,0.68,0
2023-02-26,C54986,,17.333333333333332,0.0,,,1.41,,,,1.06,0
2023-02-27,C54986,,17.555555555555557,0.0,,,1.18,,,,1.41,0
2023-02-28,C54986,,17.0,0.0,,,1.01,,,,1.18,0
2023-03-01,C54986,,18.0,0.0,,,1.18,,,,1.01,0
2023-03-02,C54986,,18.125,0.0,,,1.13,,,,1.18,0
2023-03-03,C54986,,17.916666666666668,0.0,,,0.84,,,,1.13,0
2023-03-04,C54986,,17.58823529411765,0.0,,,0.89,,,,0.84,0
2023-03-05,C54986,,16.933333333333334,0.0,,,0.58,,,,0.89,0
2023-03-06,C54986,,16.666666666666668,0.0,,,0.97,,,,0.58,0
2023-03-07,C54986,,16.88888888888889,0.0,,,0.49,,,,0.97,0
2023-03-08,C54986,,16.857142857142858,0.0,,,0.37,,,,0.49,0
2023-03-09,C54986,,16.4375,0.0,,,0.56,,,,0.37,0
2023-03-10,C54986,,16.833333333333332,0.0,,,0.71,,,,0.56,0
2023-03-11,C54986,,16.0,0.0,,,1.01,,,,0.71,0
2023-03-12,C54986,,15.75,0.0,,,1.26,,,,1.01,0
2023-03-13,C54986,,16.333333333333332,0.0,,,2.19,,,,1.26,0
2023-03-14,C54986,,17.0,0.0,,,0.95,,,,2.19,0
2023-03-15,C54986,,17.444444444444443,0.0,,,1.27,,,,0.95,0
2023-03-16,C54986,,17.0,0.0,,,2.42,,,,1.27,0
2023-03-17,C54986,,18.375,0.0,,,2.2,,,,2.42,0
2023-03-18,C54986,,19.0,0.0,,,1.38,,,,2.2,0
2023-03-19,C54986,,18.875,0.0,,,0.81,,,,1.38,0
2023-03-20,C54986,,18.428571428571427,0.0,,,1.08,,,,0.81,0
2023-03-21,C54986,,18.833333333333332,0.0,,,1.26,,,,1.08,0
2023-03-22,C54986,,18.666666666666668,0.0,,,1.24,,,,1.26,0
2023-03-23,C54986,,19.0,0.0,,,1.73,,,,1.24,0
2023-03-24,C54986,,19.0,0.0,,,1.79,,,,1.73,0
2023-03-25,C54986,,18.75,0.0,,,1.8,,,,1.79,0
2023-03-26,C54986,,19.0,0.0,,,1.06,,,,1.8,0
2023-03-27,C54986,,18.333333333333332,0.0,,,1.35,,,,1.06,0
2023-03-28,C54986,,17.9,0.0,,,1.21,,,,1.35,0
2023-03-29,C54986,,18.5,0.0,,,1.79,,,,1.21,0
2023-03-30,C54986,,19.2,0.0,,,2.37,,,,1.79,0
2023-03-31,C54986,,19.0,0.0,,,1.09,,,,2.37,0
2023-04-01,C54986,,18.5,0.0,0.0,,0.68,,,,1.09,0
2023-04-02,C54986,,18.166666666666668,0.0,0.0,,0.84,,,,0.68,0
2023-04-03,C54986,,18.181818181818183,0.0,0.0,,2.06,,,,0.84,0
2023-04-04,C54986,,18.285714285714285,0.0,0.0,,2.22,,,,2.06,0
2023-04-05,C54986,,18.363636363636363,0.0,0.0,,1.93,,,,2.22,0
2023-04-06,C54986,,18.4,0.0,0.0,,1.08,,,,1.93,0
2023-04-07,C54986,,18.916666666666668,0.0,0.0,,1.09,,,,1.08,0
2023-04-08,C54986,,18.916666666666668,0.0,0.0,,1.47,,,,1.09,0
2023-04-09,C54986,,19.4375,0.0,0.0,,2.01,,,,1.47,0
2023-04-10,C54986,,19.75,0.0,0.0,,1.75,,,,2.01,0
2023-04-11,C54986,,19.4,0.0,0.0,,2.28,,,,1.75,0
2023-04-12,C54986,,19.25,0.0,0.0,,2.1,,,,2.28,0
2023-04-13,C54986,,19.166666666666668,0.0,0.0,,2.53,,,,2.1,0
2023-04-14,C54986,,19.0,0.0,0.0,,2.31,,,,2.53,0
2023-04-15,C54986,,19.428571428571427,0.0,0.0,,2.61,,,,2.31,0
2023-04-16,C54986,,19.75,0.0,0.0,,1.5,,,,2.61,0
2023-04-17,C54986,,20.0,0.0,0.0,,1.58,,,,1.5,0
2023-04-18,C54986,,19.77777777777778,0.0,0.0,,2.42,,,,1.58,0
2023-04-19,C54986,,20.333333333333332,0.0,0.0,,3.37,,,,2.42,0
2023-04-20,C54986,,19.9,0.0,0.0,,1.86,,,,3.37,0
2023-04-21,C54986,,19.4,0.0,0.0,,2.51,,,,1.86,0
2023-04-22,C54986,,19.470588235294116,0.0,0.0,,1.08,,,,2.51,0
2023-04-23,C54986,,19.6,0.0,0.0,,1.62,,,,1.08,0
2023-04-24,C54986,,20.0,0.0,0.0,,2.07,,,,1.62,0
2023-04-25,C54986,,19.333333333333332,0.0,0.0,,2.24,,,,2.07,0
2023-04-26,C54986,,19.5,0.0,0.0,,2.19,,,,2.24,0
2023-04-27,C54986,,19.714285714285715,0.0,0.0,,2.56,,,,2.19,0
2023-04-28,C54986,,20.0,0.0,0.0,,1.23,,,,2.56,0
2023-04-29,C54986,,20.153846153846153,0.0,0.0,,1.85,,,,1.23,0
2023-04-30,C54986,,20.545454545454547,0.0,0.0,,3.0,,,,1.85,0
2023-05-01,C54986,,21.083333333333332,0.0,0.0,0.09,2.51,,,,3.0,0
2023-05-02,C54986,,21.0,0.0,0.0,0.0,2.84,,,0.09,2.51,0
2023-05-03,C54986,,20.5,0.0,0.0,0.0,3.38,,,0.0,2.84,0
2023-05-04,C54986,,21.25,0.0,0.0,4.37,4.1,,,0.0,3.38,0
2023-05-05,C54986,,22.1,0.0,0.0,3.11,2.5,,,4.37,4.1,0
2023-05-06,C54986,,21.833333333333332,0.0,0.0,0.0,2.39,,,3.11,2.5,0
2023-05-07,C54986,,21.857142857142858,0.0,0.0,6.48,1.52,,,0.0,2.39,0
2023-05-08,C54986,,21.833333333333332,0.0,0.0,0.03,1.31,,,6.48,1.52,0
2023-05-09,C54986,,21.5,0.0,0.0,16.01,1.05,,,0.03,1.31,0
2023-05-10,C54986,,21.0,0.0,0.0,1.18,1.47,,,16.01,1.05,0
2023-05-11,C54986,,21.1,0.0,0.0,9.27,2.06,,,1.18,1.47,0
2023-05-12,C54986,,21.25,0.0,0.0,10.49,1.6,,,9.27,2.06,0
2023-05-13,C54986,,21.166666666666668,0.0,0.0,0.0,3.47,,,10.49,1.6,0
2023-05-14,C54986,,21.2,0.0,0.0,0.0,2.84,,,0.0,3.47,0
2023-05-15,C54986,,21.076923076923077,0.0,0.0,8.05,0.96,,,0.0,2.84,0
2023-05-16,C54986,,20.444444444444443,0.0,0.0,0.0,3.11,,,8.05,0.96,0
2023-05-17,C54986,,20.5,0.0,0.0,0.0,3.11,,,0.0,3.11,0
2023-05-18,C54986,,21.23076923076923,0.0,0.0,0.0,3.49,,,0.0,3.11,0
2023-05-19,C54986,,21.384615384615383,0.0,0.0,0.0,3.52,,,0.0,3.49,0
2023-05-20,C54986,,21.454545454545453,0.0,0.0,0.0,4.17,,,0.0,3.52,0
2023-05-21,C54986,,22.071428571428573,0.0,0.0,0.0,3.13,,,0.0,4.17,0
2023-05-22,C54986,,22.0,0.0,0.0,0.0,1.76,,,0.0,3.13,0
2023-05-23,C54986,,21.6,0.0,0.0,0.0,2.89,,,0.0,1.76,0
2023-05-24,C54986,,21.384615384615383,0.0,0.0,0.0,3.06,,,0.0,2.89,0
2023-05-25,C54986,,21.533333333333335,0.0,0.0,0.0,3.85,,,0.0,3.06,0
2023-05-26,C54986,,21.714285714285715,0.0,0.0,0.0,4.57,,,0.0,3.85,0
2023-05-27,C54986,,21.77777777777778,0.0,0.0,0.0,4.71,,,0.0,4.57,0
2023-05-28,C54986,,22.733333333333334,0.0,0.0,0.0,4.64,,,0.0,4.71,0
2023-05-29,C54986,,23.1,0.0,0.0,0.0,4.35,,,0.0,4.64,0
2023-05-30,C54986,,22.785714285714285,0.0,0.0,0.0,4.38,,,0.0,4.35,0
2023-05-31,C54986,,22.916666666666668,0.0,0.0,0.0,4.9,,,0.0,4.38,0
2023-06-01,C54986,,23.3125,0.0,0.0,0.0,4.11,,,0.0,4.9,0
2023-06-02,C54986,,23.055555555555557,0.0,0.0,0.0,3.98,,,0.0,4.11,0
2023-06-03,C54986,,22.9375,0.0,0.0,0.0,5.37,,,0.0,3.98,0
2023-06-04,C54986,,23.31578947368421,0.0,0.0,0.0,5.36,,,0.0,5.37,0
2023-06-05,C54986,,23.25,0.0,0.0,0.0,4.54,,,0.0,5.36,0
2023-06-06,C54986,,23.0,0.0,0.0,0.0,4.54,,,0.0,4.54,0
2023-06-07,C54986,,24.0,0.0,0.0,0.0,4.3,,,0.0,4.54,0
2023-06-09,C54986,,26.333333333333332,0.0,0.0,0.0,6.05,,,0.0,4.3,0
2023-06-12,C54986,0.20127174872909662,35.06666666666667,0.0,0.0,0.0,5.87,,,0.0,6.05,0
2023-06-13,C54986,0.18997523348731352,30.76,0.0,0.0,0.0,6.56,0.20127174872909662,-0.0112965152417831,0.0,5.87,0
2023-06-14,C54986,0.17153827788902262,28.541666666666668,0.0,0.0,0.0,5.76,0.18997523348731352,-0.018436955598290894,0.0,6.56,0
2023-06-15,C54986,0.17072333130410813,27.166666666666668,0.0,0.0,0.0,5.43,0.17153827788902262,-0.0008149465849144888,0.0,5.76,0
2023-06-16,C54986,0.1700022760088256,26.916666666666668,0.0,0.0,0.0,4.82,0.17072333130410813,-0.0007210552952825466,0.0,5.43,0
2023-06-17,C54986,0.1693045713607089,26.791666666666668,0.0,0.0,0.0,4.03,0.1700022760088256,-0.0006977046481166926,0.0,4.82,0
2023-06-18,C54986,0.1688365968703903,25.375,0.0,0.0,2.6,3.4,0.1693045713607089,-0.00046797449031860117,0.0,4.03,0
2023-06-19,C54986,0.16835854569042608,26.583333333333332,0.0,0.0,0.2,4.46,0.1688365968703903,-0.0004780511799642173,2.6,3.4,0
2023-06-20,C54986,0.16766730987527415,25.833333333333332,0.0,0.0,5.8,3.29,0.16835854569042608,-0.0006912358151519304,0.2,4.46,0
2023-06-21,C54986,0.1675610544368297,26.291666666666668,0.0,0.0,0.2,4.5,0.16766730987527415,-0.00010625543844444696,5.8,3.29,0
2023-06-22,C54986,0.16751069064401158,22.958333333333332,0.0,0.0,1.0,1.79,0.1675610544368297,-5.036379281811443e-05,0.2,4.5,0
2023-06-23,C54986,0.16720024767489042,25.916666666666668,0.0,0.0,0.0,4.27,0.16751069064401158,-0.0003104429691211663,1.0,1.79,0
2023-06-24,C54986,0.16599252247931423,27.333333333333332,0.0,0.0,0.0,5.41,0.16720024767489042,-0.001207725195576187,0.0,4.27,0
2023-06-25,C54986,0.1644694492236932,29.791666666666668,0.0,0.0,0.0,5.68,0.16599252247931423,-0.001523073255621038,0.0,5.41,0
2023-06-26,C54986,0.16278686202518072,24.833333333333332,0.0,0.0,0.0,4.83,0.1644694492236932,-0.0016825871985124696,0.0,5.68,0
2023-06-27,C54986,0.16173815664416039,23.75,0.0,0.0,0.0,3.81,0.16278686202518072,-0.0010487053810203373,0.0,4.83,0
2023-06-28,C54986,0.16063293784658816,24.5,0.0,0.0,0.0,2.56,0.16173815664416039,-0.0011052187975722216,0.0,3.81,0
2023-06-29,C54986,0.15982256725067465,23.458333333333332,0.0,0.0,0.2,2.71,0.16063293784658816,-0.0008103705959135177,0.0,2.56,0
2023-06-30,C54986,0.15893084208034677,21.75,0.0,0.0,0.2,3.93,0.15982256725067465,-0.0008917251703278728,0.2,2.71,0
2023-07-01,C54986,0.15827659627187438,21.75,0.0,0.0,4.6,1.83,0.15893084208034677,-0.0006542458084723979,0.2,3.93,0
2023-07-02,C54986,0.1575979450870653,22.625,0.0,0.0,0.0,4.26,0.15827659627187438,-0.000678651184809087,4.6,1.83,0
2023-07-03,C54986,0.15531846210497083,21.75,0.0,0.0,0.0,4.25,0.1575979450870653,-0.0022794829820944607,0.0,4.26,0
2023-07-04,C54986,0.15377164544098437,22.041666666666668,0.0,0.0,0.2,3.33,0.15531846210497083,-0.0015468166639864556,0.0,4.25,0
2023-07-05,C54986,0.153525347637583,21.25,0.0,0.0,8.8,4.1,0.15377164544098437,-0.00024629780340137963,0.2,3.33,0
2023-07-06,C54986,0.15427243618534106,22.291666666666668,0.0,0.0,0.0,3.65,0.153525347637583,0.000747088547758068,8.8,4.1,0
2023-07-07,C54986,0.1526191771623809,26.958333333333332,0.0,0.0,0.0,5.34,0.15427243618534106,-0.0016532590229601518,0.0,3.65,0
2023-07-08,C54986,0.14972309189411231,30.5,0.0,0.0,0.0,5.27,0.1526191771623809,-0.0028960852682685945,0.0,5.34,0
2023-07-09,C54986,0.147900885423804,26.041666666666668,0.0,0.0,0.2,3.36,0.14972309189411231,-0.001822206470308313,0.0,5.27,0
2023-07-10,C54986,0.1463000320086279,26.125,0.0,0.0,0.0,4.77,0.147900885423804,-0.0016008534151761011,0.2,3.36,0
2023-07-11,C54986,0.14285612967992,27.208333333333332,0.0,0.0,0.0,5.01,0.1463000320086279,-0.003443902328707893,0.0,4.77,0
2023-07-12,C54986,0.13985215877637472,23.458333333333332,0.0,0.0,3.0,4.5,0.14285612967992,-0.003003970903545289,0.0,5.01,0
2023-07-13,C54986,0.13738812022511507,23.333333333333332,0.0,4.0,0.8,4.06,0.13985215877637472,-0.0024640385512596508,3.0,4.5,1
2023-07-14,C54986,0.1345434213689277,25.0,0.0,4.0,0.0,4.08,0.13738812022511507,-0.0028446988561873776,0.8,4.06,1
2023-07-15,C54986,0.13080603880015865,26.125,0.0,0.0,3.4,5.17,0.1345434213689277,-0.003737382568769043,0.0,4.08,0
2023-07-16,C54986,0.12837032075751312,22.291666666666668,0.0,0.0,0.0,4.14,0.13080603880015865,-0.0024357180426455294,3.4,5.17,0
2023-07-17,C54986,0.1268595629212592,22.625,0.0,4.0,1.0,4.22,0.12837032075751312,-0.0015107578362539287,0.0,4.14,1
2023-07-18,C54986,0.13257425094658093,23.708333333333332,0.0,0.0,0.0,4.73,0.1268595629212592,0.00571468802532174,1.0,4.22,0
2023-07-19,C54986,0.13339251815289282,23.083333333333332,0.0,0.0,0.4,3.11,0.13257425094658093,0.0008182672063118956,0.0,4.73,0
2023-07-20,C54986,0.1343304937669452,21.583333333333332,0.0,10.0,5.4,2.38,0.13339251815289282,0.0009379756140523721,0.4,3.11,1
2023-07-21,C54986,0.14706428469061586,21.041666666666668,0.0,0.0,0.4,3.43,0.1343304937669452,0.012733790923670663,5.4,2.38,0
2023-07-22,C54986,0.14516908562819766,21.458333333333332,0.0,0.0,0.8,3.2,0.14706428469061586,-0.0018951990624181958,0.4,3.43,0
2023-07-23,C54986,0.14320202940373303,21.5,0.0,0.0,10.2,2.12,0.14516908562819766,-0.001967056224464636,0.8,3.2,0
2023-07-24,C54986,0.14891115402470118,22.166666666666668,0.0,0.0,7.4,2.63,0.14320202940373303,0.005709124620968148,10.2,2.12,0
2023-07-25,C54986,0.15472274539530215,20.791666666666668,0.0,0.0,0.8,2.8,0.14891115402470118,0.005811591370600971,7.4,2.63,0
2023-07-26,C54986,0.15243149390213342,22.541666666666668,0.0,0.0,0.0,3.66,0.15472274539530215,-0.0022912514931687222,0.8,2.8,0
2023-07-27,C54986,0.15246150209644524,20.625,0.0,0.0,18.2,1.17,0.15243149390213342,3.0008194311814673e-05,0.0,3.66,0
2023-07-28,C54986,0.16532187621799346,24.041666666666668,0.0,0.0,1.0,2.68,0.15246150209644524,0.012860374121548224,18.2,1.17,0
2023-07-29,C54986,0.16660569345249712,22.833333333333332,0.0,0.0,4.2,3.21,0.16532187621799346,0.0012838172345036591,1.0,2.68,0
2023-07-30,C54986,0.1648999455142348,21.375,0.0,0.0,5.8,2.87,0.16660569345249712,-0.0017057479382623086,4.2,3.21,0
2023-07-31,C54986,0.16994782372750594,21.291666666666668,0.0,0.0,23.0,1.39,0.1648999455142348,0.005047878213271129,5.8,2.87,0
2023-08-01,C54986,0.2096583152218603,21.708333333333332,0.0,0.0,0.0,2.48,0.16994782372750594,0.03971049149435435,23.0,1.39,0
2023-08-02,C54986,0.20618858095133283,21.833333333333332,0.0,0.0,12.8,2.66,0.2096583152218603,-0.0034697342705274636,0.0,2.48,0
2023-08-03,C54986,0.2165350575995043,20.541666666666668,0.0,0.0,6.6,1.71,0.20618858095133283,0.010346476648171482,12.8,2.66,0
2023-08-04,C54986,0.212380872956301,21.0,0.0,0.0,2.6,2.69,0.2165350575995043,-0.004154184643203301,6.6,1.71,0
2023-08-05,C54986,0.20749668823208844,18.541666666666668,0.0,0.0,9.8,1.45,0.212380872956301,-0.004884184724212565,2.6,2.69,0
2023-08-06,C54986,0.23058364441821685,18.208333333333332,0.0,0.0,14.4,1.88,0.20749668823208844,0.02308695618612841,9.8,1.45,0
2023-08-07,C54986,0.22574747379950774,19.458333333333332,0.0,0.0,0.0,3.42,0.23058364441821685,-0.0048361706187091125,14.4,1.88,0
2023-08-08,C54986,0.21501942126305215,19.666666666666668,0.0,0.0,4.0,2.2,0.22574747379950774,-0.01072805253645559,0.0,3.42,0
2023-08-09,C54986,0.21143068130332388,22.666666666666668,0.0,0.0,0.4,3.45,0.21501942126305215,-0.0035887399597282765,4.0,2.2,0
2023-08-10,C54986,0.20352810426315088,24.56,0.0,0.0,0.0,3.84,0.21143068130332388,-0.007902577040172998,0.4,3.45,0
2023-08-11,C54986,0.19586022914537937,25.041666666666668,0.0,0.0,0.0,3.22,0.20352810426315088,-0.007667875117771505,0.0,3.84,0
2023-08-12,C54986,0.19288051524998726,24.541666666666668,0.0,0.0,8.0,3.52,0.19586022914537937,-0.0029797138953921165,0.0,3.22,0
2023-08-13,C54986,0.19036492437736727,22.875,0.0,0.0,0.2,2.69,0.19288051524998726,-0.0025155908726199883,8.0,3.52,0
2023-08-14,C54986,0.1842655764842038,25.0,0.0,0.0,0.0,3.91,0.19036492437736727,-0.006099347893163465,0.2,2.69,0
2023-08-15,C54986,0.17540915158051937,24.666666666666668,0.0,0.0,0.0,3.44,0.1842655764842038,-0.008856424903684434,0.0,3.91,0
2023-08-16,C54986,0.1686751738495087,25.5,0.0,5.0,0.0,3.0,0.17540915158051937,-0.006733977731010671,0.0,3.44,1
2023-08-17,C54986,0.16679316056147886,23.166666666666668,0.0,0.0,0.0,2.18,0.1686751738495087,-0.001882013288029838,0.0,3.0,0
2023-08-18,C54986,0.16583942633093862,25.458333333333332,0.0,5.0,0.0,2.33,0.16679316056147886,-0.0009537342305402374,0.0,2.18,1
2023-08-19,C54986,0.16326841538549697,27.25,0.0,0.0,0.0,2.9,0.16583942633093862,-0.002571010945441654,0.0,2.33,0
2023-08-20,C54986,0.15615371198664926,26.291666666666668,0.0,0.0,0.0,3.55,0.16326841538549697,-0.007114703398847705,0.0,2.9,0
2023-08-21,C54986,0.14938505551880668,25.25,0.0,0.0,0.0,3.6,0.15615371198664926,-0.006768656467842582,0.0,3.55,0
2023-08-22,C54986,0.14313231835949636,24.375,0.0,5.0,0.0,2.74,0.14938505551880668,-0.006252737159310323,0.0,3.6,1
2023-08-23,C54986,0.14020958472348677,25.333333333333332,0.0,0.0,0.0,3.46,0.14313231835949636,-0.002922733636009589,0.0,2.74,0
2023-08-24,C54986,0.13930558605115986,23.333333333333332,0.0,0.0,19.0,1.69,0.14020958472348677,-0.0009039986723269056,0.0,3.46,0
2023-08-25,C54986,0.14592055576243404,22.208333333333332,0.0,0.0,3.8,1.4,0.13930558605115986,0.006614969711274177,19.0,1.69,0
2023-08-26,C54986,0.15363199047652645,19.833333333333332,0.0,0.0,0.0,2.67,0.14592055576243404,0.007711434714092413,3.8,1.4,0
2023-08-27,C54986,0.15420869665048523,20.208333333333332,0.0,0.0,0.0,2.68,0.15363199047652645,0.0005767061739587742,0.0,2.67,0
2023-08-28,C54986,0.15271059535595877,20.583333333333332,0.0,0.0,0.0,2.62,0.15420869665048523,-0.0014981012945264605,0.0,2.68,0
2023-08-29,C54986,0.15013721876169386,19.125,0.0,0.0,0.0,2.02,0.15271059535595877,-0.0025733765942649034,0.0,2.62,0
2023-08-30,C54986,0.1458552823879982,19.208333333333332,0.0,0.0,9.0,2.21,0.15013721876169386,-0.004281936373695672,0.0,2.02,0
2023-08-31,C54986,0.1434644319354638,19.166666666666668,0.0,0.0,0.0,2.02,0.1458552823879982,-0.0023908504525343988,9.0,2.21,0
2023-09-01,C54986,0.1810063460144277,22.125,0.0,0.0,28.6,1.7,0.1434644319354638,0.0375419140789639,0.0,2.02,0
2023-09-02,C54986,0.21335132314573005,24.75,0.0,0.0,0.0,2.4,0.1810063460144277,0.032344977131302355,28.6,1.7,0
2023-09-03,C54986,0.2061936658402481,24.541666666666668,0.0,0.0,0.0,2.71,0.21335132314573005,-0.007157657305481957,0.0,2.4,0
2023-09-04,C54986,0.19823948736316233,24.125,0.0,0.0,0.0,3.19,0.2061936658402481,-0.007954178477085766,0.0,2.71,0
2023-09-05,C54986,0.1884458093187198,26.375,0.0,0.0,0.0,3.44,0.19823948736316233,-0.009793678044442533,0.0,3.19,0
2023-09-06,C54986,0.177294088533813,28.291666666666668,0.0,0.0,0.0,3.29,0.1884458093187198,-0.011151720784906782,0.0,3.44,0
2023-09-07,C54986,0.16590894673698495,26.375,0.0,0.0,0.0,3.26,0.177294088533813,-0.011385141796828063,0.0,3.29,0
2023-09-08,C54986,0.15419988181524788,26.875,0.0,0.0,0.0,2.99,0.16590894673698495,-0.011709064921737067,0.0,3.26,0
2023-09-09,C54986,0.14358976306023183,28.125,0.0,0.0,0.0,3.04,0.15419988181524788,-0.010610118755016051,0.0,2.99,0
2023-09-10,C54986,0.1338005503663933,29.041666666666668,0.0,0.0,0.0,3.14,0.14358976306023183,-0.009789212693838534,0.0,3.04,0
2023-09-11,C54986,0.12647498133149515,25.875,0.0,0.0,3.6,2.57,0.1338005503663933,-0.007325569034898144,0.0,3.14,0
2023-09-12,C54986,0.12650523015839152,23.25,0.0,0.0,7.4,1.88,0.12647498133149515,3.024882689636743e-05,3.6,2.57,0
2023-09-13,C54986,0.1266128401338059,22.416666666666668,0.0,0.0,0.0,1.99,0.12650523015839152,0.0001076099754143689,7.4,1.88,0
2023-09-14,C54986,0.12573072405725313,21.208333333333332,0.0,0.0,0.0,2.34,0.1266128401338059,-0.0008821160765527525,0.0,1.99,0
2023-09-15,C54986,0.12338587228054398,22.583333333333332,0.0,5.0,0.0,2.51,0.12573072405725313,-0.0023448517767091503,0.0,2.34,1
2023-09-16,C54986,0.12100647237037288,23.291666666666668,0.0,0.0,3.4,2.26,0.12338587228054398,-0.0023793999101711094,0.0,2.51,0
2023-09-17,C54986,0.12182545917638361,23.625,0.0,0.0,3.0,1.31,0.12100647237037288,0.000818986806010738,3.4,2.26,0
2023-09-18,C54986,0.12395962904902597,22.375,0.0,0.0,8.2,2.03,0.12182545917638361,0.0021341698726423525,3.0,1.31,0
2023-09-19,C54986,0.1320004048641724,20.208333333333332,0.0,0.0,0.4,2.36,0.12395962904902597,0.008040775815146423,8.2,2.03,0
2023-09-20,C54986,0.13486911103527613,21.958333333333332,0.0,0.0,0.0,2.4,0.1320004048641724,0.002868706171103741,0.4,2.36,0
2023-09-21,C54986,0.1551666639185563,18.583333333333332,0.0,0.0,22.2,1.04,0.13486911103527613,0.020297552883280168,0.0,2.4,0
2023-09-22,C54986,0.19525342463147555,16.416666666666668,0.0,0.0,3.2,1.14,0.1551666639185563,0.04008676071291925,22.2,1.04,0
2023-09-23,C54986,0.19697424912261186,16.875,0.0,0.0,0.0,1.77,0.19525342463147555,0.001720824491136308,3.2,1.14,0
2023-09-24,C54986,0.19182558874714076,17.583333333333332,0.0,0.0,0.0,2.23,0.19697424912261186,-0.005148660375471098,0.0,1.77,0
2023-09-25,C54986,0.18577404440815556,19.916666666666668,0.0,0.0,0.0,2.14,0.19182558874714076,-0.006051544338985193,0.0,2.23,0
2023-09-26,C54986,0.18214042713402598,19.833333333333332,0.0,0.0,0.0,1.6,0.18577404440815556,-0.003633617274129586,0.0,2.14,0
2023-09-27,C54986,0.17915786310891127,21.041666666666668,0.0,0.0,0.0,1.5,0.18214042713402598,-0.002982564025114709,0.0,1.6,0
2023-09-28,C54986,0.1766056553033353,22.045454545454547,0.0,0.0,0.0,1.92,0.17915786310891127,-0.002552207805575968,0.0,1.5,0
2023-09-29,C54986,,23.923076923076923,0.0,0.0,1.19,1.36,0.1766056553033353,,0.0,1.92,0
2023-09-30,C54986,,23.444444444444443,0.0,0.0,0.0,1.46,,,1.19,1.36,0
2023-10-01,C54986,,23.4,0.0,0.0,0.0,2.2,,,0.0,1.46,0
2023-10-02,C54986,,23.583333333333332,0.0,0.0,,1.22,,,0.0,2.2,0
2023-01-11,C54992,0.19412943439860633,13.333333333333334,0.0,,,0.68,,,,,0
2023-01-12,C54992,0.19584686615694882,14.541666666666666,0.0,,,0.54,0.19412943439860633,0.0017174317583424914,,0.68,0
2023-01-13,C54992,0.1947733163114338,13.291666666666666,0.0,,,1.14,0.19584686615694882,-0.001073549845515026,,0.54,0
2023-01-14,C54992,0.19433548526508207,13.36,0.0,,,0.71,0.1947733163114338,-0.00043783104635172765,,1.14,0
2023-01-15,C54992,0.1949947115647399,11.28,0.0,,,0.87,0.19433548526508207,0.0006592262996578391,,0.71,0
2023-01-16,C54992,0.19497356345349268,9.625,0.0,,,0.39,0.1949947115647399,-2.114811124723226e-05,,0.87,0
2023-01-17,C54992,0.19689472591881488,5.777777777777778,0.0,,,0.06,0.19497356345349268,0.0019211624653222015,,0.39,0
2023-01-18,C54992,0.19415803761104466,4.84,0.0,,,0.13,0.19689472591881488,-0.002736688307770213,,0.06,0
2023-01-19,C54992,0.19238899266512044,6.083333333333333,0.0,,,0.23,0.19415803761104466,-0.0017690449459242252,,0.13,0
2023-01-20,C54992,0.19253666791707091,5.708333333333333,0.0,,,0.21,0.19238899266512044,0.00014767525195047426,,0.23,0
2023-01-21,C54992,0.1950745214849409,4.375,0.0,,,0.09,0.19253666791707091,0.00253785356786998,,0.21,0
2023-01-22,C54992,0.19363474221512797,4.875,0.0,,,0.31,0.1950745214849409,-0.0014397792698129241,,0.09,0
2023-01-23,C54992,0.19299237841687547,6.96,0.0,,,0.34,0.19363474221512797,-0.0006423637982524988,,0.31,0
2023-01-24,C54992,0.19244963022934203,7.125,0.0,,,0.52,0.19299237841687547,-0.0005427481875334428,,0.34,0
2023-01-25,C54992,0.19171751467857454,4.875,0.0,,,0.33,0.19244963022934203,-0.0007321155507674926,,0.52,0
2023-01-26,C54992,0.19143240538929016,7.75,0.0,,,0.32,0.19171751467857454,-0.00028510928928437984,,0.33,0
2023-01-27,C54992,0.19168441389362054,9.0,0.0,,,0.66,0.19143240538929016,0.000252008504330381,,0.32,0
2023-01-28,C54992,0.19108258711411794,6.75,0.0,,,0.41,0.19168441389362054,-0.0006018267795026011,,0.66,0
2023-01-29,C54992,0.1906831970120527,5.291666666666667,0.0,,,0.41,0.19108258711411794,-0.0003993901020652446,,0.41,0
2023-01-30,C54992,0.19006219455079584,10.958333333333334,0.0,,,0.69,0.1906831970120527,-0.0006210024612568477,,0.41,0
2023-01-31,C54992,0.18950127719069124,9.833333333333334,0.0,,,0.4,0.19006219455079584,-0.0005609173601046069,,0.69,0
2023-02-01,C54992,0.18901781597469322,11.666666666666666,0.0,,,0.9,0.18950127719069124,-0.0004834612159980156,,0.4,0
2023-02-02,C54992,0.18841322554039783,13.416666666666666,0.0,,,0.83,0.18901781597469322,-0.0006045904342953934,,0.9,0
2023-02-03,C54992,0.18774574189021606,14.458333333333334,0.0,,,0.87,0.18841322554039783,-0.000667483650181766,,0.83,0
2023-02-04,C54992,0.1875097699807766,13.25,0.0,,,0.37,0.18774574189021606,-0.00023597190943946966,,0.87,0
2023-02-05,C54992,0.18876860934824471,11.5,0.0,,,0.66,0.1875097699807766,0.001258839367468123,,0.37,0
2023-02-06,C54992,0.18906000600658535,7.791666666666667,0.0,,,0.23,0.18876860934824471,0.00029139665834063133,,0.66,0
2023-02-07,C54992,0.1889043948319763,6.208333333333333,0.0,,,0.24,0.18906000600658535,-0.00015561117460904939,,0.23,0
2023-02-08,C54992,0.18872486870432223,5.416666666666667,0.0,,,0.41,0.1889043948319763,-0.00017952612765406717,,0.24,0
2023-02-09,C54992,0.18846783152182575,6.583333333333333,0.0,,,0.56,0.18872486870432223,-0.0002570371824964779,,0.41,0
2023-02-10,C54992,0.18787537960354148,9.5,0.0,,,0.37,0.18846783152182575,-0.0005924519182842758,,0.56,0
2023-02-11,C54992,0.1872662264613875,11.708333333333334,0.0,,,0.49,0.18787537960354148,-0.0006091531421539842,,0.37,0
2023-02-12,C54992,0.1866941669395501,11.333333333333334,0.0,,,0.67,0.1872662264613875,-0.0005720595218373925,,0.49,0
2023-02-13,C54992,0.18626446967741836,10.541666666666666,0.0,,,0.41,0.1866941669395501,-0.00042969726213173964,,0.67,0
2023-02-14,C54992,0.18590005108811533,10.333333333333334,0.0,,,0.44,0.18626446967741836,-0.0003644185893030283,,0.41,0
2023-02-15,C54992,0.18557217575671237,10.291666666666666,0.0,,,0.56,0.18590005108811533,-0.0003278753314029659,,0.44,0
2023-02-16,C54992,0.18517428849933867,13.458333333333334,0.0,,,0.69,0.18557217575671237,-0.00039788725737369135,,0.56,0
2023-02-17,C54992,0.18442956318185352,16.666666666666668,0.0,,,1.0,0.18517428849933867,-0.0007447253174851509,,0.69,0
2023-02-18,C54992,0.18384151207300672,15.416666666666666,0.0,,,0.8,0.18442956318185352,-0.0005880511088467988,,1.0,0
2023-02-19,C54992,0.18355292040331259,13.875,0.0,,,0.87,0.18384151207300672,-0.0002885916696941382,,0.8,0
2023-02-20,C54992,0.1835914817389083,12.291666666666666,0.0,,,0.7,0.18355292040331259,3.85613355957104e-05,,0.87,0
2023-02-21,C54992,0.18343723733341724,11.333333333333334,0.0,,,0.42,0.1835914817389083,-0.00015424440549105523,,0.7,0
2023-02-22,C54992,0.18341627508293692,12.333333333333334,0.0,,,0.46,0.18343723733341724,-2.0962250480316413e-05,,0.42,0
2023-02-23,C54992,0.18324589514847392,13.291666666666666,0.0,,,0.53,0.18341627508293692,-0.00017037993446300526,,0.46,0
2023-02-24,C54992,0.18393304884158815,10.0,0.0,,,0.64,0.18324589514847392,0.0006871536931142286,,0.53,0
2023-02-25,C54992,0.18431199950004365,9.48,0.0,,,0.92,0.18393304884158815,0.00037895065845550135,,0.64,0
2023-02-26,C54992,0.18444265414840808,7.208333333333333,0.0,,,1.15,0.18431199950004365,0.00013065464836442553,,0.92,0
2023-02-27,C54992,0.18429944253247946,7.208333333333333,0.0,,,1.01,0.18444265414840808,-0.00014321161592861786,,1.15,0
2023-02-28,C54992,0.18403490534438702,6.958333333333333,0.0,,,1.15,0.18429944253247946,-0.00026453718809243965,,1.01,0
2023-03-01,C54992,0.1837657203191991,6.875,0.0,,,1.13,0.18403490534438702,-0.00026918502518791243,,1.15,0
2023-03-02,C54992,0.18327371114015303,8.708333333333334,0.0,,,1.16,0.1837657203191991,-0.0004920091790460712,,1.13,0
2023-03-03,C54992,0.18281484990185862,8.666666666666666,0.0,,,0.82,0.18327371114015303,-0.00045886123829441683,,1.16,0
2023-03-04,C54992,0.18238300274037966,10.583333333333334,0.0,,,0.9,0.18281484990185862,-0.0004318471614789543,,0.82,0
2023-03-05,C54992,0.18199628600032983,9.583333333333334,0.0,,,0.64,0.18238300274037966,-0.00038671674004983614,,0.9,0
2023-03-06,C54992,0.1816512178092029,9.791666666666666,0.0,,,0.93,0.18199628600032983,-0.0003450681911269238,,0.64,0
2023-03-07,C54992,0.181406562763476,8.75,0.0,,,0.44,0.1816512178092029,-0.0002446550457269048,,0.93,0
2023-03-08,C54992,0.18301453374894602,6.666666666666667,0.0,,,0.35,0.181406562763476,0.0016079709854700253,,0.44,0
2023-03-09,C54992,0.18585554814034136,11.625,0.0,,,0.53,0.18301453374894602,0.0028410143913953356,,0.35,0
2023-03-10,C54992,0.18856568081345482,11.541666666666666,0.0,,,0.68,0.18585554814034136,0.002710132673113458,,0.53,0
2023-03-11,C54992,0.1898997935673483,9.625,0.0,,,1.06,0.18856568081345482,0.0013341127538934738,,0.68,0
2023-03-12,C54992,0.18882418208364313,13.666666666666666,0.0,,,1.19,0.1898997935673483,-0.0010756114837051634,,1.06,0
2023-03-13,C54992,0.18814399692501024,20.0,0.0,,,2.15,0.18882418208364313,-0.0006801851586328844,,1.19,0
2023-03-14,C54992,0.18927293308156823,11.916666666666666,0.0,,,1.16,0.18814399692501024,0.0011289361565579858,,2.15,0
2023-03-15,C54992,0.19323931675956463,11.75,0.0,,,1.12,0.18927293308156823,0.003966383677996399,,1.16,0
2023-03-16,C54992,0.19152393482746366,16.0,0.0,,,2.16,0.19323931675956463,-0.0017153819321009678,,1.12,0
2023-03-17,C54992,0.18923903447177579,18.791666666666668,0.0,,,2.05,0.19152393482746366,-0.0022849003556878744,,2.16,0
2023-03-18,C54992,0.1877162489005638,18.333333333333332,0.0,,,1.44,0.18923903447177579,-0.001522785571211993,,2.05,0
2023-03-19,C54992,0.18717220814700855,17.0,0.0,,,1.11,0.1877162489005638,-0.0005440407535552416,,1.44,0
2023-03-20,C54992,0.18662565370849415,13.958333333333334,0.0,,,1.07,0.18717220814700855,-0.0005465544385143961,,1.11,0
2023-03-21,C54992,0.18612465040127898,17.041666666666668,0.0,,,1.35,0.18662565370849415,-0.0005010033072151698,,1.07,0
2023-03-22,C54992,0.18543699944363265,16.541666666666668,0.0,,,1.3,0.18612465040127898,-0.0006876509576463352,,1.35,0
2023-03-23,C54992,0.18497244537692156,19.458333333333332,0.0,,,2.06,0.18543699944363265,-0.000464554066711087,,1.3,0
2023-03-24,C54992,0.18551358693042289,17.583333333333332,0.0,,,1.77,0.18497244537692156,0.0005411415535013231,,2.06,0
2023-03-25,C54992,0.18596740905272238,15.708333333333334,0.0,,,1.6,0.18551358693042289,0.0004538221222994965,,1.77,0
2023-03-26,C54992,0.18866738951114942,12.869565217391305,0.0,,,1.03,0.18596740905272238,0.002699980458427037,,1.6,0
2023-03-27,C54992,0.1889483506253434,11.375,0.0,,,1.67,0.18866738951114942,0.00028096111419398384,,1.03,0
2023-03-28,C54992,0.1876090713435161,10.458333333333334,0.0,,,1.17,0.1889483506253434,-0.0013392792818273103,,1.67,0
2023-03-29,C54992,0.1865056097440616,17.833333333333332,0.0,,,1.79,0.1876090713435161,-0.001103461599454486,,1.17,0
2023-03-30,C54992,0.18504554378498136,20.041666666666668,0.0,,,2.43,0.1865056097440616,-0.0014600659590802423,,1.79,0
2023-03-31,C54992,0.18505267193749333,16.458333333333332,0.0,,,1.21,0.18504554378498136,7.128152511970409e-06,,2.43,0
2023-04-01,C54992,0.18763544732649776,14.458333333333334,0.0,0.0,,0.63,0.18505267193749333,0.0025827753890044214,,1.21,0
2023-04-02,C54992,0.18866436744254103,11.375,0.0,0.0,,0.88,0.18763544732649776,0.0010289201160432748,,0.63,0
2023-04-03,C54992,0.18657330963809005,12.625,0.0,0.0,,2.1,0.18866436744254103,-0.0020910578044509853,,0.88,0
2023-04-04,C54992,0.18471280998855563,12.916666666666666,0.0,0.0,,2.2,0.18657330963809005,-0.001860499649534414,,2.1,0
2023-04-05,C54992,0.1831273421543663,13.791666666666666,0.0,0.0,,1.92,0.18471280998855563,-0.0015854678341893358,,2.2,0
2023-04-06,C54992,0.1821327928089198,11.708333333333334,0.0,0.0,,0.92,0.1831273421543663,-0.0009945493454464882,,1.92,0
2023-04-07,C54992,0.18403777363494556,14.625,0.0,0.0,,1.24,0.1821327928089198,0.0019049808260257484,,0.92,0
2023-04-08,C54992,0.1829427639269008,17.916666666666668,0.0,0.0,,1.68,0.18403777363494556,-0.0010950097080447696,,1.24,0
2023-04-09,C54992,0.18121656411339626,18.416666666666668,0.0,0.0,,2.29,0.1829427639269008,-0.0017261998135045253,,1.68,0
2023-04-10,C54992,0.17961162127545913,16.75,0.0,0.0,,1.85,0.18121656411339626,-0.0016049428379371344,,2.29,0
2023-04-11,C54992,0.17910568660300266,17.291666666666668,0.0,0.0,,2.39,0.17961162127545913,-0.0005059346724564651,,1.85,0
2023-04-12,C54992,0.18078510992208127,15.791666666666666,0.0,0.0,,1.72,0.17910568660300266,0.00167942331907861,,2.39,0
2023-04-13,C54992,0.1836984486583864,16.0,0.0,0.0,,2.6,0.18078510992208127,0.0029133387363051155,,1.72,0
2023-04-14,C54992,0.18183701339006433,16.291666666666668,0.0,0.0,,2.35,0.1836984486583864,-0.0018614352683220536,,2.6,0
2023-04-15,C54992,0.17950384160318944,18.375,0.0,0.0,,2.86,0.18183701339006433,-0.0023331717868748936,,2.35,0
2023-04-16,C54992,0.17778090949685277,13.541666666666666,0.0,0.0,,0.86,0.17950384160318944,-0.001722932106336672,,2.86,0
2023-04-17,C54992,0.17720708295234586,17.041666666666668,0.0,0.0,,1.76,0.17778090949685277,-0.0005738265445069113,,0.86,0
2023-04-18,C54992,0.1754339153136191,17.666666666666668,0.0,0.0,,2.44,0.17720708295234586,-0.001773167638726758,,1.76,0
2023-04-19,C54992,0.17282564774173415,20.458333333333332,0.0,0.0,,3.49,0.1754339153136191,-0.0026082675718849535,,2.44,0
2023-04-20,C54992,0.17042839805177948,14.25,0.0,0.0,,2.02,0.17282564774173415,-0.002397249689954667,,3.49,0
2023-04-21,C54992,0.16892288607947656,19.541666666666668,0.0,0.0,,2.67,0.17042839805177948,-0.0015055119723029198,,2.02,0
2023-04-22,C54992,0.16698581744829497,15.708333333333334,0.0,0.0,,0.97,0.16892288607947656,-0.0019370686311815932,,2.67,0
2023-04-23,C54992,0.1661372336634952,17.666666666666668,0.0,0.0,,1.6,0.16698581744829497,-0.0008485837847997668,,0.97,0
2023-04-24,C54992,0.16588534034251626,15.25,0.0,0.0,,1.91,0.1661372336634952,-0.0002518933209789409,,1.6,0
2023-04-25,C54992,0.1660964497270616,14.333333333333334,0.0,0.0,,2.29,0.16588534034251626,0.00021110938454535488,,1.91,0
2023-04-26,C54992,0.16491444205757372,15.125,0.0,0.0,,2.27,0.1660964497270616,-0.0011820076694878945,,2.29,0
2023-04-27,C54992,0.16279272340180492,17.166666666666668,0.0,0.0,,2.77,0.16491444205757372,-0.002121718655768795,,2.27,0
2023-04-28,C54992,0.16102437310821643,18.5,0.0,0.0,,1.34,0.16279272340180492,-0.0017683502935884887,,2.77,0
2023-04-29,C54992,0.1596302612189738,18.041666666666668,0.0,0.0,,1.86,0.16102437310821643,-0.0013941118892426274,,1.34,0
2023-04-30,C54992,0.15728141337761933,21.625,0.0,0.0,,3.3,0.1596302612189738,-0.0023488478413544733,,1.86,0
2023-05-01,C54992,0.15396671663666697,20.26086956521739,0.0,0.0,0.07,2.52,0.15728141337761933,-0.003314696740952361,,3.3,0
2023-05-02,C54992,0.15137143419158258,20.583333333333332,0.0,0.0,0.0,3.15,0.15396671663666697,-0.0025952824450843903,0.07,2.52,0
2023-05-03,C54992,0.14788327391758846,19.875,0.0,0.0,0.0,3.66,0.15137143419158258,-0.003488160273994123,0.0,3.15,0
2023-05-04,C54992,0.14357209428529039,24.416666666666668,0.0,0.0,0.09,4.21,0.14788327391758846,-0.004311179632298073,0.0,3.66,0
2023-05-05,C54992,0.1400596610970564,22.25,0.0,0.0,1.75,2.37,0.14357209428529039,-0.003512433188233993,0.09,4.21,0
2023-05-06,C54992,0.13836049230235373,22.5,0.0,0.0,0.0,2.32,0.1400596610970564,-0.0016991687947026657,1.75,2.37,0
2023-05-07,C54992,0.13731113557123595,22.5,0.0,0.0,4.17,1.47,0.13836049230235373,-0.0010493567311177787,0.0,2.32,0
2023-05-08,C54992,0.13641290028911393,23.791666666666668,0.0,0.0,0.0,2.09,0.13731113557123595,-0.0008982352821220174,4.17,1.47,0
2023-05-09,C54992,0.1415464550976905,19.666666666666668,0.0,0.0,17.25,0.96,0.13641290028911393,0.005133554808576579,0.0,2.09,0
2023-05-10,C54992,0.1508821996115621,20.416666666666668,0.0,0.0,1.18,1.53,0.1415464550976905,0.009335744513871591,17.25,0.96,0
2023-05-11,C54992,0.15037449638784933,21.565217391304348,0.0,0.0,13.99,2.22,0.1508821996115621,-0.0005077032237127688,1.18,1.53,0
2023-05-12,C54992,0.16330597087427795,20.875,0.0,0.0,6.41,1.68,0.15037449638784933,0.012931474486428618,13.99,2.22,0
2023-05-13,C54992,0.1534278667996206,25.375,0.0,0.0,0.0,4.28,0.16330597087427795,-0.009878104074657362,6.41,1.68,0
2023-05-14,C54992,0.14733157281179562,23.25,0.0,0.0,0.0,3.01,0.1534278667996206,-0.006096293987824963,0.0,4.28,0
2023-05-15,C54992,0.14439187969601122,17.958333333333332,0.0,0.0,1.15,1.1,0.14733157281179562,-0.002939693115784403,0.0,3.01,0
2023-05-16,C54992,0.14297240460957802,18.708333333333332,0.0,0.0,0.0,3.08,0.14439187969601122,-0.0014194750864331973,1.15,1.1,0
2023-05-17,C54992,0.14013246341443414,20.625,0.0,0.0,0.0,3.4,0.14297240460957802,-0.0028399411951438858,0.0,3.08,0
2023-05-18,C54992,0.13669269826308048,19.695652173913043,0.0,0.0,0.0,3.51,0.14013246341443414,-0.003439765151353663,0.0,3.4,0
2023-05-19,C54992,0.13335805169658335,21.916666666666668,0.0,0.0,0.0,4.13,0.13669269826308048,-0.0033346465664971237,0.0,3.51,0
2023-05-20,C54992,0.12863058538256003,24.166666666666668,0.0,0.0,0.0,4.38,0.13335805169658335,-0.004727466314023321,0.0,4.13,0
2023-05-21,C54992,0.12391832123890793,25.791666666666668,0.0,0.0,0.0,3.69,0.12863058538256003,-0.004712264143652098,0.0,4.38,0
2023-05-22,C54992,0.12035170358758875,23.681818181818183,0.0,0.0,0.0,2.13,0.12391832123890793,-0.003566617651319187,0.0,3.69,0
2023-05-23,C54992,0.11766448837752237,22.708333333333332,0.0,0.0,0.0,3.24,0.12035170358758875,-0.0026872152100663738,0.0,2.13,0
2023-05-24,C54992,0.1146664139219893,20.08695652173913,0.0,0.0,0.0,2.59,0.11766448837752237,-0.002998074455533073,0.0,3.24,0
2023-05-25,C54992,0.11132300769644336,22.26086956521739,0.0,0.0,0.0,3.66,0.1146664139219893,-0.0033434062255459363,0.0,2.59,0
2023-05-26,C54992,0.10640097967916227,23.375,0.0,0.0,0.0,4.64,0.11132300769644336,-0.004922028017281088,0.0,3.66,0
2023-05-27,C54992,0.10047049740021126,25.25,0.0,0.0,0.0,4.82,0.10640097967916227,-0.005930482278951016,0.0,4.64,0
2023-05-28,C54992,0.09394503742261985,26.708333333333332,0.0,0.0,0.03,4.92,0.10047049740021126,-0.006525459977591408,0.0,4.82,0
2023-05-29,C54992,0.0834074422598012,24.47826086956522,0.0,0.0,0.0,4.34,0.09394503742261985,-0.010537595162818644,0.03,4.92,0
2023-05-30,C54992,0.07416226419833649,17.071428571428573,0.0,0.0,0.0,4.43,0.0834074422598012,-0.009245178061464715,0.0,4.34,0
2023-06-04,C54992,,28.0,0.0,0.0,0.0,5.64,0.07416226419833649,,0.0,4.43,0
2023-06-05,C54992,,31.0,0.0,0.0,0.0,4.85,,,0.0,5.64,0
2023-06-06,C54992,,30.125,0.0,0.0,0.0,4.84,,,0.0,4.85,0
2023-06-07,C54992,,30.0,0.0,0.0,0.05,3.93,,,0.0,4.84,0
2023-06-08,C54992,,29.625,0.0,3.0,0.0,5.19,,,0.05,3.93,1
2023-06-09,C54992,,31.846153846153847,0.0,3.0,0.0,6.1,,,0.0,5.19,1
2023-06-10,C54992,,32.56521739130435,0.0,3.0,0.0,6.5,,,0.0,6.1,1
2023-06-11,C54992,,33.42857142857143,0.0,3.0,0.0,6.01,,,0.0,6.5,1
2023-06-12,C54992,,33.8421052631579,0.0,3.0,0.0,6.61,,,0.0,6.01,1
2023-06-13,C54992,,33.875,0.0,0.0,0.0,6.7,,,0.0,6.61,0
2023-06-14,C54992,0.21185118243832607,34.4,0.0,0.0,0.0,6.34,,,0.0,6.7,0
2023-06-15,C54992,0.21694142322605056,28.833333333333332,0.0,0.0,0.0,5.52,0.21185118243832607,0.005090240787724493,0.0,6.34,0
2023-06-16,C54992,0.24553665619718024,29.0,0.0,20.0,0.0,5.11,0.21694142322605056,0.028595232971129675,0.0,5.52,1
2023-06-17,C54992,0.2642643111621464,28.875,0.0,0.0,0.0,4.73,0.24553665619718024,0.018727654964966145,0.0,5.11,0
2023-06-18,C54992,0.2621419795763838,26.875,0.0,0.0,0.36,3.09,0.2642643111621464,-0.0021223315857625824,0.0,4.73,0
2023-06-19,C54992,0.2582358440521371,29.583333333333332,0.0,0.0,0.03,5.06,0.2621419795763838,-0.003906135524246679,0.36,3.09,0
2023-06-20,C54992,0.25628239385764806,29.708333333333332,0.0,0.0,16.45,3.92,0.2582358440521371,-0.001953450194489059,0.03,5.06,0
2023-06-21,C54992,0.27579031820830147,28.708333333333332,0.0,0.0,0.13,4.79,0.25628239385764806,0.019507924350653405,16.45,3.92,0
2023-06-22,C54992,0.2903345828037707,23.75,0.0,0.0,20.37,1.34,0.27579031820830147,0.014544264595469258,0.13,4.79,0
2023-06-23,C54992,0.32982061153709824,27.625,0.0,0.0,0.0,4.78,0.2903345828037707,0.039486028733327516,20.37,1.34,0
2023-06-24,C54992,0.3091797138099606,29.125,0.0,0.0,0.0,5.52,0.32982061153709824,-0.02064089772713762,0.0,4.78,0
2023-06-25,C54992,0.2840068667392919,32.041666666666664,0.0,0.0,0.0,5.88,0.3091797138099606,-0.025172847070668747,0.0,5.52,0
2023-06-26,C54992,0.25985478633028697,27.25,0.0,0.0,0.0,5.05,0.2840068667392919,-0.024152080409004906,0.0,5.88,0
2023-06-27,C54992,0.2460218874549384,25.333333333333332,0.0,0.0,0.9,3.65,0.25985478633028697,-0.013832898875348582,0.0,5.05,0
2023-06-28,C54992,0.23986713891946984,26.083333333333332,0.0,0.0,0.27,3.11,0.2460218874549384,-0.006154748535468546,0.9,3.65,0
2023-06-29,C54992,0.238106795195596,25.916666666666668,0.0,0.0,0.57,2.44,0.23986713891946984,-0.0017603437238738473,0.27,3.11,0
2023-06-30,C54992,0.23932601128892006,25.166666666666668,0.0,0.0,0.0,4.21,0.238106795195596,0.0012192160933240659,0.57,2.44,0
2023-07-01,C54992,0.2352748535085976,23.416666666666668,0.0,0.0,3.16,2.15,0.23932601128892006,-0.004051157780322473,0.0,4.21,0
2023-07-02,C54992,0.23525594296781915,24.666666666666668,0.0,0.0,0.0,4.28,0.2352748535085976,-1.8910540778432905e-05,3.16,2.15,0
2023-07-03,C54992,0.22923125534941038,23.583333333333332,0.0,0.0,0.0,4.11,0.23525594296781915,-0.006024687618408769,0.0,4.28,0
2023-07-04,C54992,0.2349006774476845,24.0,0.0,10.0,2.27,3.78,0.22923125534941038,0.005669422098274118,0.0,4.11,1
2023-07-05,C54992,0.2509235453998337,21.375,0.0,0.0,15.98,3.39,0.2349006774476845,0.01602286795214919,2.27,3.78,0
2023-07-06,C54992,0.26804363070745035,24.041666666666668,0.0,0.0,0.0,4.03,0.2509235453998337,0.01712008530761666,15.98,3.39,0
2023-07-07,C54992,0.25692284218566347,27.25,0.0,0.0,0.0,5.26,0.26804363070745035,-0.011120788521786884,0.0,4.03,0
2023-07-08,C54992,0.2446670337950414,31.083333333333332,0.0,0.0,0.81,5.21,0.25692284218566347,-0.01225580839062207,0.0,5.26,0
2023-07-09,C54992,0.23696888634286173,28.666666666666668,0.0,0.0,2.76,3.46,0.2446670337950414,-0.007698147452179671,0.81,5.21,0
2023-07-10,C54992,0.23461481819567861,29.083333333333332,0.0,0.0,0.0,5.17,0.23696888634286173,-0.0023540681471831137,2.76,3.46,0
2023-07-11,C54992,0.2244351913584914,28.916666666666668,0.0,0.0,0.99,4.78,0.23461481819567861,-0.010179626837187206,0.0,5.17,0
2023-07-12,C54992,0.2195183328440532,25.166666666666668,0.0,0.0,2.08,4.03,0.2244351913584914,-0.00491685851443821,0.99,4.78,0
2023-07-13,C54992,0.21693207801170297,24.458333333333332,0.0,0.0,1.15,3.3,0.2195183328440532,-0.0025862548323502266,2.08,4.03,0
2023-07-14,C54992,0.22878165530216651,27.416666666666668,0.0,15.0,0.0,4.3,0.21693207801170297,0.011849577290463542,1.15,3.3,1
2023-07-15,C54992,0.24521858908310282,27.791666666666668,0.0,0.0,4.95,4.38,0.22878165530216651,0.016436933780936303,0.0,4.3,0
2023-07-16,C54992,0.2393964116835081,24.333333333333332,0.0,0.0,0.06,3.83,0.24521858908310282,-0.00582217739959473,4.95,4.38,0
2023-07-17,C54992,0.2310899563571838,24.583333333333332,0.0,0.0,4.78,3.56,0.2393964116835081,-0.008306455326324291,0.06,3.83,0
2023-07-18,C54992,0.258285878261228,25.166666666666668,0.0,15.0,0.0,4.39,0.2310899563571838,0.027195921904044212,4.78,3.56,1
2023-07-19,C54992,0.2691806404512121,24.375,0.0,0.0,0.0,3.34,0.258285878261228,0.010894762189984086,0.0,4.39,0
2023-07-20,C54992,0.25650008744151354,23.125,0.0,0.0,1.82,2.53,0.2691806404512121,-0.012680553009698559,0.0,3.34,0
2023-07-21,C54992,0.2498165153547839,22.125,0.0,0.0,2.9,2.79,0.25650008744151354,-0.006683572086729622,1.82,2.53,0
2023-07-22,C54992,0.241512750135918,22.75,0.0,0.0,1.2,3.38,0.2498165153547839,-0.008303765218865916,2.9,2.79,0
2023-07-23,C54992,0.2369431103083661,22.708333333333332,0.0,0.0,17.71,2.02,0.241512750135918,-0.004569639827551902,1.2,3.38,0
2023-07-24,C54992,0.31434411716330934,23.333333333333332,0.0,0.0,30.35,2.26,0.2369431103083661,0.07740100685494325,17.71,2.02,0
2023-07-25,C54992,0.3268940194923006,22.583333333333332,0.0,0.0,0.0,3.61,0.31434411716330934,0.01254990232899128,30.35,2.26,0
2023-07-26,C54992,0.3050978163809303,23.541666666666668,0.0,0.0,0.21,3.84,0.3268940194923006,-0.021796203111370316,0.0,3.61,0
2023-07-27,C54992,0.31886075439603206,22.083333333333332,0.0,0.0,16.9,1.26,0.3050978163809303,0.013762938015101756,0.21,3.84,0
2023-07-28,C54992,0.3230625527329811,26.75,0.0,0.0,0.42,2.94,0.31886075439603206,0.004201798336949059,16.9,1.26,0
2023-07-29,C54992,0.3140362901405232,24.708333333333332,0.0,0.0,5.29,2.88,0.3230625527329811,-0.009026262592457923,0.42,2.94,0
2023-07-30,C54992,0.3157291974937438,22.958333333333332,0.0,0.0,9.12,2.89,0.3140362901405232,0.0016929073532205852,5.29,2.88,0
2023-07-31,C54992,0.33240233018026816,22.416666666666668,0.0,0.0,10.89,1.31,0.3157291974937438,0.016673132686524372,9.12,2.89,0
2023-08-01,C54992,0.3335092218068307,22.875,0.0,0.0,0.63,2.53,0.33240233018026816,0.0011068916265625228,10.89,1.31,0
2023-08-02,C54992,0.3329738566274876,23.5,0.0,0.0,19.48,2.7,0.3335092218068307,-0.0005353651793431058,0.63,2.53,0
2023-08-03,C54992,0.3342076351674255,21.833333333333332,0.0,0.0,14.9,1.79,0.3329738566274876,0.0012337785399379464,19.48,2.7,0
2023-08-04,C54992,0.3297783722753755,22.583333333333332,0.0,0.0,0.13,2.86,0.3342076351674255,-0.004429262892050034,14.9,1.79,0
2023-08-05,C54992,0.32394928102461945,19.5,0.0,0.0,8.0,1.39,0.3297783722753755,-0.0058290912507560355,0.13,2.86,0
2023-08-06,C54992,0.3308333081363655,19.416666666666668,0.0,0.0,25.73,1.44,0.32394928102461945,0.006884027111746072,8.0,1.39,0
2023-08-07,C54992,0.3310561379915952,21.333333333333332,0.0,0.0,0.0,3.47,0.3308333081363655,0.00022282985522970034,25.73,1.44,0
2023-08-08,C54992,0.3262611737577117,20.916666666666668,0.0,0.0,4.07,2.24,0.3310561379915952,-0.004794964233883536,0.0,3.47,0
2023-08-09,C54992,0.3285986852310359,24.583333333333332,0.0,0.0,3.88,3.66,0.3262611737577117,0.0023375114733242275,4.07,2.24,0
2023-08-10,C54992,0.3198039284748039,25.25,0.0,0.0,0.0,3.87,0.3285986852310359,-0.008794756756232036,3.88,3.66,0
2023-08-11,C54992,0.3128983968602577,27.041666666666668,0.0,0.0,0.25,3.58,0.3198039284748039,-0.0069055316145461565,0.0,3.87,0
2023-08-12,C54992,0.3213008269983814,26.5,0.0,0.0,9.89,3.01,0.3128983968602577,0.008402430138123695,0.25,3.58,0
2023-08-13,C54992,0.3177574696692563,25.041666666666668,0.0,0.0,0.0,3.1,0.3213008269983814,-0.003543357329125141,9.89,3.01,0
2023-08-14,C54992,0.3061807042752209,26.916666666666668,0.0,0.0,0.0,4.07,0.3177574696692563,-0.011576765394035349,0.0,3.1,0
2023-08-15,C54992,0.28664801402666046,26.958333333333332,0.0,0.0,0.0,3.67,0.3061807042752209,-0.01953269024856047,0.0,4.07,0
2023-08-16,C54992,0.26779158428577676,25.0,0.0,0.0,0.0,2.37,0.28664801402666046,-0.018856429740883696,0.0,3.67,0
2023-08-17,C54992,0.2549597934185213,24.583333333333332,0.0,0.0,0.0,2.14,0.26779158428577676,-0.012831790867255444,0.0,2.37,0
2023-08-18,C54992,0.2725984888988904,28.291666666666668,0.0,15.0,0.0,2.9,0.2549597934185213,0.01763869548036906,0.0,2.14,1
2023-08-19,C54992,0.30279517331615996,28.75,0.0,0.0,0.0,2.69,0.2725984888988904,0.03019668441726958,0.0,2.9,0
2023-08-20,C54992,0.28469766222026327,28.043478260869566,0.0,0.0,0.0,3.93,0.30279517331615996,-0.01809751109589669,0.0,2.69,0
2023-08-21,C54992,0.29634402527805753,27.416666666666668,0.0,15.0,0.0,3.98,0.28469766222026327,0.011646363057794262,0.0,3.93,1
2023-08-22,C54992,0.3127075738869998,25.347826086956523,0.0,0.0,0.0,2.93,0.29634402527805753,0.01636354860894229,0.0,3.98,0
2023-08-23,C54992,0.2948699013974721,26.08695652173913,0.0,0.0,0.0,3.73,0.3127075738869998,-0.017837672489527723,0.0,2.93,0
2023-08-24,C54992,0.275694298522708,25.227272727272727,0.0,0.0,8.4,1.74,0.2948699013974721,-0.01917560287476411,0.0,3.73,0
2023-08-25,C54992,0.327118768152539,24.227272727272727,0.0,0.0,23.95,1.21,0.275694298522708,0.05142446962983099,8.4,1.74,0
2023-08-26,C54992,0.3337421369404936,22.347826086956523,0.0,0.0,0.0,2.94,0.327118768152539,0.006623368787954609,23.95,1.21,0
2023-08-27,C54992,0.3271828827734374,21.75,0.0,0.0,2.28,2.54,0.3337421369404936,-0.0065592541670562166,0.0,2.94,0
2023-08-28,C54992,0.3224830475653401,19.88235294117647,0.0,0.0,2.37,1.94,0.3271828827734374,-0.004699835208097303,2.28,2.54,0
2023-08-29,C54992,0.3200757873493232,19.65,0.0,0.0,0.0,1.66,0.3224830475653401,-0.0024072602160168932,2.37,1.94,0
2023-08-30,C54992,0.32060267233141326,19.454545454545453,0.0,0.0,6.92,1.92,0.3200757873493232,0.0005268849820900812,0.0,1.66,0
2023-08-31,C54992,0.32149571113352743,20.25,0.0,0.0,0.13,2.32,0.32060267233141326,0.0008930388021141655,6.92,1.92,0
2023-09-01,C54992,0.3299393214657867,22.73913043478261,0.0,0.0,13.67,1.78,0.32149571113352743,0.008443610332259266,0.13,2.32,0
2023-09-02,C54992,0.3352552547969081,25.0,0.0,0.0,0.03,2.32,0.3299393214657867,0.005315933331121403,13.67,1.78,0
2023-09-03,C54992,0.3271410231666093,23.15,0.0,0.0,0.03,2.87,0.3352552547969081,-0.008114231630298785,0.03,2.32,0
2023-09-04,C54992,0.3182615008439327,25.05263157894737,0.0,0.0,0.0,3.19,0.3271410231666093,-0.008879522322676636,0.03,2.87,0
2023-09-05,C54992,0.3154956615411263,16.75,0.0,0.0,0.0,3.57,0.3182615008439327,-0.0027658393028063832,0.0,3.19,0
2023-09-21,C54992,,26.0,0.0,0.0,18.41,0.95,0.3154956615411263,,0.0,3.57,0
2023-09-22,C54992,,25.75,0.0,0.0,7.94,1.34,,,18.41,0.95,0
2023-09-23,C54992,,25.5,0.0,0.0,0.0,1.5,,,7.94,1.34,0
2023-09-24,C54992,,24.5,0.0,0.0,0.0,1.95,,,0.0,1.5,0
2023-09-25,C54992,,25.5,0.0,0.0,0.0,1.85,,,0.0,1.95,0
2023-09-26,C54992,,26.25,0.0,0.0,0.0,1.65,,,0.0,1.85,0
2023-09-27,C54992,,26.0,0.0,0.0,0.0,1.56,,,0.0,1.65,0
2023-09-28,C54992,,27.0,0.0,0.0,0.0,1.87,,,0.0,1.56,0
2023-09-30,C54992,,26.75,0.0,0.0,0.0,1.38,,,0.0,1.87,0
2023-10-01,C54992,,27.666666666666668,0.0,0.0,0.03,1.9,,,0.0,1.38,0
2023-10-02,C54992,,27.333333333333332,0.0,0.0,0.0,1.32,,,0.03,1.9,0
2021-04-06,C55D7C,,20.833333333333332,0.0,,0.0,1.6,,,,,0
2021-04-07,C55D7C,,19.0,0.0,,0.0,2.43,,,0.0,1.6,0
2021-04-08,C55D7C,,18.833333333333332,0.0,,0.0,1.36,,,0.0,2.43,0
2021-04-09,C55D7C,,19.545454545454547,0.0,,0.0,1.9,,,0.0,1.36,0
2021-04-10,C55D7C,,20.545454545454547,0.0,,0.0,1.95,,,0.0,1.9,0
2021-04-11,C55D7C,,21.46153846153846,1.6,0.0,1.6,2.88,,,0.0,1.95,0
2021-04-12,C55D7C,,18.833333333333332,0.0,0.0,0.0,3.11,,,1.6,2.88,0
2021-04-13,C55D7C,,22.0,0.0,0.0,0.0,2.08,,,0.0,3.11,0
2021-04-14,C55D7C,,26.083333333333332,0.0,0.0,0.0,2.26,,,0.0,2.08,0
2021-04-15,C55D7C,,25.333333333333332,0.0,0.0,0.0,2.08,,,0.0,2.26,0
2021-04-16,C55D7C,,26.416666666666668,0.0,0.0,0.0,3.06,,,0.0,2.08,0
2021-04-17,C55D7C,,25.833333333333332,0.0,0.0,0.0,3.49,,,0.0,3.06,0
2021-04-18,C55D7C,,26.166666666666668,0.0,0.0,0.0,3.06,,,0.0,3.49,0
2021-04-19,C55D7C,,27.166666666666668,0.0,0.0,0.0,3.03,,,0.0,3.06,0
2021-04-20,C55D7C,,27.5,0.0,0.0,0.0,4.11,,,0.0,3.03,0
2021-04-21,C55D7C,,27.75,0.0,0.0,0.0,3.73,,,0.0,4.11,0
2021-04-22,C55D7C,,27.333333333333332,0.0,0.0,0.0,2.78,,,0.0,3.73,0
2021-04-23,C55D7C,,27.666666666666668,0.0,0.0,0.0,3.48,,,0.0,2.78,0
2021-04-24,C55D7C,,27.166666666666668,0.0,0.0,0.0,4.02,,,0.0,3.48,0
2021-04-25,C55D7C,,25.916666666666668,0.0,0.0,0.0,1.89,,,0.0,4.02,0
2021-04-26,C55D7C,,26.583333333333332,0.0,0.0,0.0,2.11,,,0.0,1.89,0
2021-04-27,C55D7C,,27.166666666666668,0.0,0.0,0.0,2.93,,,0.0,2.11,0
2021-04-28,C55D7C,,28.25,0.0,0.0,0.0,3.53,,,0.0,2.93,0
2021-04-29,C55D7C,,27.25,0.0,0.0,0.0,1.93,,,0.0,3.53,0
2021-04-30,C55D7C,,26.75,0.0,0.0,0.0,2.67,,,0.0,1.93,0
2021-05-01,C55D7C,,25.75,0.0,0.0,0.0,2.56,,,0.0,2.67,0
2021-05-02,C55D7C,,24.75,0.0,0.0,0.0,3.45,,,0.0,2.56,0
2021-05-03,C55D7C,,25.833333333333332,0.0,0.0,0.0,3.56,,,0.0,3.45,0
2021-05-04,C55D7C,,26.666666666666668,0.0,0.0,0.0,3.48,,,0.0,3.56,0
2021-05-05,C55D7C,,26.25,0.0,0.0,0.0,1.93,,,0.0,3.48,0
2021-05-06,C55D7C,,26.583333333333332,0.0,0.0,0.0,3.12,,,0.0,1.93,0
2021-05-07,C55D7C,,24.666666666666668,0.0,0.0,0.0,2.89,,,0.0,3.12,0
2021-05-08,C55D7C,,17.75,0.0,0.0,0.0,3.83,,,0.0,2.89,0
2021-05-09,C55D7C,,24.833333333333332,0.0,0.0,0.0,3.98,,,0.0,3.83,0
2021-05-10,C55D7C,0.1198018315,25.3,0.0,0.0,0.0,3.62,,,0.0,3.98,0
2021-05-11,C55D7C,0.11876669908333333,20.5,0.6000000000000001,0.0,0.6,4.9,0.1198018315,-0.0010351324166666676,0.0,3.62,0
2021-05-12,C55D7C,0.11729869291666667,21.833333333333332,0.0,0.0,0.0,3.5,0.11876669908333333,-0.0014680061666666605,0.6,4.9,0
2021-05-13,C55D7C,0.11563546661111111,20.333333333333332,0.0,0.0,0.0,3.69,0.11729869291666667,-0.0016632263055555568,0.0,3.5,0
2021-05-14,C55D7C,0.11415275175,19.333333333333332,2.1999999999999997,0.0,2.2,4.14,0.11563546661111111,-0.001482714861111109,0.0,3.69,0
2021-05-15,C55D7C,0.11509553838888888,16.916666666666668,4.4,0.0,4.4,4.55,0.11415275175,0.0009427866388888734,2.2,4.14,0
2021-05-16,C55D7C,0.12020024952777779,18.75,1.2,0.0,1.2,3.24,0.11509553838888888,0.005104711138888912,4.4,4.55,0
2021-05-17,C55D7C,0.1213334948888889,18.0,2.0,0.0,2.0,2.87,0.12020024952777779,0.0011332453611111043,1.2,3.24,0
2021-05-18,C55D7C,0.12334093252777778,19.75,3.0000001,0.0,3.0,4.34,0.1213334948888889,0.002007437638888887,2.0,2.87,0
2021-05-19,C55D7C,0.12356759443589745,18.23076923076923,7.0,0.0,7.0,3.99,0.12334093252777778,0.0002266619081196658,3.0,4.34,0
2021-05-20,C55D7C,0.1298250612051282,18.53846153846154,1.6,0.0,1.6,2.13,0.12356759443589745,0.006257466769230766,7.0,3.99,0
2021-05-21,C55D7C,0.12979319472222223,20.833333333333332,0.0,0.0,0.0,3.52,0.1298250612051282,-3.1866482905984483e-05,1.6,2.13,0
2021-05-22,C55D7C,0.12707626530555555,16.083333333333332,2.4,0.0,2.4,4.38,0.12979319472222223,-0.00271692941666668,0.0,3.52,0
2021-05-23,C55D7C,0.1279356463888889,18.833333333333332,1.8,0.0,1.8,2.83,0.12707626530555555,0.0008593810833333604,2.4,4.38,0
2021-05-24,C55D7C,0.12685997252777778,18.583333333333332,4.0,0.0,4.0,2.73,0.1279356463888889,-0.001075673861111126,1.8,2.83,0
2021-05-25,C55D7C,0.1294068143611111,14.666666666666666,5.0,0.0,5.0,3.42,0.12685997252777778,0.002546841833333313,4.0,2.73,0
2021-05-26,C55D7C,0.13662368677777778,18.333333333333332,2.4,0.0,2.4,3.54,0.1294068143611111,0.0072168724166666864,5.0,3.42,0
2021-05-27,C55D7C,0.13691046147222222,17.25,0.0,0.0,0.0,3.81,0.13662368677777778,0.00028677469444443604,2.4,3.54,0
2021-05-28,C55D7C,0.13378691183333333,20.333333333333332,0.0,0.0,0.0,3.62,0.13691046147222222,-0.0031235496388888895,0.0,3.81,0
2021-05-29,C55D7C,0.1292149642777778,22.5,0.0,0.0,0.0,1.77,0.13378691183333333,-0.004571947555555539,0.0,3.62,0
2021-05-30,C55D7C,0.12467437277777776,24.416666666666668,0.0,0.0,0.0,2.63,0.1292149642777778,-0.004540591500000024,0.0,1.77,0
2021-05-31,C55D7C,0.12019105902777778,26.333333333333332,0.0,0.0,0.0,3.28,0.12467437277777776,-0.0044833137499999814,0.0,2.63,0
2021-06-01,C55D7C,0.11558359402777778,26.75,0.0,0.0,0.0,2.76,0.12019105902777778,-0.004607465000000005,0.0,3.28,0
2021-06-02,C55D7C,0.11090097930555555,29.25,0.0,0.0,0.0,4.27,0.11558359402777778,-0.004682614722222228,0.0,2.76,0
2021-06-03,C55D7C,0.10737190561538462,28.615384615384617,8.2000003,0.0,8.2,4.63,0.11090097930555555,-0.003529073690170928,0.0,4.27,0
2021-06-04,C55D7C,0.11043663827777778,28.083333333333332,0.4,0.0,0.4,5.22,0.10737190561538462,0.0030647326623931548,8.2,4.63,0
2021-06-05,C55D7C,0.10865893663888888,22.333333333333332,0.0,0.0,0.0,1.57,0.11043663827777778,-0.0017777016388888928,0.4,5.22,0
2021-06-06,C55D7C,0.10407692297222222,23.416666666666668,0.0,0.0,0.0,3.49,0.10865893663888888,-0.004582013666666662,0.0,1.57,0
2021-06-07,C55D7C,0.10039116319444445,25.666666666666668,0.0,0.0,0.0,1.88,0.10407692297222222,-0.0036857597777777695,0.0,3.49,0
2021-06-08,C55D7C,0.09567748611111111,27.583333333333332,0.0,0.0,0.0,1.43,0.10039116319444445,-0.00471367708333334,0.0,1.88,0
2021-06-09,C55D7C,0.09023306766666667,28.333333333333332,0.0,0.0,0.0,2.55,0.09567748611111111,-0.005444418444444446,0.0,1.43,0
2021-06-10,C55D7C,0.08529829288888889,29.5,0.0,0.0,0.0,2.87,0.09023306766666667,-0.004934774777777776,0.0,2.55,0
2021-06-11,C55D7C,0.08046140638888889,29.75,0.0,0.0,0.0,4.43,0.08529829288888889,-0.004836886499999998,0.0,2.87,0
2021-06-12,C55D7C,0.07656722711111111,25.833333333333332,0.0,0.0,0.0,4.62,0.08046140638888889,-0.0038941792777777845,0.0,4.43,0
2021-06-13,C55D7C,0.073434414,26.416666666666668,0.0,0.0,0.0,3.79,0.07656722711111111,-0.0031328131111111046,0.0,4.62,0
2021-06-14,C55D7C,0.07016716183333334,29.583333333333332,0.0,0.0,0.0,4.64,0.073434414,-0.003267252166666665,0.0,3.79,0
2021-06-15,C55D7C,0.06675111872222222,28.833333333333332,0.0,0.0,0.0,5.24,0.07016716183333334,-0.003416043111111114,0.0,4.64,0
2021-06-16,C55D7C,0.06934909451515152,30.727272727272727,14.400001,0.0,14.4,5.45,0.06675111872222222,0.002597975792929294,0.0,5.24,0
2021-06-17,C55D7C,0.07351684925,32.333333333333336,17.0,0.0,17.0,5.34,0.06934909451515152,0.004167754734848483,14.4,5.45,0
2021-06-18,C55D7C,0.09939132313888889,32.166666666666664,0.0,0.0,0.0,6.08,0.07351684925,0.025874473888888888,17.0,5.34,0
2021-06-19,C55D7C,0.09951226308333333,30.916666666666668,1.0,0.0,1.0,3.98,0.09939132313888889,0.00012093994444443978,0.0,6.08,0
2021-06-20,C55D7C,0.11899600094444444,28.916666666666668,13.2,0.0,13.2,3.9,0.09951226308333333,0.019483737861111114,1.0,3.98,0
2021-06-21,C55D7C,0.15479773941666666,23.5,18.0,0.0,18.0,3.43,0.11899600094444444,0.03580173847222222,13.2,3.9,0
2021-06-22,C55D7C,0.16404606238888889,20.083333333333332,8.0,0.0,8.0,5.47,0.15479773941666666,0.009248322972222223,18.0,3.43,0
2021-06-23,C55D7C,0.17406383777777779,20.666666666666668,0.8,0.0,0.8,5.52,0.16404606238888889,0.0100177753888889,8.0,5.47,0
2021-06-24,C55D7C,0.16573282127777778,24.083333333333332,0.0,0.0,0.0,3.33,0.17406383777777779,-0.00833101650000001,0.8,5.52,0
2021-06-25,C55D7C,0.15568680305555557,24.0,0.0,0.0,0.0,3.46,0.16573282127777778,-0.010046018222222203,0.0,3.33,0
2021-06-26,C55D7C,0.14550118936111112,28.0,0.0,0.0,0.0,2.39,0.15568680305555557,-0.010185613694444456,0.0,3.46,0
2021-06-27,C55D7C,0.13604279041666667,25.5,9.4000003,0.0,9.4,2.2,0.14550118936111112,-0.009458398944444446,0.0,2.39,0
2021-06-28,C55D7C,0.14103685258333334,27.583333333333332,4.8000003,0.0,4.8,4.64,0.13604279041666667,0.004994062166666674,9.4,2.2,0
2021-06-29,C55D7C,0.16434574508333333,26.666666666666668,40.0000002,0.0,40.0,4.61,0.14103685258333334,0.023308892499999984,4.8,4.64,0
2021-06-30,C55D7C,0.23069341766666665,20.416666666666668,15.2000003,0.0,15.2,3.01,0.16434574508333333,0.06634767258333332,40.0,4.61,0
2021-07-01,C55D7C,0.21770501052777777,20.0,1.5999999999999999,0.0,1.6,4.06,0.23069341766666665,-0.01298840713888888,15.2,3.01,0
2021-07-02,C55D7C,0.20760263516666666,23.916666666666668,0.0,0.0,0.0,4.65,0.21770501052777777,-0.01010237536111111,1.6,4.06,0
2021-07-03,C55D7C,0.19817145055555555,25.75,3.2,0.0,3.2,4.69,0.20760263516666666,-0.009431184611111115,0.0,4.65,0
2021-07-04,C55D7C,0.20044717244444443,25.166666666666668,8.600000099999999,0.0,8.6,4.68,0.19817145055555555,0.0022757218888888875,3.2,4.69,0
2021-07-05,C55D7C,0.20425523363888887,22.583333333333332,6.4,0.0,6.4,4.05,0.20044717244444443,0.0038080611944444342,8.6,4.68,0
2021-07-06,C55D7C,0.1984097023888889,24.416666666666668,0.4,0.0,0.4,3.64,0.20425523363888887,-0.00584553124999998,6.4,4.05,0
2021-07-07,C55D7C,0.18878363130555556,24.333333333333332,0.0,0.0,0.0,2.92,0.1984097023888889,-0.009626071083333326,0.4,3.64,0
2021-07-08,C55D7C,0.18211124580555557,25.75,5.0,0.0,5.0,4.57,0.18878363130555556,-0.006672385499999989,0.0,2.92,0
2021-07-09,C55D7C,0.18092431433333334,25.0,0.0,0.0,0.0,4.04,0.18211124580555557,-0.0011869314722222357,5.0,4.57,0
2021-07-10,C55D7C,0.1756159063611111,24.5,4.6000003000000005,0.0,4.6,2.92,0.18092431433333334,-0.005308407972222234,0.0,4.04,0
2021-07-11,C55D7C,0.17461897158333337,25.833333333333332,0.0,0.0,0.0,2.66,0.1756159063611111,-0.000996934777777736,4.6,2.92,0
2021-07-12,C55D7C,0.17006705235897435,25.846153846153847,0.0,0.0,0.0,4.42,0.17461897158333337,-0.004551919224359019,0.0,2.66,0
2021-07-13,C55D7C,0.16926152408333336,23.833333333333332,10.4000001,0.0,10.4,4.09,0.17006705235897435,-0.0008055282756409821,0.0,4.42,0
2021-07-14,C55D7C,0.19722277025,23.0,20.0000001,0.0,20.0,4.62,0.16926152408333336,0.027961246166666648,10.4,4.09,0
2021-07-15,C55D7C,0.24095615372222223,23.333333333333332,40.2000005,0.0,40.2,4.0,0.19722277025,0.04373338347222222,20.0,4.62,0
2021-07-16,C55D7C,0.230230748,23.923076923076923,3.8000000000000003,0.0,3.8,4.08,0.24095615372222223,-0.01072540572222222,40.2,4.0,0
2021-07-17,C55D7C,0.21488618322222222,27.0,0.0,0.0,0.0,4.76,0.230230748,-0.015344564777777792,3.8,4.08,0
2021-07-18,C55D7C,0.20224974047222222,27.916666666666668,0.0,0.0,0.0,5.29,0.21488618322222222,-0.012636442750000004,0.0,4.76,0
2021-07-19,C55D7C,0.19382973093333336,24.333333333333332,0.0,0.0,0.0,6.38,0.20224974047222222,-0.008420009538888856,0.0,5.29,0
2021-07-20,C55D7C,,28.0,0.0,0.0,0.0,4.57,0.19382973093333336,,0.0,6.38,0
2021-07-21,C55D7C,,27.5,0.0,0.0,0.0,1.15,,,0.0,4.57,0
2021-07-22,C55D7C,,27.0,0.0,0.0,0.0,3.54,,,0.0,1.15,0
2021-07-24,C55D7C,,27.0,0.0,0.0,0.0,5.0,,,0.0,3.54,0
2021-07-25,C55D7C,,27.0,0.0,0.0,0.0,3.98,,,0.0,5.0,0
2021-07-26,C55D7C,0.16297812,28.571428571428573,2.0000001000000003,0.0,2.0,3.05,,,0.0,3.98,0
2021-07-27,C55D7C,0.16117214686111112,24.916666666666668,4.2000003,0.0,4.2,3.76,0.16297812,-0.0018059731388888889,2.0,3.05,0
2021-07-28,C55D7C,0.16129759919444445,24.916666666666668,0.8,0.0,0.8,4.77,0.16117214686111112,0.00012545233333333128,4.2,3.76,0
2021-07-29,C55D7C,0.15889757897222223,23.833333333333332,0.4,0.0,0.4,4.16,0.16129759919444445,-0.0024000202222222156,0.8,4.77,0
2021-07-30,C55D7C,0.15610857119444443,25.666666666666668,0.0,0.0,0.0,3.84,0.15889757897222223,-0.0027890077777777966,0.4,4.16,0
2021-07-31,C55D7C,0.15313573416666668,24.333333333333332,0.0,0.0,0.0,3.45,0.15610857119444443,-0.0029728370277777583,0.0,3.84,0
2021-08-01,C55D7C,0.15094784380555556,21.25,5.800000300000001,0.0,5.8,3.8,0.15313573416666668,-0.002187890361111111,0.0,3.45,0
2021-08-02,C55D7C,0.1541037764722222,21.25,1.0,0.0,1.0,4.37,0.15094784380555556,0.0031559326666666387,5.8,3.8,0
2021-08-03,C55D7C,0.15741355769444446,20.583333333333332,5.6,0.0,5.6,4.99,0.1541037764722222,0.0033097812222222522,1.0,4.37,0
2021-08-04,C55D7C,0.1593729048611111,23.75,0.0,0.0,0.0,3.45,0.15741355769444446,0.001959347166666653,5.6,4.99,0
2021-08-05,C55D7C,0.15555638183333334,25.666666666666668,0.0,0.0,0.0,2.94,0.1593729048611111,-0.0038165230277777684,0.0,3.45,0
2021-08-06,C55D7C,0.15225237727777777,24.75,2.4,0.0,2.4,3.57,0.15555638183333334,-0.003304004555555573,0.0,2.94,0
2021-08-07,C55D7C,0.15551852919444445,23.5,9.0000003,0.0,9.0,4.22,0.15225237727777777,0.003266151916666682,2.4,3.57,0
2021-08-08,C55D7C,0.15664256147222222,22.5,0.4,0.0,0.4,4.44,0.15551852919444445,0.00112403227777777,9.0,4.22,0
2021-08-09,C55D7C,0.15435260288888888,22.0,10.000000100000001,0.0,10.0,5.24,0.15664256147222222,-0.0022899585833333347,0.4,4.44,0
2021-08-10,C55D7C,0.1684346410277778,22.666666666666668,4.8,0.0,4.8,5.97,0.15435260288888888,0.01408203813888892,10.0,5.24,0
2021-08-11,C55D7C,0.1681318843888889,23.916666666666668,0.0,0.0,0.0,5.34,0.1684346410277778,-0.00030275663888890136,4.8,5.97,0
2021-08-12,C55D7C,0.1616820875,26.25,0.0,0.0,0.0,5.46,0.1681318843888889,-0.0064497968888889146,0.0,5.34,0
2021-08-13,C55D7C,0.1562276393888889,25.75,0.0,0.0,0.0,5.0,0.1616820875,-0.005454448111111093,0.0,5.46,0
2021-08-14,C55D7C,0.15193003747222222,25.083333333333332,0.0,0.0,0.0,4.37,0.1562276393888889,-0.004297601916666671,0.0,5.0,0
2021-08-15,C55D7C,0.14789313127777778,27.5,0.0,0.0,0.0,2.21,0.15193003747222222,-0.0040369061944444395,0.0,4.37,0
2021-08-16,C55D7C,0.1453486721111111,21.0,4.6,0.0,4.6,3.45,0.14789313127777778,-0.0025444591666666794,0.0,2.21,0
2021-08-17,C55D7C,0.1484035478611111,19.333333333333332,5.4,0.0,5.4,1.97,0.1453486721111111,0.0030548757499999912,4.6,3.45,0
2021-08-18,C55D7C,0.15524540297222222,22.416666666666668,2.2,0.0,2.2,2.8,0.1484035478611111,0.006841855111111128,5.4,1.97,0
2021-08-19,C55D7C,0.15542892833333333,23.166666666666668,0.0,0.0,0.0,2.38,0.15524540297222222,0.00018352536111110318,2.2,2.8,0
2021-08-20,C55D7C,0.1523237948611111,23.416666666666668,0.4,0.0,0.4,3.08,0.15542892833333333,-0.0031051334722222157,0.0,2.38,0
2021-08-21,C55D7C,0.14857470027777778,26.25,1.0,0.0,1.0,3.08,0.1523237948611111,-0.0037490945833333345,0.4,3.08,0
2021-08-22,C55D7C,0.15264074955555554,23.833333333333332,8.6,0.0,8.6,2.99,0.14857470027777778,0.004066049277777761,1.0,3.08,0
2021-08-23,C55D7C,0.15519648094444446,23.166666666666668,2.1999999999999997,0.0,2.2,3.81,0.15264074955555554,0.0025557313888889266,8.6,2.99,0
2021-08-24,C55D7C,0.15440084527777778,22.583333333333332,0.0,0.0,0.0,4.21,0.15519648094444446,-0.0007956356666666831,2.2,3.81,0
2021-08-25,C55D7C,0.15079456316666665,22.666666666666668,0.0,0.0,0.0,4.21,0.15440084527777778,-0.0036062821111111365,0.0,4.21,0
2021-08-26,C55D7C,0.1466992159722222,21.833333333333332,0.4,0.0,0.4,1.68,0.15079456316666665,-0.004095347194444432,0.0,4.21,0
2021-08-27,C55D7C,0.14465762130555557,20.583333333333332,0.6000000000000001,0.0,0.6,1.74,0.1466992159722222,-0.0020415946666666462,0.4,1.68,0
2021-08-28,C55D7C,0.14304288836111112,21.833333333333332,1.6,0.0,1.6,4.26,0.14465762130555557,-0.001614732944444447,0.6,1.74,0
2021-08-29,C55D7C,0.14216506341666665,20.5,4.4,0.0,4.4,3.44,0.14304288836111112,-0.0008778249444444663,1.6,4.26,0
2021-08-30,C55D7C,0.14531505125,22.916666666666668,4.4000003,0.0,4.4,4.33,0.14216506341666665,0.0031499878333333398,4.4,3.44,0
2021-08-31,C55D7C,0.1506971718888889,21.916666666666668,0.0,0.0,0.0,3.72,0.14531505125,0.005382120638888904,4.4,4.33,0
2021-09-01,C55D7C,0.15067988375,21.333333333333332,0.0,0.0,0.0,4.08,0.1506971718888889,-1.728813888890457e-05,0.0,3.72,0
2021-09-02,C55D7C,0.1480948075277778,22.5,0.0,0.0,0.0,4.25,0.15067988375,-0.0025850762222222046,0.0,4.08,0
2021-09-03,C55D7C,0.1442672971388889,23.833333333333332,0.0,0.0,0.0,3.26,0.1480948075277778,-0.0038275103888888995,0.0,4.25,0
2021-09-04,C55D7C,0.14056730080555555,21.166666666666668,0.0,0.0,0.0,3.12,0.1442672971388889,-0.003699996333333344,0.0,3.26,0
2021-09-05,C55D7C,0.137447313,23.333333333333332,0.0,0.0,0.0,3.34,0.14056730080555555,-0.0031199878055555574,0.0,3.12,0
2021-09-06,C55D7C,0.13384334233333334,23.833333333333332,0.0,0.0,0.0,3.6,0.137447313,-0.0036039706666666504,0.0,3.34,0
2021-09-07,C55D7C,0.1302971882857143,23.428571428571427,0.0,0.0,0.0,2.74,0.13384334233333334,-0.0035461540476190434,0.0,3.6,0
2021-09-08,C55D7C,0.12487239577777777,25.416666666666668,0.0,0.0,0.0,1.94,0.1302971882857143,-0.005424792507936524,0.0,2.74,0
2021-09-09,C55D7C,0.119901541,26.083333333333332,0.0,0.0,0.0,1.47,0.12487239577777777,-0.0049708547777777695,0.0,1.94,0
2021-09-10,C55D7C,0.11668805819444444,25.083333333333332,9.0,0.0,9.0,1.08,0.119901541,-0.0032134828055555564,0.0,1.47,0
2021-09-11,C55D7C,0.12111296994444444,23.083333333333332,0.2,0.0,0.2,2.01,0.11668805819444444,0.004424911749999996,9.0,1.08,0
2021-09-12,C55D7C,0.12660201925,23.25,0.0,0.0,0.0,2.51,0.12111296994444444,0.005489049305555563,0.2,2.01,0
2021-09-13,C55D7C,0.12579595458333334,22.25,0.0,0.0,0.0,1.66,0.12660201925,-0.0008060646666666615,0.0,2.51,0
2021-09-14,C55D7C,0.12350406741666668,22.833333333333332,0.0,0.0,0.0,0.57,0.12579595458333334,-0.002291887166666659,0.0,1.66,0
2021-09-15,C55D7C,0.12094804625,23.75,4.8000001,0.0,4.8,1.38,0.12350406741666668,-0.002556021166666686,0.0,0.57,0
2021-09-16,C55D7C,0.12451678161111111,21.083333333333332,0.0,0.0,0.0,1.31,0.12094804625,0.0035687353611111167,4.8,1.38,0
2021-09-17,C55D7C,0.12331509241666666,21.833333333333332,0.0,0.0,0.0,1.48,0.12451678161111111,-0.0012016891944444524,0.0,1.31,0
2021-09-18,C55D7C,0.12022185677777779,21.5,0.0,0.0,0.0,0.6,0.12331509241666666,-0.003093235638888872,0.0,1.48,0
2021-09-19,C55D7C,0.11653294894444444,20.916666666666668,0.0,0.0,0.0,1.6,0.12022185677777779,-0.003688907833333352,0.0,0.6,0
2021-09-20,C55D7C,0.11477625214285714,17.714285714285715,0.0,0.0,0.0,1.22,0.11653294894444444,-0.0017566968015872986,0.0,1.6,0
2021-09-21,C55D7C,,24.0,0.0,0.0,0.0,1.37,0.11477625214285714,,0.0,1.22,0
2021-09-22,C55D7C,,27.0,0.0,0.0,0.0,1.74,,,0.0,1.37,0
2021-09-23,C55D7C,,25.75,0.0,0.0,0.0,1.16,,,0.0,1.74,0
2021-09-24,C55D7C,,26.333333333333332,0.0,0.0,0.0,0.98,,,0.0,1.16,0
2021-09-25,C55D7C,,27.75,0.0,0.0,0.0,1.66,,,0.0,0.98,0
2021-09-27,C55D7C,,28.666666666666668,0.0,0.0,0.0,0.76,,,0.0,1.66,0
2021-10-01,C55D7C,,26.5,0.0,,0.0,1.84,,,0.0,0.76,0
2021-10-07,C55D7C,,24.25,0.0,,0.0,1.25,,,0.0,1.84,0
2021-10-08,C55D7C,,24.0,0.0,,0.0,1.22,,,0.0,1.25,0
2021-10-09,C55D7C,,21.0,0.0,,0.0,1.16,,,0.0,1.22,0
2021-10-12,C55D7C,,22.0,0.0,,0.0,0.79,,,0.0,1.16,0
2021-10-13,C55D7C,,21.0,0.0,,0.0,0.79,,,0.0,0.79,0
2021-11-19,C55D7C,,26.0,0.0,,0.0,,,,0.0,0.79,0
2021-11-20,C55D7C,,26.5,0.0,,0.0,,,,0.0,,0
2021-11-21,C55D7C,,26.0,0.0,,0.0,,,,0.0,,0
2021-11-22,C55D7C,,24.0,0.0,,0.0,,,,0.0,,0
2021-11-23,C55D7C,,24.0,0.0,,0.0,,,,0.0,,0
2021-11-24,C55D7C,,25.333333333333332,0.0,,0.0,,,,0.0,,0
2021-11-25,C55D7C,,25.0,0.0,,0.0,,,,0.0,,0
2021-11-26,C55D7C,,23.0,0.0,,0.0,,,,0.0,,0
2021-11-27,C55D7C,,24.0,0.0,,0.0,,,,0.0,,0
2021-11-28,C55D7C,,24.0,0.0,,0.0,,,,0.0,,0
2021-11-29,C55D7C,,24.0,0.0,,0.0,,,,0.0,,0
2021-11-30,C55D7C,,24.0,0.0,,0.0,,,,0.0,,0
2021-12-01,C55D7C,,24.0,0.0,,0.0,,,,0.0,,0
2021-12-03,C55D7C,,23.0,0.0,,0.0,,,,0.0,,0
2021-12-04,C55D7C,,24.0,0.0,,0.0,,,,0.0,,0
2021-12-05,C55D7C,,24.0,0.0,,0.0,,,,0.0,,0
2021-12-07,C55D7C,,22.0,0.0,,0.0,,,,0.0,,0
2021-12-08,C55D7C,,22.0,0.0,,0.0,,,,0.0,,0
2021-12-09,C55D7C,,23.5,0.0,,0.0,,,,0.0,,0
2021-12-10,C55D7C,,23.0,0.0,,0.0,,,,0.0,,0
2021-12-14,C55D7C,,18.833333333333332,0.0,,0.0,,,,0.0,,0
2021-12-15,C55D7C,,19.454545454545453,0.0,,0.0,,,,0.0,,0
2021-12-16,C55D7C,,18.75,0.0,,0.0,,,,0.0,,0
2021-12-17,C55D7C,,18.5,0.0,,0.0,,,,0.0,,0
2021-12-18,C55D7C,,19.0,0.0,,0.0,,,,0.0,,0
2021-12-19,C55D7C,,19.083333333333332,0.0,,0.0,,,,0.0,,0
2021-12-20,C55D7C,,18.916666666666668,0.0,,0.0,,,,0.0,,0
2021-12-21,C55D7C,,17.916666666666668,0.0,,0.0,,,,0.0,,0
2021-12-22,C55D7C,,17.0,0.0,,0.0,,,,0.0,,0
2021-12-23,C55D7C,,18.466666666666665,0.0,,0.0,,,,0.0,,0
2021-12-24,C55D7C,,18.416666666666668,0.0,,0.0,,,,0.0,,0
2021-12-25,C55D7C,,18.583333333333332,0.0,,0.0,,,,0.0,,0
2021-12-26,C55D7C,,17.666666666666668,0.0,,0.0,,,,0.0,,0
2021-12-27,C55D7C,,18.583333333333332,0.0,,0.0,,,,0.0,,0
2021-12-28,C55D7C,,19.25,0.0,,0.0,,,,0.0,,0
2021-12-29,C55D7C,,19.291666666666668,0.0,,0.0,,,,0.0,,0
2021-12-30,C55D7C,,20.166666666666668,0.0,,0.0,,,,0.0,,0
2021-12-31,C55D7C,,20.541666666666668,0.0,,0.0,,,,0.0,,0
2022-01-01,C55D7C,,21.0,0.0,,0.0,0.35,,,0.0,,0
2022-01-02,C55D7C,,20.458333333333332,0.0,,0.0,0.98,,,0.0,0.35,0
2022-01-03,C55D7C,,20.5,0.0,,0.0,0.69,,,0.0,0.98,0
2022-01-04,C55D7C,,19.875,0.0,,0.0,0.34,,,0.0,0.69,0
2022-01-05,C55D7C,,19.0,0.0,,0.0,0.37,,,0.0,0.34,0
2022-01-06,C55D7C,,16.416666666666668,0.0,,0.0,0.03,,,0.0,0.37,0
2022-01-07,C55D7C,,17.0,0.0,,0.0,0.52,,,0.0,0.03,0
2022-01-08,C55D7C,,17.583333333333332,0.0,,0.0,0.34,,,0.0,0.52,0
2022-01-09,C55D7C,,17.875,0.0,,0.0,0.31,,,0.0,0.34,0
2022-01-10,C55D7C,,17.652173913043477,0.0,,0.0,0.14,,,0.0,0.31,0
2022-01-11,C55D7C,,17.625,0.0,,0.0,-0.08,,,0.0,0.14,0
2022-01-12,C55D7C,,17.736842105263158,0.0,,0.0,0.23,,,0.0,-0.08,0
2022-01-13,C55D7C,,18.0,0.0,,0.0,0.0,,,0.0,0.23,0
2022-01-14,C55D7C,,17.791666666666668,0.0,,0.0,-0.07,,,0.0,0.0,0
2022-01-15,C55D7C,,17.875,0.0,,0.0,0.07,,,0.0,-0.07,0
2022-01-16,C55D7C,,17.666666666666668,0.0,,0.0,0.28,,,0.0,0.07,0
2022-01-17,C55D7C,,17.875,0.0,,0.0,0.29,,,0.0,0.28,0
2022-01-18,C55D7C,,18.1,0.0,,0.0,0.14,,,0.0,0.29,0
2022-01-19,C55D7C,,18.09090909090909,0.0,,0.0,0.32,,,0.0,0.14,0
2022-01-20,C55D7C,,16.875,0.0,,0.0,0.25,,,0.0,0.32,0
2022-01-21,C55D7C,,17.04,0.0,,0.0,0.13,,,0.0,0.25,0
2022-01-22,C55D7C,,17.8,0.0,,0.0,0.4,,,0.0,0.13,0
2022-01-23,C55D7C,,17.952380952380953,0.0,,0.0,0.35,,,0.0,0.4,0
2022-01-24,C55D7C,,17.956521739130434,0.0,,0.0,0.12,,,0.0,0.35,0
2022-01-25,C55D7C,,17.681818181818183,0.0,,0.0,0.26,,,0.0,0.12,0
2022-01-26,C55D7C,,17.818181818181817,0.0,,0.0,0.41,,,0.0,0.26,0
2022-01-27,C55D7C,,17.941176470588236,0.0,,0.0,0.5,,,0.0,0.41,0
2022-01-28,C55D7C,,18.0,0.0,,0.0,0.24,,,0.0,0.5,0
2022-01-29,C55D7C,,18.4,0.0,,0.0,0.59,,,0.0,0.24,0
2022-01-30,C55D7C,,18.363636363636363,0.0,,0.0,0.45,,,0.0,0.59,0
2022-01-31,C55D7C,,18.263157894736842,0.0,,0.0,0.81,,,0.0,0.45,0
2022-02-01,C55D7C,,18.1,0.0,,0.0,0.54,,,0.0,0.81,0
2022-02-02,C55D7C,,19.0625,0.0,,0.0,0.57,,,0.0,0.54,0
2022-02-03,C55D7C,,19.08695652173913,0.0,,0.0,0.61,,,0.0,0.57,0
2022-02-04,C55D7C,,19.318181818181817,0.0,,0.0,0.62,,,0.0,0.61,0
2022-02-05,C55D7C,,18.55,0.0,,0.0,0.81,,,0.0,0.62,0
2022-02-06,C55D7C,,18.466666666666665,0.0,,0.0,0.71,,,0.0,0.81,0
2022-02-07,C55D7C,,18.73913043478261,0.0,,0.0,0.78,,,0.0,0.71,0
2022-02-08,C55D7C,,18.875,0.0,,0.0,0.61,,,0.0,0.78,0
2022-02-09,C55D7C,,19.583333333333332,0.0,,0.0,0.58,,,0.0,0.61,0
2022-02-10,C55D7C,,19.625,0.0,,0.0,0.33,,,0.0,0.58,0
2022-02-11,C55D7C,,18.833333333333332,0.0,,0.0,0.54,,,0.0,0.33,0
2022-02-12,C55D7C,,18.333333333333332,0.0,,0.0,0.55,,,0.0,0.54,0
2022-02-13,C55D7C,,18.458333333333332,0.0,,0.0,1.27,,,0.0,0.55,0
2022-02-14,C55D7C,,19.25,0.0,,0.0,1.42,,,0.0,1.27,0
2022-02-15,C55D7C,,18.666666666666668,0.0,,0.0,0.88,,,0.0,1.42,0
2022-02-16,C55D7C,,19.28,0.0,,0.0,0.63,,,0.0,0.88,0
2022-02-17,C55D7C,,19.791666666666668,0.0,,0.0,1.9,,,0.0,0.63,0
2022-02-18,C55D7C,,19.208333333333332,0.0,,0.0,1.64,,,0.0,1.9,0
2022-02-19,C55D7C,,19.04,0.0,,0.0,1.49,,,0.0,1.64,0
2022-02-20,C55D7C,,19.125,0.0,,0.0,1.07,,,0.0,1.49,0
2022-02-21,C55D7C,,19.28,0.0,,0.0,1.32,,,0.0,1.07,0
2022-02-22,C55D7C,,18.75,0.0,,0.0,0.62,,,0.0,1.32,0
2022-02-23,C55D7C,,10.19047619047619,0.0,,0.0,0.97,,,0.0,0.62,0
2022-02-24,C55D7C,,19.136363636363637,0.0,,0.0,1.12,,,0.0,0.97,0
2022-02-25,C55D7C,,24.416666666666668,0.0,,0.0,0.94,,,0.0,1.12,0
2022-02-26,C55D7C,,23.625,0.0,,0.0,0.64,,,0.0,0.94,0
2022-02-27,C55D7C,,22.458333333333332,0.0,,0.0,1.44,,,0.0,0.64,0
2022-02-28,C55D7C,,22.25,0.0,,0.0,0.83,,,0.0,1.44,0
2022-03-01,C55D7C,,23.857142857142858,0.0,,0.0,0.76,,,0.0,0.83,0
2022-03-02,C55D7C,,23.181818181818183,0.0,,0.0,1.11,,,0.0,0.76,0
2022-03-03,C55D7C,,24.0,0.0,,0.0,1.1,,,0.0,1.11,0
2022-03-04,C55D7C,,23.11111111111111,0.0,,0.0,1.15,,,0.0,1.1,0
2022-03-05,C55D7C,,23.9,0.0,,0.0,1.03,,,0.0,1.15,0
2022-03-06,C55D7C,,23.875,0.0,,0.0,0.93,,,0.0,1.03,0
2022-03-07,C55D7C,,23.1875,0.0,,0.0,1.36,,,0.0,0.93,0
2022-03-08,C55D7C,,23.384615384615383,0.0,,0.0,1.92,,,0.0,1.36,0
2022-03-09,C55D7C,,23.583333333333332,0.0,,0.0,1.36,,,0.0,1.92,0
2022-03-10,C55D7C,,24.142857142857142,0.0,,0.0,1.23,,,0.0,1.36,0
2022-03-11,C55D7C,,24.9,0.0,,0.0,,,,0.0,1.23,0
2022-03-12,C55D7C,,25.1,0.0,,0.0,,,,0.0,,0
2022-03-13,C55D7C,,25.307692307692307,0.0,,0.0,2.49,,,0.0,,0
2022-03-14,C55D7C,,25.0,0.0,,0.0,1.41,,,0.0,2.49,0
2022-03-15,C55D7C,,25.375,0.0,,0.0,0.8,,,0.0,1.41,0
2022-03-16,C55D7C,,25.875,0.0,,0.0,1.06,,,0.0,0.8,0
2022-03-17,C55D7C,,25.875,0.0,,0.0,1.01,,,0.0,1.06,0
2022-03-18,C55D7C,,25.88888888888889,0.0,,0.0,1.8,,,0.0,1.01,0
2022-03-19,C55D7C,,26.0,0.0,,0.0,2.75,,,0.0,1.8,0
2022-03-21,C55D7C,,20.333333333333332,0.0,,0.0,1.77,,,0.0,2.75,0
2022-03-22,C55D7C,,17.41176470588235,0.0,,0.0,1.97,,,0.0,1.77,0
2022-03-23,C55D7C,,16.0,0.0,,0.0,1.94,,,0.0,1.97,0
2022-03-24,C55D7C,,13.777777777777779,0.0,,0.0,1.95,,,0.0,1.94,0
2022-05-04,C55D7C,0.13816519745454547,20.692307692307693,0.0,0.0,0.0,3.48,,,0.0,1.95,0
2022-05-05,C55D7C,0.13799012868333332,17.727272727272727,0.0,0.0,0.0,1.93,0.13816519745454547,-0.00017506877121215014,0.0,3.48,0
2022-05-06,C55D7C,0.13707949568333333,17.083333333333332,0.0,0.0,0.0,3.12,0.13799012868333332,-0.000910632999999994,0.0,1.93,0
2022-05-07,C55D7C,0.13547617602777778,21.541666666666668,0.0,0.0,0.0,2.89,0.13707949568333333,-0.0016033196555555462,0.0,3.12,0
2022-05-08,C55D7C,0.13371333559722223,21.375,0.0,0.0,0.0,3.83,0.13547617602777778,-0.0017628404305555512,0.0,2.89,0
2022-05-09,C55D7C,0.13125852648148148,16.625,0.0,0.0,0.0,3.98,0.13371333559722223,-0.0024548091157407526,0.0,3.83,0
2022-05-10,C55D7C,0.12872666381666667,20.791666666666668,12.0,0.0,12.0,3.62,0.13125852648148148,-0.00253186266481481,0.0,3.98,0
2022-05-11,C55D7C,0.1883680049583333,25.125,9.0,0.0,9.0,4.9,0.12872666381666667,0.05964134114166664,12.0,3.62,0
2022-05-12,C55D7C,0.18163604979166667,21.375,1.8000001,0.0,1.8,3.5,0.1883680049583333,-0.006731955166666637,9.0,4.9,0
2022-05-13,C55D7C,0.17178662822222224,13.75,0.0,0.0,0.0,3.69,0.18163604979166667,-0.009849421569444433,1.8,3.5,0
2022-05-14,C55D7C,0.1598812185648148,16.583333333333332,0.0,0.0,0.0,4.14,0.17178662822222224,-0.01190540965740744,0.0,3.69,0
2022-05-15,C55D7C,0.15048507746969697,23.541666666666668,0.0,0.0,0.0,4.55,0.1598812185648148,-0.009396141095117827,0.0,4.14,0
2022-05-16,C55D7C,0.14374034095833332,25.208333333333332,0.0,0.0,0.0,3.24,0.15048507746969697,-0.006744736511363647,0.0,4.55,0
2022-05-17,C55D7C,0.13908128665277777,25.916666666666668,0.0,0.0,0.0,2.87,0.14374034095833332,-0.004659054305555549,0.0,3.24,0
2022-05-18,C55D7C,0.13300212066666667,24.0,0.0,0.0,0.0,4.34,0.13908128665277777,-0.006079165986111107,0.0,2.87,0
2022-05-19,C55D7C,0.12900068194444445,26.25,6.6,0.0,6.6,3.99,0.13300212066666667,-0.0040014387222222225,0.0,4.34,0
2022-05-20,C55D7C,0.1321702124027778,22.041666666666668,9.2,0.0,9.2,2.13,0.12900068194444445,0.0031695304583333472,6.6,3.99,0
2022-05-21,C55D7C,0.14650053869444443,21.416666666666668,0.0,0.0,0.0,3.52,0.1321702124027778,0.01433032629166664,9.2,2.13,0
2022-05-22,C55D7C,0.14258077686363635,22.458333333333332,0.0,0.0,0.0,4.38,0.14650053869444443,-0.003919761830808083,0.0,3.52,0
2022-05-23,C55D7C,0.13677628872222222,24.583333333333332,3.1999999999999997,0.0,3.2,2.83,0.14258077686363635,-0.005804488141414127,0.0,4.38,0
2022-05-24,C55D7C,0.13465189723333332,16.208333333333332,2.8000000000000003,0.0,2.8,2.73,0.13677628872222222,-0.002124391488888905,3.2,2.83,0
2022-05-25,C55D7C,0.13397000566666667,20.0,0.0,0.0,0.0,3.42,0.13465189723333332,-0.0006818915666666481,2.8,2.73,0
2022-05-26,C55D7C,0.13046839762499998,23.25,0.0,0.0,0.0,3.54,0.13397000566666667,-0.0035016080416666873,0.0,3.42,0
2022-05-27,C55D7C,0.12590177252777776,22.25,0.8,0.0,0.8,3.81,0.13046839762499998,-0.004566625097222221,0.0,3.54,0
2022-05-28,C55D7C,0.12175630413194444,20.0,0.0,0.0,0.0,3.62,0.12590177252777776,-0.004145468395833324,0.8,3.81,0
2022-05-29,C55D7C,0.11809668059259258,11.0,0.2,0.0,0.2,1.77,0.12175630413194444,-0.0036596235393518556,0.0,3.62,0
2022-05-30,C55D7C,0.11550076548484847,17.208333333333332,0.0,0.0,0.0,2.63,0.11809668059259258,-0.0025959151077441095,0.2,1.77,0
2022-05-31,C55D7C,0.1117194159090909,18.708333333333332,0.2,0.0,0.2,3.28,0.11550076548484847,-0.00378134957575757,0.0,2.63,0
2022-06-01,C55D7C,0.10882797663333332,14.875,0.2,0.0,0.2,2.76,0.1117194159090909,-0.002891439275757579,0.2,3.28,0
2022-06-02,C55D7C,0.16805837527777778,13.5,41.400000000000006,0.0,41.4,4.27,0.10882797663333332,0.05923039864444446,0.2,2.76,0
2022-06-03,C55D7C,0.24597643071212125,22.333333333333332,0.0,0.0,0.0,4.63,0.16805837527777778,0.07791805543434346,41.4,4.27,0
2022-06-04,C55D7C,0.22119188768055556,26.291666666666668,0.0,0.0,0.0,5.22,0.24597643071212125,-0.024784543031565687,0.0,4.63,0
2022-06-05,C55D7C,0.22569451387499997,23.708333333333332,25.800000000000004,0.0,25.8,1.57,0.22119188768055556,0.004502626194444415,0.0,5.22,0
2022-06-06,C55D7C,0.24610275883333332,22.375,0.6000000000000001,0.0,0.6,3.49,0.22569451387499997,0.02040824495833335,25.8,1.57,0
2022-06-07,C55D7C,0.22977936969444446,20.541666666666668,1.6,0.0,1.6,1.88,0.24610275883333332,-0.016323389138888866,0.6,3.49,0
2022-06-08,C55D7C,0.23291012416666668,20.25,11.2000001,0.0,11.2,1.43,0.22977936969444446,0.003130754472222219,1.6,1.88,0
2022-06-09,C55D7C,0.23738016712499999,21.25,0.4,0.0,0.4,2.55,0.23291012416666668,0.004470042958333309,11.2,1.43,0
2022-06-10,C55D7C,0.2248051572962963,18.333333333333332,0.0,0.0,0.0,2.87,0.23738016712499999,-0.012575009828703687,0.4,2.55,0
2022-06-11,C55D7C,0.21401656031944447,25.708333333333332,0.0,0.0,0.0,4.43,0.2248051572962963,-0.010788596976851833,0.0,2.87,0
2022-06-12,C55D7C,0.20091810968181817,22.0,0.0,0.0,0.0,4.62,0.21401656031944447,-0.013098450637626297,0.0,4.43,0
2022-06-13,C55D7C,0.1899100895,22.0,0.0,0.0,0.0,3.79,0.20091810968181817,-0.011008020181818179,0.0,4.62,0
2022-06-14,C55D7C,0.17871672230555555,21.833333333333332,0.0,0.0,0.0,4.64,0.1899100895,-0.011193367194444442,0.0,3.79,0
2022-06-15,C55D7C,0.16676240724242425,23.75,0.0,0.0,0.0,5.24,0.17871672230555555,-0.011954315063131299,0.0,4.64,0
2022-06-16,C55D7C,0.1548582205,23.958333333333332,0.0,0.0,0.0,5.45,0.16676240724242425,-0.011904186742424244,0.0,5.24,0
2022-06-17,C55D7C,0.14220069031746033,26.08695652173913,0.0,0.0,0.0,5.34,0.1548582205,-0.012657530182539678,0.0,5.45,0
2022-06-18,C55D7C,0.12677225554166666,33.041666666666664,0.0,0.0,0.0,6.08,0.14220069031746033,-0.01542843477579367,0.0,5.34,0
2022-06-19,C55D7C,0.11468218069444445,24.041666666666668,0.8,0.0,0.8,3.98,0.12677225554166666,-0.012090074847222201,0.0,6.08,0
2022-06-20,C55D7C,0.10899133833333333,21.583333333333332,2.4,0.0,2.4,3.9,0.11468218069444445,-0.005690842361111129,0.8,3.98,0
2022-06-21,C55D7C,0.10557127423809523,8.727272727272727,0.0,0.0,0.0,3.43,0.10899133833333333,-0.0034200640952380956,2.4,3.9,0
2022-06-28,C55D7C,,24.5,0.0,0.0,0.0,4.64,0.10557127423809523,,0.0,3.43,0
2022-06-29,C55D7C,,21.0,0.0,0.0,0.0,4.61,,,0.0,4.64,0
2022-06-30,C55D7C,,24.5,0.0,0.0,0.0,3.01,,,0.0,4.61,0
2022-07-13,C55D7C,,32.0,0.0,0.0,0.0,4.09,,,0.0,3.01,0
2022-07-14,C55D7C,0.07542635168888889,30.5,0.0,0.0,0.0,4.62,,,0.0,4.09,0
2022-07-15,C55D7C,0.07488604427272727,23.041666666666668,0.0,0.0,0.0,4.0,0.07542635168888889,-0.0005403074161616228,0.0,4.62,0
2022-07-16,C55D7C,0.08241295529166666,24.25,15.8,0.0,15.8,4.08,0.07488604427272727,0.007526911018939389,0.0,4.0,0
2022-07-17,C55D7C,0.0918302956521739,25.166666666666668,0.0,0.0,0.0,4.76,0.08241295529166666,0.009417340360507245,15.8,4.08,0
2022-07-18,C55D7C,0.09265257028985507,29.875,0.0,0.0,0.0,5.29,0.0918302956521739,0.0008222746376811696,0.0,4.76,0
2022-07-19,C55D7C,0.09204880817391305,33.958333333333336,0.0,0.0,0.0,6.38,0.09265257028985507,-0.0006037621159420276,0.0,5.29,0
2022-07-20,C55D7C,0.0904583692638889,31.916666666666668,0.0,0.0,0.0,4.57,0.09204880817391305,-0.0015904389100241528,0.0,6.38,0
2022-07-21,C55D7C,0.08875480080555555,23.791666666666668,7.2000004,0.0,7.2,1.15,0.0904583692638889,-0.001703568458333346,0.0,4.57,0
2022-07-22,C55D7C,0.09013239188888889,26.125,0.0,0.0,0.0,3.54,0.08875480080555555,0.0013775910833333377,7.2,1.15,0
2022-07-23,C55D7C,0.09099465463333334,22.791666666666668,0.4,0.0,0.4,4.53,0.09013239188888889,0.0008622627444444531,0.0,3.54,0
2022-07-24,C55D7C,0.09080362936111112,31.0,0.0,0.0,0.0,5.0,0.09099465463333334,-0.00019102527222221444,0.4,4.53,0
2022-07-25,C55D7C,0.08937106499999999,29.583333333333332,0.0,0.0,0.0,3.98,0.09080362936111112,-0.0014325643611111383,0.0,5.0,0
2022-07-26,C55D7C,0.08759275963888889,25.5,0.0,0.0,0.0,3.05,0.08937106499999999,-0.0017783053611110933,0.0,3.98,0
2022-07-27,C55D7C,0.08606115560000001,19.458333333333332,1.4,25.0,1.4,3.76,0.08759275963888889,-0.001531604038888884,0.0,3.05,1
2022-07-28,C55D7C,0.1165170273888889,24.708333333333332,21.0,0.0,21.0,4.77,0.08606115560000001,0.030455871788888894,1.4,3.76,0
2022-07-29,C55D7C,0.14333727076388889,26.666666666666668,1.6,0.0,1.6,4.16,0.1165170273888889,0.026820243374999983,21.0,4.77,0
2022-07-30,C55D7C,0.13600826722222223,27.041666666666668,0.0,0.0,0.0,3.84,0.14333727076388889,-0.007329003541666657,1.6,4.16,0
2022-07-31,C55D7C,0.12807665330555554,27.916666666666668,0.0,0.0,0.0,3.45,0.13600826722222223,-0.007931613916666691,0.0,3.84,0
2022-08-01,C55D7C,0.12252015861111111,28.208333333333332,2.0,0.0,2.0,3.8,0.12807665330555554,-0.005556494694444428,0.0,3.45,0
2022-08-02,C55D7C,0.1169897100138889,28.416666666666668,0.0,0.0,0.0,4.37,0.12252015861111111,-0.0055304485972222095,2.0,3.8,0
2022-08-03,C55D7C,0.11070592459722223,32.416666666666664,0.0,0.0,0.0,4.99,0.1169897100138889,-0.0062837854166666735,0.0,4.37,0
2022-08-04,C55D7C,0.10477148998611112,32.0,1.6,0.0,1.6,3.45,0.11070592459722223,-0.0059344346111111085,0.0,4.99,0
2022-08-05,C55D7C,0.102162234625,25.166666666666668,4.6000000000000005,0.0,4.6,2.94,0.10477148998611112,-0.002609255361111118,1.6,3.45,0
2022-08-06,C55D7C,0.10088806707575758,21.333333333333332,0.0,0.0,0.0,3.57,0.102162234625,-0.001274167549242422,4.6,2.94,0
2022-08-07,C55D7C,0.09838871068627451,15.916666666666666,0.0,0.0,0.0,4.22,0.10088806707575758,-0.002499356389483065,0.0,3.57,0
2022-08-08,C55D7C,0.09588168060317462,22.458333333333332,0.0,25.0,0.0,4.44,0.09838871068627451,-0.0025070300830998954,0.0,4.22,1
2022-08-09,C55D7C,0.09308005413043477,25.12,0.0,0.0,0.0,5.24,0.09588168060317462,-0.0028016264727398488,0.0,4.44,0
2022-08-10,C55D7C,0.12689110124,28.44,28.6,0.0,28.6,5.97,0.09308005413043477,0.03381104710956523,0.0,5.24,0
2022-08-11,C55D7C,0.1557117994347826,28.25,0.0,0.0,0.0,5.34,0.12689110124,0.028820698194782612,28.6,5.97,0
2022-08-12,C55D7C,0.14219597439130435,28.583333333333332,0.0,0.0,0.0,5.46,0.1557117994347826,-0.013515825043478258,0.0,5.34,0
2022-08-13,C55D7C,0.1291604697878788,27.041666666666668,0.0,0.0,0.0,5.0,0.14219597439130435,-0.013035504603425563,0.0,5.46,0
2022-08-14,C55D7C,0.11711965361111111,30.875,0.0,0.0,0.0,4.37,0.1291604697878788,-0.01204081617676768,0.0,5.0,0
2022-08-15,C55D7C,0.10817373440277778,28.333333333333332,0.0,0.0,0.0,2.21,0.11711965361111111,-0.008945919208333333,0.0,4.37,0
2022-08-16,C55D7C,0.10176385344444444,29.833333333333332,8.2000001,0.0,8.2,3.45,0.10817373440277778,-0.006409880958333336,0.0,2.21,0
2022-08-17,C55D7C,0.1007384182638889,25.291666666666668,2.6,0.0,2.6,1.97,0.10176385344444444,-0.0010254351805555478,8.2,3.45,0
2022-08-18,C55D7C,0.10365881965277778,27.083333333333332,0.0,0.0,0.0,2.8,0.1007384182638889,0.0029204013888888825,2.6,1.97,0
2022-08-19,C55D7C,0.10257790088888889,26.125,6.6,0.0,6.6,2.38,0.10365881965277778,-0.0010809187638888829,0.0,2.8,0
2022-08-20,C55D7C,0.12112489972222222,25.583333333333332,6.8000001,0.0,6.8,3.08,0.10257790088888889,0.018546998833333328,6.6,2.38,0
2022-08-21,C55D7C,0.1273402048,19.75,0.0,0.0,0.0,3.08,0.12112489972222222,0.006215305077777775,6.8,3.08,0
2022-08-22,C55D7C,0.12179777902777777,25.458333333333332,0.0,0.0,0.0,2.99,0.1273402048,-0.00554242577222222,0.0,3.08,0
2022-08-23,C55D7C,0.11256252047826087,28.347826086956523,0.0,0.0,0.0,3.81,0.12179777902777777,-0.0092352585495169,0.0,2.99,0
2022-08-24,C55D7C,0.10035869425757576,27.791666666666668,0.0,0.0,0.0,4.21,0.11256252047826087,-0.01220382622068511,0.0,3.81,0
2022-08-25,C55D7C,0.09020813887878788,28.291666666666668,0.0,0.0,0.0,4.21,0.10035869425757576,-0.010150555378787882,0.0,4.21,0
2022-08-26,C55D7C,0.12970595631944445,25.5,36.0000003,25.0,36.0,1.68,0.09020813887878788,0.03949781744065657,0.0,4.21,1
2022-08-27,C55D7C,0.2078613358611111,23.833333333333332,0.4,0.0,0.4,1.74,0.12970595631944445,0.07815537954166665,36.0,1.68,0
2022-08-28,C55D7C,0.19740284191666668,24.666666666666668,0.0,0.0,0.0,4.26,0.2078613358611111,-0.010458493944444425,0.4,1.74,0
2022-08-29,C55D7C,0.18496244879999998,23.04,0.0,0.0,0.0,3.44,0.19740284191666668,-0.012440393116666698,0.0,4.26,0
2022-08-30,C55D7C,0.17426884226086956,25.347826086956523,0.0,0.0,0.0,4.33,0.18496244879999998,-0.01069360653913043,0.0,3.44,0
2022-08-31,C55D7C,0.17771348456944444,25.916666666666668,8.0,0.0,8.0,3.72,0.17426884226086956,0.0034446423085748856,0.0,4.33,0
2022-09-01,C55D7C,0.17116163631578948,19.782608695652176,0.0,0.0,0.0,4.08,0.17771348456944444,-0.006551848253654957,8.0,3.72,0
2022-09-02,C55D7C,0.15761228381818182,24.59090909090909,0.0,0.0,0.0,4.25,0.17116163631578948,-0.013549352497607664,0.0,4.08,0
2022-09-03,C55D7C,0.14108982354545455,22.166666666666668,0.0,0.0,0.0,3.26,0.15761228381818182,-0.016522460272727274,0.0,4.25,0
2022-09-04,C55D7C,0.127850098,20.625,0.0,0.0,0.0,3.12,0.14108982354545455,-0.01323972554545455,0.0,3.26,0
2022-09-05,C55D7C,0.11589242868253968,24.0,0.0,0.0,0.0,3.34,0.127850098,-0.011957669317460312,0.0,3.12,0
2022-09-06,C55D7C,0.10636748146666668,23.208333333333332,2.2,0.0,2.2,3.6,0.11589242868253968,-0.009524947215873006,0.0,3.34,0
2022-09-07,C55D7C,0.11343996218055556,24.833333333333332,13.0,0.0,13.0,2.74,0.10636748146666668,0.0070724807138888846,2.2,3.6,0
2022-09-08,C55D7C,0.1414622086818182,22.636363636363637,25.6,0.0,25.6,1.94,0.11343996218055556,0.02802224650126263,13.0,2.74,0
2022-09-09,C55D7C,0.2104213693478261,21.08695652173913,19.2,0.0,19.2,1.47,0.1414622086818182,0.06895916066600791,25.6,1.94,0
2022-09-10,C55D7C,0.22824974380555554,21.041666666666668,7.2,0.0,7.2,1.08,0.2104213693478261,0.017828374457729446,19.2,1.47,0
2022-09-11,C55D7C,0.2181374208611111,22.041666666666668,0.0,0.0,0.0,2.01,0.22824974380555554,-0.010112322944444446,7.2,1.08,0
2022-09-12,C55D7C,0.20827416693650797,19.958333333333332,0.0,0.0,0.0,2.51,0.2181374208611111,-0.009863253924603133,0.0,2.01,0
2022-09-13,C55D7C,0.20149855248611112,24.875,3.2,0.0,3.2,1.66,0.20827416693650797,-0.006775614450396844,0.0,2.51,0
2022-09-14,C55D7C,0.22701481841666668,20.041666666666668,25.4000004,0.0,25.4,0.57,0.20149855248611112,0.02551626593055556,3.2,1.66,0
2022-09-15,C55D7C,0.233037584,18.23076923076923,0.0,0.0,0.0,1.38,0.22701481841666668,0.006022765583333312,25.4,0.57,0
2022-09-19,C55D7C,,13.8,0.4,0.0,0.4,1.6,0.233037584,,0.0,1.38,0
2022-09-20,C55D7C,,7.0,0.6000000000000001,0.0,0.6,1.22,,,0.4,1.6,0
2022-09-21,C55D7C,,6.826086956521739,0.4,0.0,0.4,1.37,,,0.6,1.22,0
2022-09-22,C55D7C,,6.875,0.4,0.0,0.4,1.74,,,0.4,1.37,0
2023-02-28,C55D7C,,23.0,0.0,,0.0,1.01,,,0.4,1.74,0
2023-04-17,C55D7C,,28.7,0.0,0.0,0.0,1.58,,,0.0,1.01,0
2023-04-18,C55D7C,,28.666666666666668,0.0,0.0,0.0,2.42,,,0.0,1.58,0
2023-04-19,C55D7C,,25.75,0.0,0.0,0.0,3.37,,,0.0,2.42,0
2023-04-20,C55D7C,,9.842105263157896,0.0,0.0,0.0,1.86,,,0.0,3.37,0
2023-04-21,C55D7C,,15.166666666666666,0.0,0.0,4.5,2.51,,,0.0,1.86,0
2023-04-26,C55D7C,,4.25,0.0,0.0,0.0,2.19,,,4.5,2.51,0
2023-04-27,C55D7C,,11.5,0.0,0.0,0.0,2.56,,,0.0,2.19,0
2023-04-28,C55D7C,,9.857142857142858,0.0,0.0,0.0,1.23,,,0.0,2.56,0
2023-04-30,C55D7C,,16.0,0.0,0.0,0.0,3.0,,,0.0,1.23,0
2023-05-01,C55D7C,,27.0,0.0,0.0,0.0,2.51,,,0.0,3.0,0
2023-05-02,C55D7C,,20.0,0.0,0.0,0.0,2.84,,,0.0,2.51,0
2023-05-03,C55D7C,0.15401415614568278,7.3125,0.0,0.0,0.0,3.38,,,0.0,2.84,0
2023-05-04,C55D7C,0.15131557779900445,14.75,0.0,0.0,0.0,4.1,0.15401415614568278,-0.002698578346678332,0.0,3.38,0
2023-05-05,C55D7C,0.15314937228322345,21.041666666666668,15.6,0.0,7.8,2.5,0.15131557779900445,0.001833794484218998,0.0,4.1,0
2023-05-06,C55D7C,0.16577321750946553,10.478260869565217,4.8,0.0,2.4,2.39,0.15314937228322345,0.012623845226242075,7.8,2.5,0
2023-05-07,C55D7C,0.16694674203793236,17.82608695652174,0.0,0.0,0.0,1.52,0.16577321750946553,0.001173524528466835,2.4,2.39,0
2023-05-08,C55D7C,0.16233476292454202,23.565217391304348,0.0,0.0,0.0,1.31,0.16694674203793236,-0.004611979113390341,0.0,1.52,0
2023-05-09,C55D7C,0.16660400632901884,20.416666666666668,29.6000002,0.0,14.8,1.05,0.16233476292454202,0.004269243404476819,0.0,1.31,0
2023-05-10,C55D7C,0.19439134131815725,19.958333333333332,1.6,0.0,0.8,1.47,0.16660400632901884,0.027787334989138407,14.8,1.05,0
2023-05-11,C55D7C,0.1841649576615573,19.583333333333332,0.0,0.0,0.0,2.06,0.19439134131815725,-0.010226383656599947,0.8,1.47,0
2023-05-12,C55D7C,0.19668171527769815,20.5,20.8,0.0,10.4,1.6,0.1841649576615573,0.01251675761614085,0.0,2.06,0
2023-05-13,C55D7C,0.1915008189936267,11.333333333333334,1.2,0.0,0.6,3.47,0.19668171527769815,-0.005180896284071451,10.4,1.6,0
2023-05-14,C55D7C,0.18118526285839134,20.458333333333332,0.0,0.0,0.0,2.84,0.1915008189936267,-0.010315556135235354,0.6,3.47,0
2023-05-15,C55D7C,0.17291007149440588,19.291666666666668,1.2000000000000002,0.0,0.6,0.96,0.18118526285839134,-0.008275191363985468,0.0,2.84,0
2023-05-16,C55D7C,0.16869725359440624,17.333333333333332,2.4,0.0,1.2,3.11,0.17291007149440588,-0.004212817899999638,0.6,0.96,0
2023-05-17,C55D7C,0.16377472506757737,8.75,0.0,0.0,0.0,3.11,0.16869725359440624,-0.004922528526828868,1.2,3.11,0
2023-05-18,C55D7C,0.15635167032875155,16.434782608695652,0.0,0.0,0.0,3.49,0.16377472506757737,-0.007423054738825818,0.0,3.11,0
2023-05-19,C55D7C,0.15006224834116694,14.75,0.0,0.0,0.0,3.52,0.15635167032875155,-0.006289421987584615,0.0,3.49,0
2023-05-20,C55D7C,0.14332567940923574,16.291666666666668,0.0,0.0,0.0,4.17,0.15006224834116694,-0.006736568931931197,0.0,3.52,0
2023-05-21,C55D7C,0.137588278665927,22.458333333333332,0.0,0.0,0.0,3.13,0.14332567940923574,-0.0057374007433087515,0.0,4.17,0
2023-05-22,C55D7C,0.13273323008987864,23.291666666666668,0.0,0.0,0.0,1.76,0.137588278665927,-0.004855048576048349,0.0,3.13,0
2023-05-23,C55D7C,0.12886986855165097,20.666666666666668,0.0,0.0,0.0,2.89,0.13273323008987864,-0.0038633615382276665,0.0,1.76,0
2023-05-24,C55D7C,0.12509231689393063,16.5,0.0,0.0,0.0,3.06,0.12886986855165097,-0.0037775516577203405,0.0,2.89,0
2023-05-25,C55D7C,0.12250711054114288,8.458333333333334,0.0,0.0,0.0,3.85,0.12509231689393063,-0.00258520635278775,0.0,3.06,0
2023-05-26,C55D7C,0.11532184402756196,17.708333333333332,0.0,0.0,0.0,4.57,0.12250711054114288,-0.0071852665135809235,0.0,3.85,0
2023-05-27,C55D7C,0.10817264974265597,17.333333333333332,0.0,0.0,0.0,4.71,0.11532184402756196,-0.007149194284905985,0.0,4.57,0
2023-05-28,C55D7C,0.09887275937919765,19.583333333333332,0.0,0.0,0.0,4.64,0.10817264974265597,-0.009299890363458324,0.0,4.71,0
2023-05-29,C55D7C,0.08985431057149834,20.291666666666668,0.0,0.0,0.0,4.35,0.09887275937919765,-0.009018448807699309,0.0,4.64,0
2023-05-30,C55D7C,0.08436100472550762,13.291666666666666,0.0,0.0,0.0,4.38,0.08985431057149834,-0.005493305845990726,0.0,4.35,0
2023-05-31,C55D7C,0.07343256379124903,22.708333333333332,0.0,0.0,0.0,4.9,0.08436100472550762,-0.010928440934258585,0.0,4.38,0
2023-06-01,C55D7C,0.06575103311318459,22.416666666666668,3.2,0.0,1.6,4.11,0.07343256379124903,-0.007681530678064444,0.0,4.9,0
2023-06-02,C55D7C,0.06030510199888281,20.5,0.0,0.0,0.0,3.98,0.06575103311318459,-0.0054459311143017775,1.6,4.11,0
2023-06-03,C55D7C,0.05575244182109974,21.25,0.0,25.0,0.0,5.37,0.06030510199888281,-0.004552660177783073,0.0,3.98,1
2023-06-04,C55D7C,0.17743920350689626,17.375,39.6,0.0,19.8,5.36,0.05575244182109974,0.12168676168579654,0.0,5.37,0
2023-06-05,C55D7C,0.2145711822095071,22.26086956521739,0.0,0.0,0.0,4.54,0.17743920350689626,0.03713197870261084,19.8,5.36,0
2023-06-06,C55D7C,0.17673390324038937,18.083333333333332,0.0,0.0,0.0,4.54,0.2145711822095071,-0.03783727896911773,0.0,4.54,0
2023-06-07,C55D7C,0.15264559601103186,22.958333333333332,0.4,0.0,0.2,4.3,0.17673390324038937,-0.02408830722935751,0.0,4.54,0
2023-06-08,C55D7C,0.137370506120998,25.958333333333332,0.0,0.0,0.0,5.05,0.15264559601103186,-0.015275089890033872,0.2,4.3,0
2023-06-09,C55D7C,0.11493632186764001,24.714285714285715,0.0,0.0,0.0,6.05,0.137370506120998,-0.022434184253357983,0.0,5.05,0
2023-06-10,C55D7C,0.08830522565924745,27.0,0.0,30.0,0.0,6.59,0.11493632186764001,-0.02663109620839256,0.0,6.05,1
2023-06-11,C55D7C,0.17166423967789343,28.210526315789473,58.000000799999995,0.0,29.0,5.36,0.08830522565924745,0.08335901401864598,0.0,6.59,0
2023-06-12,C55D7C,0.18702745990384176,21.9375,0.0,0.0,0.0,5.87,0.17166423967789343,0.015363220225948326,29.0,5.36,0
2023-06-13,C55D7C,0.137714239812195,25.0,0.0,0.0,0.0,6.56,0.18702745990384176,-0.049313220091646764,0.0,5.87,0
2023-06-14,C55D7C,0.10632260080035681,25.636363636363637,0.0,0.0,0.0,5.76,0.137714239812195,-0.03139163901183818,0.0,6.56,0
2023-06-15,C55D7C,0.08960955230798537,22.8,0.0,0.0,0.0,5.43,0.10632260080035681,-0.016713048492371443,0.0,5.76,0
2023-06-16,C55D7C,0.07102556281915248,25.8,0.0,30.0,0.0,4.82,0.08960955230798537,-0.018583989488832886,0.0,5.43,1
2023-06-17,C55D7C,0.22111216929605576,21.4375,104.0,0.0,52.0,4.03,0.07102556281915248,0.15008660647690328,0.0,4.82,0
2023-06-18,C55D7C,0.23154756262365922,24.470588235294116,0.0,0.0,0.0,3.4,0.22111216929605576,0.01043539332760346,52.0,4.03,0
2023-06-19,C55D7C,0.208553678648304,29.666666666666668,0.0,0.0,0.0,4.46,0.23154756262365922,-0.022993883975355234,0.0,3.4,0
2023-06-20,C55D7C,0.1818298985195507,28.727272727272727,6.4,0.0,3.2,3.29,0.208553678648304,-0.02672378012875329,0.0,4.46,0
2023-06-21,C55D7C,0.17163047670817141,26.4,1.2000000000000002,0.0,0.6,4.5,0.1818298985195507,-0.010199421811379283,3.2,3.29,0
2023-06-22,C55D7C,0.15721237897890175,23.875,6.8000001999999995,0.0,3.4,1.79,0.17163047670817141,-0.014418097729269663,0.6,4.5,0
2023-06-29,C55D7C,,29.0,14.0,0.0,7.0,2.71,0.15721237897890175,,3.4,1.79,0
2023-07-07,C55D7C,,20.0,0.0,0.0,0.0,5.34,,,7.0,2.71,0
2023-07-18,C55D7C,,21.666666666666668,0.0,0.0,0.0,4.73,,,0.0,5.34,0
2023-07-23,C55D7C,,23.0,0.0,0.0,0.0,2.12,,,0.0,4.73,0
2023-07-25,C55D7C,,23.0,0.0,0.0,0.0,2.8,,,0.0,2.12,0
2023-08-02,C55D7C,,28.0,0.0,0.0,0.0,2.66,,,0.0,2.8,0
2023-08-03,C55D7C,0.2109979427631669,22.928571428571427,7.6000002,0.0,3.8,1.71,,,0.0,2.66,0
2023-08-04,C55D7C,0.20524299223705536,22.708333333333332,0.4,0.0,0.2,2.69,0.2109979427631669,-0.005754950526111552,3.8,1.71,0
2023-08-05,C55D7C,0.1956539429809,21.5,1.6,0.0,0.8,1.45,0.20524299223705536,-0.009589049256155363,0.2,2.69,0
2023-08-06,C55D7C,0.20628129106592205,19.833333333333332,28.4000004,0.0,14.2,1.88,0.1956539429809,0.010627348085022054,0.8,1.45,0
2023-08-07,C55D7C,0.21630163627738294,21.333333333333332,0.0,0.0,0.0,3.42,0.20628129106592205,0.01002034521146089,14.2,1.88,0
2023-08-08,C55D7C,0.2063261272659195,20.791666666666668,12.8,0.0,6.4,2.2,0.21630163627738294,-0.009975509011463435,0.0,3.42,0
2023-08-09,C55D7C,0.21056218566240362,23.916666666666668,7.2,0.0,3.6,3.45,0.2063261272659195,0.00423605839648411,6.4,2.2,0
2023-08-10,C55D7C,0.2001542343764253,22.916666666666668,0.0,0.0,0.0,3.84,0.21056218566240362,-0.010407951285978323,3.6,3.45,0
2023-08-11,C55D7C,0.19202770348988688,28.208333333333332,2.4000000000000004,0.0,1.2,3.22,0.2001542343764253,-0.008126530886538419,0.0,3.84,0
2023-08-12,C55D7C,0.1907073700557238,26.458333333333332,13.2,0.0,6.6,3.52,0.19202770348988688,-0.0013203334341630735,1.2,3.22,0
2023-08-13,C55D7C,0.18937945569554412,25.541666666666668,0.0,0.0,0.0,2.69,0.1907073700557238,-0.0013279143601796772,6.6,3.52,0
2023-08-14,C55D7C,0.18406741287239223,26.333333333333332,2.8,0.0,1.4,3.91,0.18937945569554412,-0.005312042823151897,0.0,2.69,0
2023-08-15,C55D7C,0.17915908980547693,28.958333333333332,0.4,0.0,0.2,3.44,0.18406741287239223,-0.004908323066915299,1.4,3.91,0
2023-08-16,C55D7C,0.17399938131736223,26.666666666666668,0.0,0.0,0.0,3.0,0.17915908980547693,-0.0051597084881147,0.2,3.44,0
2023-08-17,C55D7C,0.16964863808411054,25.041666666666668,0.0,0.0,0.0,2.18,0.17399938131736223,-0.004350743233251686,0.0,3.0,0
2023-08-18,C55D7C,0.1660503294116408,27.833333333333332,0.0,0.0,0.0,2.33,0.16964863808411054,-0.003598308672469741,0.0,2.18,0
2023-08-19,C55D7C,0.16154342425963494,28.125,2.8,0.0,1.4,2.9,0.1660503294116408,-0.004506905152005858,0.0,2.33,0
2023-08-20,C55D7C,0.15891418915465488,28.625,0.0,0.0,0.0,3.55,0.16154342425963494,-0.00262923510498006,1.4,2.9,0
2023-08-21,C55D7C,0.1515998503536076,26.041666666666668,0.0,0.0,0.0,3.6,0.15891418915465488,-0.007314338801047288,0.0,3.55,0
2023-08-22,C55D7C,0.1430519871767923,26.125,0.0,0.0,0.0,2.74,0.1515998503536076,-0.008547863176815301,0.0,3.6,0
2023-08-23,C55D7C,0.13430702416171655,24.833333333333332,0.0,0.0,0.0,3.46,0.1430519871767923,-0.00874496301507574,0.0,2.74,0
2023-08-24,C55D7C,0.12721644307505361,25.625,7.2,0.0,3.6,1.69,0.13430702416171655,-0.007090581086662939,0.0,3.46,0
2023-08-25,C55D7C,0.1971346844032884,24.375,30.8000002,0.0,15.4,1.4,0.12721644307505361,0.06991824132823479,3.6,1.69,0
2023-08-26,C55D7C,0.2142483722804062,23.416666666666668,12.0,0.0,6.0,2.67,0.1971346844032884,0.017113687877117784,15.4,1.4,0
2023-08-27,C55D7C,0.20114365828837566,21.125,6.800000000000001,0.0,3.4,2.68,0.2142483722804062,-0.013104713992030531,6.0,2.67,0
2023-08-28,C55D7C,0.19779361919316418,13.208333333333334,3.2,0.0,1.6,2.62,0.20114365828837566,-0.0033500390952114767,3.4,2.68,0
2023-08-29,C55D7C,0.1919242491150066,19.541666666666668,0.8,0.0,0.4,2.02,0.19779361919316418,-0.005869370078157576,1.6,2.62,0
2023-08-30,C55D7C,0.18869258038146122,19.666666666666668,0.8,0.0,0.4,2.21,0.1919242491150066,-0.003231668733545384,0.4,2.02,0
2023-08-31,C55D7C,0.18864248365083489,18.708333333333332,0.8,0.0,0.4,2.02,0.18869258038146122,-5.009673062633668e-05,0.4,2.21,0
2023-09-01,C55D7C,0.22474121315218512,22.458333333333332,6.0,0.0,3.0,1.7,0.18864248365083489,0.036098729501350235,0.4,2.02,0
2023-09-02,C55D7C,0.22458693633645777,25.25,4.4,0.0,2.2,2.4,0.22474121315218512,-0.00015427681572735552,3.0,1.7,0
2023-09-03,C55D7C,0.21064432661252405,24.333333333333332,0.8,0.0,0.4,2.71,0.22458693633645777,-0.013942609723933713,2.2,2.4,0
2023-09-04,C55D7C,0.201615360830769,17.333333333333332,0.4,0.0,0.2,3.19,0.21064432661252405,-0.00902896578175505,0.4,2.71,0
2023-09-05,C55D7C,0.19325214113440303,23.0,0.4,0.0,0.2,3.44,0.201615360830769,-0.00836321969636597,0.2,3.19,0
2023-09-06,C55D7C,0.1853218436026822,18.041666666666668,0.0,0.0,0.0,3.29,0.19325214113440303,-0.007930297531720837,0.2,3.44,0
2023-09-07,C55D7C,0.17745203090031134,21.291666666666668,0.0,0.0,0.0,3.26,0.1853218436026822,-0.00786981270237086,0.0,3.29,0
2023-09-08,C55D7C,0.1697604518630658,25.291666666666668,0.0,0.0,0.0,2.99,0.17745203090031134,-0.007691579037245544,0.0,3.26,0
2023-09-09,C55D7C,0.16209926753719484,26.125,0.0,0.0,0.0,3.04,0.1697604518630658,-0.007661184325870957,0.0,2.99,0
2023-09-10,C55D7C,0.15382911852996062,27.25,0.0,0.0,0.0,3.14,0.16209926753719484,-0.008270149007234218,0.0,3.04,0
2023-09-11,C55D7C,0.14466379853287023,28.375,0.0,0.0,0.0,2.57,0.15382911852996062,-0.009165319997090388,0.0,3.14,0
2023-09-12,C55D7C,0.13820389670514718,27.583333333333332,0.0,0.0,0.0,1.88,0.14466379853287023,-0.006459901827723047,0.0,2.57,0
2023-09-13,C55D7C,0.19290893700937475,22.916666666666668,0.0,0.0,0.0,1.99,0.13820389670514718,0.05470504030422757,0.0,1.88,0
2023-09-14,C55D7C,0.199787625062814,19.916666666666668,0.0,0.0,0.0,2.34,0.19290893700937475,0.006878688053439247,0.0,1.99,0
2023-09-15,C55D7C,0.19262774602725533,16.458333333333332,0.0,0.0,0.0,2.51,0.199787625062814,-0.007159879035558675,0.0,2.34,0
2023-09-16,C55D7C,0.18674177574938094,20.041666666666668,0.0,0.0,0.0,2.26,0.19262774602725533,-0.0058859702778743805,0.0,2.51,0
2023-09-17,C55D7C,0.22311622407996134,26.791666666666668,0.0,0.0,0.0,1.31,0.18674177574938094,0.0363744483305804,0.0,2.26,0
2023-09-18,C55D7C,0.20851460641780126,25.25,0.0,0.0,0.0,2.03,0.22311622407996134,-0.014601617662160088,0.0,1.31,0
2023-09-19,C55D7C,0.20160817057812894,21.153846153846153,0.4,0.0,0.2,2.36,0.20851460641780126,-0.00690643583967232,0.0,2.03,0
2023-09-21,C55D7C,,31.0,0.0,0.0,0.0,1.04,0.20160817057812894,,0.2,2.36,0
2023-09-29,C55D7C,,28.2,0.0,0.0,0.0,1.36,,,0.0,1.04,0
2023-09-30,C55D7C,,26.181818181818183,0.0,0.0,0.0,1.46,,,0.0,1.36,0
2023-10-01,C55D7C,,26.17391304347826,0.0,0.0,0.0,2.2,,,0.0,1.46,0
2023-10-02,C55D7C,0.4861933090816,26.0,0.0,0.0,0.0,1.22,,,0.0,2.2,0
2023-01-11,C562C6,,17.0,0.0,,,0.661240354,,,,,0
2023-01-12,C562C6,,17.5,0.0,,,0.535707912,,,,0.661240354,0
2023-01-13,C562C6,,17.0,0.0,,,1.143453907,,,,0.535707912,0
2023-01-14,C562C6,,16.875,0.0,,,0.716328576,,,,1.143453907,0
2023-01-15,C562C6,,16.0,0.0,,,0.788405244,,,,0.716328576,0
2023-01-16,C562C6,,15.428571428571429,0.0,,,0.497934586,,,,0.788405244,0
2023-01-17,C562C6,,15.1,0.0,,,0.128529798,,,,0.497934586,0
2023-01-18,C562C6,,14.777777777777779,0.0,,,0.184505851,,,,0.128529798,0
2023-01-19,C562C6,,14.916666666666666,0.0,,,0.145575125,,,,0.184505851,0
2023-01-20,C562C6,,15.0,0.0,,,0.301842827,,,,0.145575125,0
2023-01-21,C562C6,,14.733333333333333,0.0,,,0.146728376,,,,0.301842827,0
2023-01-22,C562C6,,14.076923076923077,0.0,,,0.362255234,,,,0.146728376,0
2023-01-23,C562C6,,14.384615384615385,0.0,,,0.390847916,,,,0.362255234,0
2023-01-24,C562C6,0.28795954736417684,11.0,0.0,,,0.566563422,,,,0.390847916,0
2023-01-25,C562C6,0.29312142364462845,7.625,0.0,,,0.356993779,0.28795954736417684,0.005161876280451616,,0.566563422,0
2023-01-26,C562C6,0.2986013530554011,9.909090909090908,0.0,,,0.397384459,0.29312142364462845,0.005479929410772633,,0.356993779,0
2023-01-27,C562C6,0.2986429409659043,10.130434782608695,0.0,,,0.810003236,0.2986013530554011,4.158791050323796e-05,,0.397384459,0
2023-01-28,C562C6,0.29886462117648643,9.75,0.0,,,0.390451769,0.2986429409659043,0.00022168021058210918,,0.810003236,0
2023-01-29,C562C6,0.29746508565031,8.208333333333334,0.0,,,0.496211216,0.29886462117648643,-0.001399535526176443,,0.390451769,0
2023-01-30,C562C6,0.3159431582806627,12.583333333333334,0.0,,,0.70332812,0.29746508565031,0.018478072630352727,,0.496211216,0
2023-01-31,C562C6,0.3454632470349614,11.166666666666666,0.0,,,0.456693291,0.3159431582806627,0.02952008875429868,,0.70332812,0
2023-02-01,C562C6,0.3474909736367659,12.375,0.0,,,0.925520963,0.3454632470349614,0.0020277266018045026,,0.456693291,0
2023-02-02,C562C6,0.34582832334564007,14.208333333333334,0.0,,,0.934317829,0.3474909736367659,-0.0016626502911258334,,0.925520963,0
2023-02-03,C562C6,0.2620713966169598,14.833333333333334,0.0,,,0.950798336,0.34582832334564007,-0.08375692672868029,,0.934317829,0
2023-02-04,C562C6,0.25132111821212066,14.695652173913043,0.0,,,0.426700518,0.2620713966169598,-0.010750278404839109,,0.950798336,0
2023-02-05,C562C6,0.25021102011542123,12.375,0.0,,,0.787484818,0.25132111821212066,-0.00111009809669943,,0.426700518,0
2023-02-06,C562C6,0.2504426709386953,10.583333333333334,0.0,,,0.278152712,0.25021102011542123,0.0002316508232740877,,0.787484818,0
2023-02-07,C562C6,0.26671989233017973,8.5,0.0,,,0.187040522,0.2504426709386953,0.01627722139148441,,0.278152712,0
2023-02-08,C562C6,0.30321650708670284,9.208333333333334,0.0,,,0.313400917,0.26671989233017973,0.036496614756523105,,0.187040522,0
2023-02-09,C562C6,0.2999425826525343,9.5,0.0,,,0.72915046,0.30321650708670284,-0.003273924434168518,,0.313400917,0
2023-02-10,C562C6,0.3020819990771296,9.958333333333334,0.0,,,0.378876208,0.2999425826525343,0.0021394164245953085,,0.72915046,0
2023-02-11,C562C6,0.31074305152733167,12.166666666666666,0.0,,,0.492172487,0.3020819990771296,0.008661052450202045,,0.378876208,0
2023-02-12,C562C6,0.306889051318662,12.625,0.0,,,0.670439972,0.31074305152733167,-0.003854000208669661,,0.492172487,0
2023-02-13,C562C6,0.3028188385314549,13.541666666666666,0.0,,,0.422895254,0.306889051318662,-0.004070212787207095,,0.670439972,0
2023-02-14,C562C6,0.2990904910831093,12.416666666666666,0.0,,,0.474817453,0.3028188385314549,-0.0037283474483456036,,0.422895254,0
2023-02-15,C562C6,0.2963332309564431,11.625,0.0,,,0.582016046,0.2990904910831093,-0.0027572601266662167,,0.474817453,0
2023-02-16,C562C6,0.29595066675784526,13.727272727272727,0.0,,,0.834578213,0.2963332309564431,-0.0003825641985978345,,0.582016046,0
2023-02-17,C562C6,0.29958097460708727,15.727272727272727,0.0,,,0.903353005,0.29595066675784526,0.0036303078492420093,,0.834578213,0
2023-02-18,C562C6,0.2971320808725389,15.583333333333334,0.0,,,0.881375447,0.29958097460708727,-0.002448893734548374,,0.903353005,0
2023-02-19,C562C6,0.29501835832059475,14.416666666666666,0.0,,,0.867999087,0.2971320808725389,-0.0021137225519441416,,0.881375447,0
2023-02-20,C562C6,0.2932217841220258,12.875,0.0,,,0.697927539,0.29501835832059475,-0.0017965741985689343,,0.867999087,0
2023-02-21,C562C6,0.2918395710564885,12.75,0.0,,,0.422007633,0.2932217841220258,-0.0013822130655373188,,0.697927539,0
2023-02-22,C562C6,0.29093655948742925,11.956521739130435,0.0,,,0.442151892,0.2918395710564885,-0.0009030115690592533,,0.422007633,0
2023-02-23,C562C6,0.2898633163135904,14.291666666666666,0.0,,,0.552935283,0.29093655948742925,-0.0010732431738388337,,0.442151892,0
2023-02-24,C562C6,0.2522942281215948,11.304347826086957,0.0,,,0.68290834,0.2898633163135904,-0.037569088191995614,,0.552935283,0
2023-02-25,C562C6,0.23167706322120707,11.083333333333334,0.0,,,1.057622143,0.2522942281215948,-0.02061716490038773,,0.68290834,0
2023-02-26,C562C6,0.2294584884849672,9.869565217391305,0.0,,,1.409884539,0.23167706322120707,-0.0022185747362398756,,1.057622143,0
2023-02-27,C562C6,0.22702025043174942,9.833333333333334,0.0,,,1.182167559,0.2294584884849672,-0.0024382380532177728,,1.409884539,0
2023-02-28,C562C6,0.2327449845575652,8.363636363636363,0.0,,,1.009278978,0.22702025043174942,0.0057247341258157836,,1.182167559,0
2023-03-01,C562C6,0.2870334196504484,9.125,0.0,,,1.182463697,0.2327449845575652,0.05428843509288317,,1.009278978,0
2023-03-02,C562C6,0.2991680369618492,10.458333333333334,0.0,,,1.129741665,0.2870334196504484,0.012134617311400808,,1.182463697,0
2023-03-03,C562C6,0.29254285737325614,9.958333333333334,0.0,,,0.844071925,0.2991680369618492,-0.006625179588593044,,1.129741665,0
2023-03-04,C562C6,0.29081137836461185,11.782608695652174,0.0,,,0.891330554,0.29254285737325614,-0.0017314790086442877,,0.844071925,0
2023-03-05,C562C6,0.2829698400415881,11.083333333333334,0.0,,,0.580190737,0.29081137836461185,-0.007841538323023756,,0.891330554,0
2023-03-06,C562C6,0.279816413272968,11.25,0.0,,,0.974059545,0.2829698400415881,-0.003153426768620071,,0.580190737,0
2023-03-07,C562C6,0.2811677494828548,10.708333333333334,0.0,,,0.49456153,0.279816413272968,0.0013513362098867554,,0.974059545,0
2023-03-08,C562C6,0.2792190668092024,8.666666666666666,0.0,,,0.371102643,0.2811677494828548,-0.001948682673652391,,0.49456153,0
2023-03-09,C562C6,0.27523511537087353,13.347826086956522,0.0,,,0.559197483,0.2792190668092024,-0.003983951438328859,,0.371102643,0
2023-03-10,C562C6,0.3108861845379752,12.5,0.0,,,0.706878754,0.27523511537087353,0.035651069167101646,,0.559197483,0
2023-03-11,C562C6,0.32668964881829776,11.25,0.0,,,1.007885409,0.3108861845379752,0.015803464280322588,,0.706878754,0
2023-03-12,C562C6,0.32622482440655076,14.791666666666666,0.0,,,1.262840436,0.32668964881829776,-0.0004648244117470002,,1.007885409,0
2023-03-13,C562C6,0.32294676037675246,19.791666666666668,0.0,,,2.192534487,0.32622482440655076,-0.0032780640297983,,1.262840436,0
2023-03-14,C562C6,0.31934316858071726,12.041666666666666,0.0,,,0.954957613,0.32294676037675246,-0.0036035917960351993,,2.192534487,0
2023-03-15,C562C6,0.35166646731727297,13.041666666666666,0.0,,,1.266933507,0.31934316858071726,0.032323298736555706,,0.954957613,0
2023-03-16,C562C6,0.3744797285975359,16.666666666666668,0.0,,,2.421874096,0.35166646731727297,0.022813261280262953,,1.266933507,0
2023-03-17,C562C6,0.365856008453954,17.625,0.0,,,2.201487089,0.3744797285975359,-0.008623720143581926,,2.421874096,0
2023-03-18,C562C6,0.3615388724474187,18.25,0.0,,,1.38208048,0.365856008453954,-0.0043171360065352715,,2.201487089,0
2023-03-19,C562C6,0.3539770270763889,13.791666666666666,0.0,,,0.80663582,0.3615388724474187,-0.0075618453710298295,,1.38208048,0
2023-03-20,C562C6,0.346898267071646,13.833333333333334,0.0,,,1.080574037,0.3539770270763889,-0.00707876000474289,,0.80663582,0
2023-03-21,C562C6,0.3454137968890229,16.25,0.0,,,1.262235238,0.346898267071646,-0.0014844701826230988,,1.080574037,0
2023-03-22,C562C6,0.3461544043401275,15.791666666666666,0.0,,,1.244160814,0.3454137968890229,0.0007406074511046024,,1.262235238,0
2023-03-23,C562C6,0.3451380843718234,18.458333333333332,0.0,,,1.733896069,0.3461544043401275,-0.0010163199683040913,,1.244160814,0
2023-03-24,C562C6,0.35348907188531925,17.375,0.0,,,1.794900982,0.3451380843718234,0.008350987513495833,,1.733896069,0
2023-03-25,C562C6,0.3631838280529878,15.96,0.0,,,1.801273541,0.35348907188531925,0.009694756167668572,,1.794900982,0
2023-03-26,C562C6,0.35560859529048516,13.28,0.0,,,1.056594458,0.3631838280529878,-0.007575232762502659,,1.801273541,0
2023-03-27,C562C6,0.35046628622488657,11.833333333333334,0.0,,,1.353687424,0.35560859529048516,-0.005142309065598594,,1.056594458,0
2023-03-28,C562C6,0.3457026583588261,10.833333333333334,0.0,,,1.206690771,0.35046628622488657,-0.004763627866060494,,1.353687424,0
2023-03-29,C562C6,0.36224980912826016,17.375,0.0,,,1.79313459,0.3457026583588261,0.016547150769434082,,1.206690771,0
2023-03-30,C562C6,0.34457961981126045,19.5,0.0,,,2.36672586,0.36224980912826016,-0.017670189316999707,,1.79313459,0
2023-03-31,C562C6,0.3174689654310475,15.791666666666666,0.0,,,1.085206786,0.34457961981126045,-0.02711065438021293,,2.36672586,0
2023-04-01,C562C6,0.32075403774401845,14.521739130434783,0.0,0.0,,0.681522591,0.3174689654310475,0.003285072312970927,,1.085206786,0
2023-04-02,C562C6,0.31764934671659023,11.73913043478261,0.0,0.0,,0.839113949,0.32075403774401845,-0.003104691027428219,,0.681522591,0
2023-04-03,C562C6,0.31502649635812174,12.625,0.0,0.0,,2.057442068,0.31764934671659023,-0.002622850358468487,,0.839113949,0
2023-04-04,C562C6,0.3381489818307679,13.090909090909092,0.0,0.0,,2.218041391,0.31502649635812174,0.02312248547264617,,2.057442068,0
2023-04-05,C562C6,0.3674003298557336,15.391304347826088,0.0,0.0,,1.933327767,0.3381489818307679,0.029251348024965707,,2.218041391,0
2023-04-06,C562C6,0.3577004919959838,14.208333333333334,0.0,0.0,,1.083944493,0.3674003298557336,-0.009699837859749816,,1.933327767,0
2023-04-07,C562C6,0.29701072248785776,14.583333333333334,0.0,0.0,,1.086520655,0.3577004919959838,-0.060689769508126046,,1.083944493,0
2023-04-08,C562C6,0.2709758322177905,15.958333333333334,0.0,0.0,,1.473028031,0.29701072248785776,-0.02603489027006728,,1.086520655,0
2023-04-09,C562C6,0.27685834259850334,18.12,0.0,0.0,,2.014843188,0.2709758322177905,0.005882510380712858,,1.473028031,0
2023-04-10,C562C6,0.2803433558313482,16.75,0.0,0.0,,1.745374129,0.27685834259850334,0.0034850132328448358,,2.014843188,0
2023-04-11,C562C6,0.2757562789918256,16.875,0.0,0.0,,2.28137717,0.2803433558313482,-0.004587076839522586,,1.745374129,0
2023-04-12,C562C6,0.27068586417888,16.958333333333332,0.0,0.0,,2.102080768,0.2757562789918256,-0.005070414812945567,,2.28137717,0
2023-04-13,C562C6,0.2812995733794365,16.791666666666668,0.0,0.0,,2.52614677,0.27068586417888,0.010613709200556487,,2.102080768,0
2023-04-14,C562C6,0.2808218073211082,17.791666666666668,0.0,0.0,,2.308806978,0.2812995733794365,-0.00047776605832833274,,2.52614677,0
2023-04-15,C562C6,0.2738887554995316,18.333333333333332,0.0,0.0,,2.609902227,0.2808218073211082,-0.006933051821576552,,2.308806978,0
2023-04-16,C562C6,0.27462182704946303,16.708333333333332,0.0,0.0,,1.500719339,0.2738887554995316,0.0007330715499314078,,2.609902227,0
2023-04-17,C562C6,0.27292270317513073,16.166666666666668,0.0,0.0,,1.579241327,0.27462182704946303,-0.0016991238743322978,,1.500719339,0
2023-04-18,C562C6,0.267387584445472,17.208333333333332,0.0,0.0,,2.415958141,0.27292270317513073,-0.005535118729658728,,1.579241327,0
2023-04-19,C562C6,0.26421498958770795,19.041666666666668,0.0,0.0,,3.372077702,0.267387584445472,-0.003172594857764055,,2.415958141,0
2023-04-20,C562C6,0.26188970222859004,13.291666666666666,0.0,0.0,,1.864174714,0.26421498958770795,-0.0023252873591179113,,3.372077702,0
2023-04-21,C562C6,0.26057840020159967,15.75,0.0,0.0,,2.511859694,0.26188970222859004,-0.0013113020269903686,,1.864174714,0
2023-04-22,C562C6,0.25903875917370717,15.416666666666666,0.0,0.0,,1.08372915,0.26057840020159967,-0.0015396410278925021,,2.511859694,0
2023-04-23,C562C6,0.2578423857510781,17.833333333333332,0.0,0.0,,1.621016188,0.25903875917370717,-0.0011963734226290712,,1.08372915,0
2023-04-24,C562C6,0.2577420070956122,17.208333333333332,0.0,0.0,,2.068763829,0.2578423857510781,-0.00010037865546591584,,1.621016188,0
2023-04-25,C562C6,0.2583520910362476,16.541666666666668,0.0,0.0,,2.238167083,0.2577420070956122,0.0006100839406354419,,2.068763829,0
2023-04-26,C562C6,0.2574299041971453,16.0,0.0,0.0,,2.193499488,0.2583520910362476,-0.0009221868391023347,,2.238167083,0
2023-04-27,C562C6,0.25496558952376625,18.083333333333332,0.0,0.0,,2.564528063,0.2574299041971453,-0.002464314673379042,,2.193499488,0
2023-04-28,C562C6,0.310041712559639,18.5,0.0,0.0,,1.225689945,0.25496558952376625,0.05507612303587278,,2.564528063,0
2023-04-29,C562C6,0.3491843170866851,17.833333333333332,0.0,0.0,,1.849866947,0.310041712559639,0.0391426045270461,,1.225689945,0
2023-04-30,C562C6,0.34669532967540034,19.791666666666668,0.0,0.0,,2.996120968,0.3491843170866851,-0.002488987411284782,,1.849866947,0
2023-05-01,C562C6,0.344903022082465,21.416666666666668,0.0,0.0,0.09,2.506814596,0.34669532967540034,-0.0017923075929353605,,2.996120968,0
2023-05-02,C562C6,0.34337016222547095,19.958333333333332,0.0,0.0,0.0,2.842787307,0.344903022082465,-0.0015328598569940288,0.09,2.506814596,0
2023-05-03,C562C6,0.3399159388890236,18.75,0.0,0.0,0.0,3.383578382,0.34337016222547095,-0.0034542233364473485,0.0,2.842787307,0
2023-05-04,C562C6,0.33705353520063513,23.125,0.0,0.0,4.37,4.098899278,0.3399159388890236,-0.0028624036883884707,0.0,3.383578382,0
2023-05-05,C562C6,0.3354948343805853,22.291666666666668,0.0,0.0,3.11,2.495037744,0.33705353520063513,-0.0015587008200498298,4.37,4.098899278,0
2023-05-06,C562C6,0.33414041991876703,23.208333333333332,0.0,0.0,0.0,2.392449645,0.3354948343805853,-0.0013544144618182763,3.11,2.495037744,0
2023-05-07,C562C6,0.3325304427295927,22.916666666666668,0.0,0.0,6.48,1.523122922,0.33414041991876703,-0.0016099771891743275,0.0,2.392449645,0
2023-05-08,C562C6,0.33184545197793774,20.791666666666668,0.0,0.0,0.03,1.311664301,0.3325304427295927,-0.0006849907516549569,6.48,1.523122922,0
2023-05-09,C562C6,0.30432280237897086,19.833333333333332,0.0,0.0,16.01,1.048274034,0.33184545197793774,-0.027522649598966886,0.03,1.311664301,0
2023-05-10,C562C6,0.2475169534560988,20.791666666666668,0.0,0.0,1.18,1.471890282,0.30432280237897086,-0.05680584892287205,16.01,1.048274034,0
2023-05-11,C562C6,0.24479395362773385,20.0,0.0,0.0,9.27,2.058435449,0.2475169534560988,-0.0027229998283649637,1.18,1.471890282,0
2023-05-12,C562C6,0.24306883327148818,20.208333333333332,0.0,0.0,10.49,1.60085398,0.24479395362773385,-0.0017251203562456685,9.27,2.058435449,0
2023-05-13,C562C6,0.24144879038055064,22.625,0.0,0.0,0.0,3.47150611,0.24306883327148818,-0.0016200428909375342,10.49,1.60085398,0
2023-05-14,C562C6,0.23839163861925916,21.791666666666668,0.0,0.0,0.0,2.840868784,0.24144879038055064,-0.0030571517612914823,0.0,3.47150611,0
2023-05-15,C562C6,0.2366201375312764,18.35,0.0,0.0,8.05,0.963767417,0.23839163861925916,-0.0017715010879827686,0.0,2.840868784,0
2023-05-16,C562C6,,21.294117647058822,0.0,0.0,0.0,3.106925277,0.2366201375312764,,8.05,0.963767417,0
2023-05-17,C562C6,,21.23076923076923,0.0,0.0,0.0,3.112055897,,,0.0,3.106925277,0
2023-05-18,C562C6,,21.9375,0.0,0.0,0.0,3.488506913,,,0.0,3.112055897,0
2023-05-19,C562C6,,22.647058823529413,0.0,0.0,0.0,3.524181799,,,0.0,3.488506913,0
2023-05-20,C562C6,,23.125,0.0,0.0,0.0,4.174761382,,,0.0,3.524181799,0
2023-05-21,C562C6,,23.142857142857142,0.0,0.0,0.0,3.134953769,,,0.0,4.174761382,0
2023-05-22,C562C6,,23.0,0.0,0.0,0.0,1.76127379,,,0.0,3.134953769,0
2023-05-23,C562C6,,22.5,0.0,0.0,0.0,2.887625216,,,0.0,1.76127379,0
2023-05-24,C562C6,,22.27777777777778,0.0,2.31,0.0,3.06201717,,,0.0,2.887625216,1
2023-05-25,C562C6,0.22409956202062467,24.523809523809526,0.0,2.31,0.0,3.851187221,,,0.0,3.06201717,1
2023-05-26,C562C6,0.22750949051266814,21.291666666666668,0.0,0.0,0.0,4.565156995,0.22409956202062467,0.003409928492043468,0.0,3.851187221,0
2023-05-27,C562C6,0.22615771213088362,23.125,0.0,2.31,0.0,4.711575175,0.22750949051266814,-0.0013517783817845186,0.0,4.565156995,1
2023-05-28,C562C6,0.2265944742584763,24.041666666666668,0.0,2.31,0.0,4.64448094,0.22615771213088362,0.0004367621275926936,0.0,4.711575175,1
2023-05-29,C562C6,0.22713883031511203,21.791666666666668,0.0,2.31,0.0,4.34904892,0.2265944742584763,0.0005443560566357197,0.0,4.64448094,1
2023-05-30,C562C6,0.22766479689073346,21.041666666666668,0.0,2.31,0.0,4.384191427,0.22713883031511203,0.0005259665756214282,0.0,4.34904892,1
2023-05-31,C562C6,0.23055041151712138,24.625,0.0,2.31,0.0,4.899740893,0.22766479689073346,0.0028856146263879223,0.0,4.384191427,1
2023-06-01,C562C6,0.22989206014914831,22.166666666666668,0.0,0.0,0.0,4.112897778,0.23055041151712138,-0.0006583513679730701,0.0,4.899740893,0
2023-06-02,C562C6,0.2266056796895107,20.791666666666668,0.0,2.31,0.0,3.977916483,0.22989206014914831,-0.003286380459637611,0.0,4.112897778,1
2023-06-03,C562C6,0.22795425247241077,24.5,0.0,0.0,0.0,5.370317208,0.2266056796895107,0.0013485727829000704,0.0,3.977916483,0
2023-06-04,C562C6,0.22267843910264074,24.541666666666668,0.0,0.0,0.0,5.364751375,0.22795425247241077,-0.005275813369770038,0.0,5.370317208,0
2023-06-05,C562C6,0.22181896084682898,23.125,0.0,2.31,0.0,4.540735081,0.22267843910264074,-0.0008594782558117575,0.0,5.364751375,1
2023-06-06,C562C6,0.22359372989926082,23.833333333333332,0.0,0.0,0.0,4.538738957,0.22181896084682898,0.001774769052431846,0.0,4.540735081,0
2023-06-07,C562C6,0.2196350453052481,24.958333333333332,0.0,0.0,0.0,4.304741878,0.22359372989926082,-0.003958684594012718,0.0,4.538738957,0
2023-06-08,C562C6,0.21753075503629485,27.166666666666668,0.0,0.0,0.0,5.048392914,0.2196350453052481,-0.002104290268953257,0.0,4.304741878,0
2023-06-09,C562C6,0.21501688266955185,30.875,0.0,0.0,0.0,6.054924144,0.21753075503629485,-0.0025138723667429974,0.0,5.048392914,0
2023-06-10,C562C6,0.21234357143035887,32.416666666666664,0.0,0.0,0.0,6.590955065,0.21501688266955185,-0.0026733112391929825,0.0,6.054924144,0
2023-06-11,C562C6,0.21086315356670685,32.125,0.0,0.0,1.4,5.364819219,0.21234357143035887,-0.0014804178636520227,0.0,6.590955065,0
2023-06-12,C562C6,0.2169547651175097,32.375,0.0,2.31,0.0,5.867097917,0.21086315356670685,0.0060916115508028446,1.4,5.364819219,1
2023-06-13,C562C6,0.22860513323583112,31.583333333333332,0.0,0.0,0.0,6.557596176,0.2169547651175097,0.01165036811832143,0.0,5.867097917,0
2023-06-14,C562C6,0.2153501887377485,30.416666666666668,0.0,0.0,0.0,5.760010458,0.22860513323583112,-0.013254944498082621,0.0,6.557596176,0
2023-06-15,C562C6,0.21234684790467065,29.0,0.0,0.0,0.0,5.433507833,0.2153501887377485,-0.00300334083307785,0.0,5.760010458,0
2023-06-16,C562C6,0.2227458968464575,29.0,0.0,5.0,0.0,4.816659578,0.21234684790467065,0.010399048941786837,0.0,5.433507833,1
2023-06-17,C562C6,0.22315903648301053,28.75,0.0,0.0,0.0,4.025339038,0.2227458968464575,0.0004131396365530393,0.0,4.816659578,0
2023-06-18,C562C6,0.21641293050425156,26.708333333333332,0.0,0.0,2.6,3.395831198,0.22315903648301053,-0.006746105978758965,0.0,4.025339038,0
2023-06-19,C562C6,0.2141963209058966,28.625,0.0,0.0,0.2,4.457820239,0.21641293050425156,-0.002216609598354957,2.6,3.395831198,0
2023-06-20,C562C6,0.21323168025974257,28.166666666666668,0.0,0.0,5.8,3.285160448,0.2141963209058966,-0.0009646406461540358,0.2,4.457820239,0
2023-06-21,C562C6,0.2152447043593498,28.375,0.0,0.0,0.2,4.503158501,0.21323168025974257,0.0020130240996072413,5.8,3.285160448,0
2023-06-22,C562C6,0.21195924126324828,24.416666666666668,0.0,0.0,1.0,1.792435786,0.2152447043593498,-0.003285463096101532,0.2,4.503158501,0
2023-06-23,C562C6,0.21117271628019982,27.916666666666668,0.0,0.0,0.0,4.274502427,0.21195924126324828,-0.0007865249830484589,1.0,1.792435786,0
2023-06-24,C562C6,0.20886135005365816,28.91304347826087,0.0,0.0,0.0,5.407242707,0.21117271628019982,-0.0023113662265416557,0.0,4.274502427,0
2023-06-25,C562C6,0.2060448699662455,32.5,0.0,0.0,0.0,5.679734232,0.20886135005365816,-0.0028164800874126705,0.0,5.407242707,0
2023-06-26,C562C6,0.20438277585826645,26.791666666666668,0.0,0.0,0.0,4.829923252,0.2060448699662455,-0.0016620941079790452,0.0,5.679734232,0
2023-06-27,C562C6,0.20405283011119255,25.833333333333332,0.0,0.0,0.0,3.810850254,0.20438277585826645,-0.0003299457470739009,0.0,4.829923252,0
2023-06-28,C562C6,0.2037374357276055,25.88235294117647,0.0,0.0,0.0,2.555882875,0.20405283011119255,-0.00031539438358704763,0.0,3.810850254,0
2023-06-29,C562C6,0.2038605895123255,24.545454545454547,0.0,0.0,0.2,2.713871407,0.2037374357276055,0.00012315378471999816,0.0,2.555882875,0
2023-06-30,C562C6,0.20319394462336224,29.23076923076923,0.0,0.0,0.2,3.925533545,0.2038605895123255,-0.0006666448889632581,0.2,2.713871407,0
2023-07-01,C562C6,0.20305415220149398,22.7,0.0,0.0,4.6,1.831007203,0.20319394462336224,-0.00013979242186826224,0.2,3.925533545,0
2023-07-02,C562C6,0.20396580119906374,23.625,0.0,0.0,0.0,4.262775429,0.20305415220149398,0.0009116489975697639,4.6,1.831007203,0
2023-07-03,C562C6,0.20256345871011047,22.0,0.0,0.0,0.0,4.249504539,0.20396580119906374,-0.0014023424889532676,0.0,4.262775429,0
2023-07-04,C562C6,0.20116633394943048,22.4,0.0,0.0,0.2,3.326026439,0.20256345871011047,-0.0013971247606799908,0.0,4.249504539,0
2023-07-05,C562C6,0.20895513969409496,22.166666666666668,0.0,0.0,8.8,4.098970632,0.20116633394943048,0.007788805744664479,0.2,3.326026439,0
2023-07-06,C562C6,0.2045294243950862,22.357142857142858,0.0,0.0,0.0,3.654256422,0.20895513969409496,-0.004425715299008759,8.8,4.098970632,0
2023-07-07,C562C6,0.20091548823543318,23.25,0.0,0.0,0.0,5.340759754,0.2045294243950862,-0.003613936159653025,0.0,3.654256422,0
2023-07-08,C562C6,0.19779089922540788,30.375,0.0,0.0,0.0,5.266165392,0.20091548823543318,-0.003124589010025297,0.0,5.340759754,0
2023-07-09,C562C6,0.19508554695159827,27.22222222222222,0.0,0.0,0.2,3.358954141,0.19779089922540788,-0.002705352273809608,0.0,5.266165392,0
2023-07-10,C562C6,0.19388781691598467,28.11764705882353,0.0,0.0,0.0,4.765842648,0.19508554695159827,-0.0011977300356136034,0.2,3.358954141,0
2023-07-11,C562C6,0.191128617752005,25.0625,0.0,0.0,0.0,5.006596319,0.19388781691598467,-0.002759199163979681,0.0,4.765842648,0
2023-07-12,C562C6,0.18848808149111942,23.0625,0.0,0.0,3.0,4.500439527,0.191128617752005,-0.002640536260885562,0.0,5.006596319,0
2023-07-13,C562C6,0.18718007288579205,23.65,0.0,0.0,0.8,4.058317186,0.18848808149111942,-0.001308008605327371,3.0,4.500439527,0
2023-07-14,C562C6,0.1851371441651796,23.857142857142858,0.0,0.0,0.0,4.080182635,0.18718007288579205,-0.002042928720612458,0.8,4.058317186,0
2023-07-15,C562C6,0.18199495960917472,26.1875,0.0,0.0,3.4,5.171795156,0.1851371441651796,-0.0031421845560048733,0.0,4.080182635,0
2023-07-16,C562C6,0.17966635123133473,22.625,0.0,0.0,0.0,4.139401609,0.18199495960917472,-0.0023286083778399913,3.4,5.171795156,0
2023-07-17,C562C6,0.17849705129043256,21.705882352941178,0.0,0.0,1.0,4.215292791,0.17966635123133473,-0.0011692999409021743,0.0,4.139401609,0
2023-07-18,C562C6,0.17528228590684314,22.666666666666668,0.0,0.0,0.0,4.731884937,0.17849705129043256,-0.0032147653835894185,1.0,4.215292791,0
2023-07-19,C562C6,0.170478031449523,22.764705882352942,0.0,0.0,0.4,3.107711917,0.17528228590684314,-0.004804254457320134,0.0,4.731884937,0
2023-07-20,C562C6,0.16924577982409064,22.526315789473685,0.0,0.0,5.4,2.382908881,0.170478031449523,-0.0012322516254323623,0.4,3.107711917,0
2023-07-21,C562C6,0.17305231247349043,21.555555555555557,0.0,0.0,0.4,3.432069349,0.16924577982409064,0.0038065326493997853,5.4,2.382908881,0
2023-07-22,C562C6,0.17021983444757655,21.470588235294116,0.0,0.0,0.8,3.196402285,0.17305231247349043,-0.0028324780259138815,0.4,3.432069349,0
2023-07-23,C562C6,0.16959994123611524,21.823529411764707,0.0,0.0,10.2,2.119257783,0.17021983444757655,-0.0006198932114613032,0.8,3.196402285,0
2023-07-24,C562C6,0.21000999720399294,24.88888888888889,0.0,0.0,7.4,2.632209882,0.16959994123611524,0.040410055967877695,10.2,2.119257783,0
2023-07-25,C562C6,0.2065842459474367,22.0,0.0,0.0,0.8,2.796099057,0.21000999720399294,-0.0034257512565562254,7.4,2.632209882,0
2023-07-26,C562C6,0.19840830310198618,24.041666666666668,0.0,0.0,0.0,3.656776723,0.2065842459474367,-0.008175942845450535,0.8,2.796099057,0
2023-07-27,C562C6,0.2118643153116807,21.958333333333332,0.0,0.0,18.2,1.172536635,0.19840830310198618,0.013456012209694529,0.0,3.656776723,0
2023-07-28,C562C6,0.2232435197406177,25.458333333333332,0.0,0.0,1.0,2.676078632,0.2118643153116807,0.011379204428937001,18.2,1.172536635,0
2023-07-29,C562C6,0.21668252166637159,23.875,0.0,0.0,4.2,3.206425162,0.2232435197406177,-0.006560998074246122,1.0,2.676078632,0
2023-07-30,C562C6,0.2165643681200615,22.625,0.0,0.0,5.8,2.867909586,0.21668252166637159,-0.00011815354631009023,4.2,3.206425162,0
2023-07-31,C562C6,0.23360205669634201,22.541666666666668,0.0,0.0,23.0,1.385697235,0.2165643681200615,0.01703768857628052,5.8,2.867909586,0
2023-08-01,C562C6,0.2446359694696659,23.166666666666668,0.0,0.0,0.0,2.477855424,0.23360205669634201,0.011033912773323884,23.0,1.385697235,0
2023-08-02,C562C6,0.23672967511489149,23.083333333333332,0.0,0.0,12.8,2.662670469,0.2446359694696659,-0.007906294354774412,0.0,2.477855424,0
2023-08-03,C562C6,0.2467686177696167,21.791666666666668,0.0,0.0,6.6,1.713652276,0.23672967511489149,0.010038942654725214,12.8,2.662670469,0
2023-08-04,C562C6,0.23681470580132713,22.166666666666668,0.0,0.0,2.6,2.686817914,0.2467686177696167,-0.00995391196828957,6.6,1.713652276,0
2023-08-05,C562C6,0.23163510530282305,19.333333333333332,0.0,0.0,9.8,1.448117019,0.23681470580132713,-0.005179600498504078,2.6,2.686817914,0
2023-08-06,C562C6,0.25650136856587835,19.17391304347826,0.0,0.0,14.4,1.880303177,0.23163510530282305,0.0248662632630553,9.8,1.448117019,0
2023-08-07,C562C6,0.2433245790500347,20.956521739130434,0.0,0.0,0.0,3.422480299,0.25650136856587835,-0.01317678951584364,14.4,1.880303177,0
2023-08-08,C562C6,0.233248761258493,21.0,0.0,0.0,4.0,2.199666749,0.2433245790500347,-0.010075817791541708,0.0,3.422480299,0
2023-08-09,C562C6,0.23263208998456705,24.0,0.0,0.0,0.4,3.451923999,0.233248761258493,-0.0006166712739259506,4.0,2.199666749,0
2023-08-10,C562C6,0.22466281202077418,24.916666666666668,0.0,0.0,0.0,3.837719302,0.23263208998456705,-0.007969277963792876,0.4,3.451923999,0
2023-08-11,C562C6,0.2186595670775322,26.125,0.0,0.0,0.0,3.220125392,0.22466281202077418,-0.0060032449432419754,0.0,3.837719302,0
2023-08-12,C562C6,0.2229523159160467,26.08695652173913,0.0,0.0,8.0,3.518673353,0.2186595670775322,0.004292748838514493,0.0,3.220125392,0
2023-08-13,C562C6,0.22066387837823997,23.25,0.0,0.0,0.2,2.690890936,0.2229523159160467,-0.00228843753780672,8.0,3.518673353,0
2023-08-14,C562C6,0.21617146514332744,25.666666666666668,0.0,0.0,0.0,3.910357185,0.22066387837823997,-0.0044924132349125345,0.2,2.690890936,0
2023-08-15,C562C6,0.2119032167449171,24.916666666666668,0.0,0.0,0.0,3.439798831,0.21617146514332744,-0.004268248398410335,0.0,3.910357185,0
2023-08-16,C562C6,0.20842100636601854,25.291666666666668,0.0,0.0,0.0,2.999177667,0.2119032167449171,-0.0034822103788985648,0.0,3.439798831,0
2023-08-17,C562C6,0.20567989954214858,23.652173913043477,0.0,0.0,0.0,2.179037079,0.20842100636601854,-0.0027411068238699654,0.0,2.999177667,0
2023-08-18,C562C6,0.20426330311123192,26.227272727272727,0.0,0.0,0.0,2.328902319,0.20567989954214858,-0.0014165964309166557,0.0,2.179037079,0
2023-08-19,C562C6,0.2023911508393205,27.5,0.0,0.0,0.0,2.899968132,0.20426330311123192,-0.0018721522719114259,0.0,2.328902319,0
2023-08-20,C562C6,0.19936388006113434,25.625,0.0,0.0,0.0,3.550506839,0.2023911508393205,-0.003027270778186153,0.0,2.899968132,0
2023-08-21,C562C6,0.19630357714839808,24.708333333333332,0.0,0.0,0.0,3.598490554,0.19936388006113434,-0.0030603029127362624,0.0,3.550506839,0
2023-08-22,C562C6,0.1937772518657012,24.166666666666668,0.0,0.0,0.0,2.738973802,0.19630357714839808,-0.0025263252826968896,0.0,3.598490554,0
2023-08-23,C562C6,0.19118137989763742,23.916666666666668,0.0,0.0,0.0,3.462584692,0.1937772518657012,-0.0025958719680637676,0.0,2.738973802,0
2023-08-24,C562C6,0.19298824572532167,24.208333333333332,0.0,0.0,19.0,1.690933897,0.19118137989763742,0.0018068658276842453,0.0,3.462584692,0
2023-08-25,C562C6,0.23524372952277037,23.217391304347824,0.0,0.0,3.8,1.404666667,0.19298824572532167,0.0422554837974487,19.0,1.690933897,0
2023-08-26,C562C6,0.22922489357103562,20.304347826086957,0.0,0.0,0.0,2.665463085,0.23524372952277037,-0.006018835951734747,3.8,1.404666667,0
2023-08-27,C562C6,0.22126749335790022,20.565217391304348,0.0,0.0,0.0,2.68313485,0.22922489357103562,-0.007957400213135402,0.0,2.665463085,0
2023-08-28,C562C6,0.21567167153665168,20.869565217391305,0.0,0.0,0.0,2.618238826,0.22126749335790022,-0.005595821821248542,0.0,2.68313485,0
2023-08-29,C562C6,0.21135781948504606,19.8,0.0,0.0,0.0,2.018231124,0.21567167153665168,-0.004313852051605616,0.0,2.618238826,0
2023-08-30,C562C6,0.21143794007457936,19.391304347826086,0.0,0.0,9.0,2.206787119,0.21135781948504606,8.012058953330015e-05,0.0,2.018231124,0
2023-08-31,C562C6,0.22110936267902798,19.52173913043478,0.0,0.0,0.0,2.018570372,0.21143794007457936,0.009671422604448615,9.0,2.206787119,0
2023-09-01,C562C6,0.2599468027187308,23.375,0.0,0.0,28.6,1.695288956,0.22110936267902798,0.0388374400397028,0.0,2.018570372,0
2023-09-02,C562C6,0.2434436929113872,25.22222222222222,0.0,0.0,0.0,2.399029346,0.2599468027187308,-0.01650310980734357,28.6,1.695288956,0
2023-09-03,C562C6,0.23152435624742387,23.58823529411765,0.0,0.0,0.0,2.708212812,0.2434436929113872,-0.011919336663963331,0.0,2.399029346,0
2023-09-04,C562C6,0.22205320006698265,24.6,0.0,0.0,0.0,3.19283799,0.23152435624742387,-0.009471156180441226,0.0,2.708212812,0
2023-09-05,C562C6,0.21665893458906887,26.866666666666667,0.0,0.0,0.0,3.443436778,0.22205320006698265,-0.005394265477913773,0.0,3.19283799,0
2023-09-06,C562C6,0.21172438009712993,23.3,0.0,0.0,0.0,3.290736886,0.21665893458906887,-0.004934554491938942,0.0,3.443436778,0
2023-09-07,C562C6,0.20755873738781136,25.3125,0.0,0.0,0.0,3.256403546,0.21172438009712993,-0.004165642709318573,0.0,3.290736886,0
2023-09-08,C562C6,0.20385311210303853,25.75,0.0,0.0,0.0,2.988535324,0.20755873738781136,-0.0037056252847728344,0.0,3.256403546,0
2023-09-09,C562C6,0.20099836151047068,26.181818181818183,0.0,0.0,0.0,3.042392319,0.20385311210303853,-0.002854750592567845,0.0,2.988535324,0
2023-09-10,C562C6,0.1977033496608669,27.304347826086957,0.0,0.0,0.0,3.141102732,0.20099836151047068,-0.0032950118496037906,0.0,3.042392319,0
2023-09-11,C562C6,0.19557595562228344,24.72222222222222,0.0,0.0,3.6,2.573327513,0.1977033496608669,-0.0021273940385834467,0.0,3.141102732,0
2023-09-12,C562C6,0.19969489151130987,23.384615384615383,0.0,0.0,7.4,1.881773282,0.19557595562228344,0.004118935889026426,3.6,2.573327513,0
2023-09-13,C562C6,0.21682976045586708,22.333333333333332,0.0,0.0,0.0,1.985550993,0.19969489151130987,0.017134868944557208,7.4,1.881773282,0
2023-09-14,C562C6,0.21223967285124923,20.11111111111111,0.0,0.0,0.0,2.34028543,0.21682976045586708,-0.0045900876046178485,0.0,1.985550993,0
2023-09-15,C562C6,0.20812223910665315,21.863636363636363,0.0,0.0,0.0,2.508800883,0.21223967285124923,-0.004117433744596083,0.0,2.34028543,0
2023-09-16,C562C6,0.2049621412589797,23.09090909090909,0.0,0.0,3.4,2.257355082,0.20812223910665315,-0.003160097847673432,0.0,2.508800883,0
2023-09-17,C562C6,0.2111766496428082,24.941176470588236,0.0,0.0,3.0,1.312940693,0.2049621412589797,0.0062145083838284765,3.4,2.257355082,0
2023-09-18,C562C6,0.21874864429887228,22.4,0.0,0.0,8.2,2.026181168,0.2111766496428082,0.0075719946560640905,3.0,1.312940693,0
2023-09-19,C562C6,0.22653043977464862,20.181818181818183,0.0,0.0,0.4,2.357023369,0.21874864429887228,0.007781795475776343,8.2,2.026181168,0
2023-09-20,C562C6,0.2209492342477658,21.954545454545453,0.0,0.0,0.0,2.397319569,0.22653043977464862,-0.005581205526882821,0.4,2.357023369,0
2023-09-21,C562C6,0.2438830852463069,19.65,0.0,0.0,22.2,1.041958182,0.2209492342477658,0.02293385099854109,0.0,2.397319569,0
2023-09-22,C562C6,0.24565739343053702,17.52173913043478,0.0,0.0,3.2,1.136825821,0.2438830852463069,0.0017743081842301334,22.2,1.041958182,0
2023-09-23,C562C6,0.23916599624865245,16.285714285714285,0.0,0.0,0.0,1.768173312,0.24565739343053702,-0.006491397181884573,3.2,1.136825821,0
2023-09-24,C562C6,0.231298216544904,16.863636363636363,0.0,0.0,0.0,2.233977551,0.23916599624865245,-0.00786777970374844,0.0,1.768173312,0
2023-09-25,C562C6,0.2259190531233207,19.347826086956523,0.0,0.0,0.0,2.135489157,0.231298216544904,-0.005379163421583316,0.0,2.233977551,0
2023-09-26,C562C6,0.2221031502729122,20.041666666666668,0.0,0.0,0.0,1.596919367,0.2259190531233207,-0.0038159028504085035,0.0,2.135489157,0
2023-09-27,C562C6,0.21928032993150418,21.130434782608695,0.0,0.0,0.0,1.495237133,0.2221031502729122,-0.0028228203414080166,0.0,1.596919367,0
2023-09-28,C562C6,0.21661234477156885,21.0,0.0,0.0,0.0,1.918957274,0.21928032993150418,-0.0026679851599353266,0.0,1.495237133,0
2023-09-29,C562C6,0.21502252659578153,20.4,0.0,0.0,1.19,1.35808405,0.21661234477156885,-0.001589818175787322,0.0,1.918957274,0
2023-09-30,C562C6,0.21461494758144675,18.0,0.0,0.0,0.0,1.457575886,0.21502252659578153,-0.0004075790143347746,1.19,1.35808405,0
2023-10-01,C562C6,0.212709798933868,20.782608695652176,0.0,0.0,0.0,2.197351464,0.21461494758144675,-0.0019051486475787638,0.0,1.457575886,0
2023-10-02,C562C6,0.21126534670387614,19.2,0.0,0.0,,1.219365433,0.212709798933868,-0.0014444522299918439,0.0,2.197351464,0
2021-04-06,C58157,,22.0,0.0,,,1.71,,,,,0
2021-04-07,C58157,,20.0,0.0,,,2.4,,,,1.71,0
2021-04-08,C58157,,19.8,0.0,,,1.14,,,,2.4,0
2021-04-09,C58157,,20.0,0.0,,,1.93,,,,1.14,0
2021-04-10,C58157,,20.9,0.0,,,1.96,,,,1.93,0
2021-04-11,C58157,,20.4,0.0,0.0,,3.13,,,,1.96,0
2021-04-12,C58157,,19.818181818181817,0.0,0.0,,3.7,,,,3.13,0
2021-04-13,C58157,,22.416666666666668,0.0,0.0,,1.56,,,,3.7,0
2021-04-14,C58157,,26.25,0.0,0.0,,2.46,,,,1.56,0
2021-04-15,C58157,,26.09090909090909,0.0,0.0,,2.74,,,,2.46,0
2021-04-16,C58157,,27.0,0.0,0.0,,3.11,,,,2.74,0
2021-04-17,C58157,,26.666666666666668,0.0,0.0,,4.15,,,,3.11,0
2021-04-18,C58157,,27.25,0.0,0.0,,3.65,,,,4.15,0
2021-04-19,C58157,,28.0,0.0,0.0,,3.41,,,,3.65,0
2021-04-20,C58157,,26.8,0.0,0.0,,3.91,,,,3.41,0
2021-04-21,C58157,,27.416666666666668,0.0,0.0,,3.79,,,,3.91,0
2021-04-22,C58157,,25.818181818181817,0.0,0.0,,3.21,,,,3.79,0
2021-04-23,C58157,,25.916666666666668,0.0,0.0,,3.53,,,,3.21,0
2021-04-24,C58157,,26.0,0.0,0.0,,4.16,,,,3.53,0
2021-04-25,C58157,,25.916666666666668,0.0,0.0,,2.01,,,,4.16,0
2021-04-26,C58157,,25.75,0.0,0.0,,1.95,,,,2.01,0
2021-04-27,C58157,,25.25,0.0,0.0,,3.1,,,,1.95,0
2021-04-28,C58157,,25.416666666666668,0.0,0.0,,3.59,,,,3.1,0
2021-04-29,C58157,,25.5,0.0,0.0,,2.23,,,,3.59,0
2021-04-30,C58157,,25.0,0.0,0.0,,2.49,,,,2.23,0
2021-05-01,C58157,,24.916666666666668,0.0,0.0,0.0,2.44,,,,2.49,0
2021-05-02,C58157,,24.583333333333332,0.0,0.0,0.0,3.93,,,0.0,2.44,0
2021-05-03,C58157,,24.272727272727273,0.0,0.0,0.0,3.83,,,0.0,3.93,0
2021-05-04,C58157,,25.0,0.0,0.0,6.85,3.26,,,0.0,3.83,0
2021-05-05,C58157,,24.75,0.0,0.0,2.17,2.25,,,6.85,3.26,0
2021-05-06,C58157,,24.583333333333332,0.0,0.0,1.66,3.11,,,2.17,2.25,0
2021-05-07,C58157,,24.583333333333332,0.0,0.0,0.05,2.53,,,1.66,3.11,0
2021-05-08,C58157,,24.083333333333332,0.0,0.0,0.44,3.23,,,0.05,2.53,0
2021-05-09,C58157,,24.166666666666668,0.0,0.0,0.08,4.18,,,0.44,3.23,0
2021-05-10,C58157,,25.0,0.0,0.0,0.66,4.13,,,0.08,4.18,0
2021-05-11,C58157,,25.0,0.0,0.0,0.83,5.31,,,0.66,4.13,0
2021-05-12,C58157,,25.272727272727273,0.0,0.0,0.09,3.39,,,0.83,5.31,0
2021-05-13,C58157,,25.181818181818183,0.0,0.0,0.0,3.94,,,0.09,3.39,0
2021-05-14,C58157,,25.1,0.0,0.0,4.32,4.25,,,0.0,3.94,0
2021-05-15,C58157,,24.90909090909091,0.0,0.0,2.94,5.21,,,4.32,4.25,0
2021-05-16,C58157,,24.7,0.0,0.0,2.13,4.12,,,2.94,5.21,0
2021-05-17,C58157,,25.25,0.0,0.0,3.53,4.51,,,2.13,4.12,0
2021-05-18,C58157,,25.0,0.0,0.0,17.71,4.55,,,3.53,4.51,0
2021-05-19,C58157,,25.166666666666668,0.0,0.0,3.2,4.45,,,17.71,4.55,0
2021-05-20,C58157,,25.0,0.0,0.0,0.0,1.96,,,3.2,4.45,0
2021-05-21,C58157,,25.0,0.0,0.0,2.04,3.85,,,0.0,1.96,0
2021-05-22,C58157,,25.0,0.0,0.0,5.76,4.29,,,2.04,3.85,0
2021-05-23,C58157,,24.454545454545453,0.0,0.0,2.89,2.27,,,5.76,4.29,0
2021-05-24,C58157,,24.666666666666668,0.0,0.0,8.48,2.83,,,2.89,2.27,0
2021-05-25,C58157,,24.555555555555557,0.0,0.0,12.32,3.62,,,8.48,2.83,0
2021-05-26,C58157,,24.818181818181817,0.0,0.0,0.07,3.53,,,12.32,3.62,0
2021-05-27,C58157,,24.916666666666668,0.0,0.0,0.0,3.65,,,0.07,3.53,0
2021-05-28,C58157,,25.0,0.0,0.0,0.0,3.71,,,0.0,3.65,0
2021-05-29,C58157,,25.416666666666668,0.0,0.0,0.01,2.37,,,0.0,3.71,0
2021-05-30,C58157,,25.916666666666668,0.0,0.0,0.0,2.92,,,0.01,2.37,0
2021-05-31,C58157,,26.416666666666668,0.0,0.0,0.0,3.72,,,0.0,2.92,0
2021-06-01,C58157,,27.363636363636363,0.0,0.0,0.0,3.82,,,0.0,3.72,0
2021-06-02,C58157,,28.083333333333332,0.0,0.0,0.2,4.41,,,0.0,3.82,0
2021-06-03,C58157,0.1204480250952381,30.333333333333332,0.0,0.0,0.8,4.13,,,0.2,4.41,0
2021-06-04,C58157,0.14157085255555554,27.666666666666668,0.0,7.7,6.6,5.32,0.1204480250952381,0.021122827460317448,0.8,4.13,1
2021-06-05,C58157,0.20647517244444447,22.083333333333332,0.0,0.0,0.4,1.41,0.14157085255555554,0.06490431988888892,6.6,5.32,0
2021-06-06,C58157,0.1885293213888889,25.75,0.0,5.24,0.0,3.54,0.20647517244444447,-0.017945851055555573,0.4,1.41,1
2021-06-07,C58157,0.20458539986111113,26.166666666666668,0.0,7.18,0.0,2.22,0.1885293213888889,0.016056078472222235,0.0,3.54,1
2021-06-08,C58157,0.20716197933333333,26.916666666666668,0.0,5.63,0.0,1.61,0.20458539986111113,0.0025765794722222013,0.0,2.22,1
2021-06-09,C58157,0.21275414522222222,27.333333333333332,0.0,5.55,0.0,3.36,0.20716197933333333,0.005592165888888889,0.0,1.61,1
2021-06-10,C58157,0.20443531094444445,28.166666666666668,0.0,5.91,0.0,3.87,0.21275414522222222,-0.00831883427777777,0.0,3.36,1
2021-06-11,C58157,0.20185053655555554,28.5,0.0,5.23,0.0,4.37,0.20443531094444445,-0.002584774388888905,0.0,3.87,1
2021-06-12,C58157,0.20444573191666668,24.833333333333332,0.0,5.57,0.0,4.54,0.20185053655555554,0.0025951953611111356,0.0,4.37,1
2021-06-13,C58157,0.20523907675,25.583333333333332,0.0,5.16,0.0,3.88,0.20444573191666668,0.0007933448333333204,0.0,4.54,1
2021-06-14,C58157,0.2011431845,28.666666666666668,0.0,4.78,0.0,4.53,0.20523907675,-0.0040958922500000106,0.0,3.88,1
2021-06-15,C58157,0.19118532322222223,29.083333333333332,0.0,4.75,0.0,5.05,0.2011431845,-0.009957861277777758,0.0,4.53,1
2021-06-16,C58157,0.20134790022222224,31.416666666666668,0.0,4.48,0.0,5.05,0.19118532322222223,0.010162577000000006,0.0,5.05,1
2021-06-17,C58157,0.20244738958333333,32.333333333333336,0.0,4.83,0.0,5.81,0.20134790022222224,0.0010994893611110945,0.0,5.05,1
2021-06-18,C58157,0.21867520788888892,32.25,0.0,0.0,12.0,6.51,0.20244738958333333,0.016227818305555586,0.0,5.81,0
2021-06-19,C58157,0.18066592566666664,27.333333333333332,0.0,0.0,1.2,3.87,0.21867520788888892,-0.038009282222222274,12.0,6.51,0
2021-06-20,C58157,0.18633208858333336,28.916666666666668,0.0,0.0,2.8,3.67,0.18066592566666664,0.005666162916666717,1.2,3.87,0
2021-06-21,C58157,0.2445304876111111,23.5,0.0,0.0,21.0,2.67,0.18633208858333336,0.058198399027777736,2.8,3.67,0
2021-06-22,C58157,0.2410904452777778,21.0,0.0,0.0,6.2,4.99,0.2445304876111111,-0.0034400423333333097,21.0,2.67,0
2021-06-23,C58157,0.23120925980555554,21.583333333333332,0.0,0.0,0.8,5.4,0.2410904452777778,-0.009881185472222248,6.2,4.99,0
2021-06-24,C58157,0.20493003741666668,23.25,0.0,0.0,0.0,3.15,0.23120925980555554,-0.026279222388888857,0.8,5.4,0
2021-06-25,C58157,0.18587058008333332,22.5,0.0,0.0,1.2,2.72,0.20493003741666668,-0.019059457333333363,0.0,3.15,0
2021-06-26,C58157,0.1803312896111111,27.0,0.0,0.0,0.2,2.64,0.18587058008333332,-0.005539290472222208,1.2,2.72,0
2021-06-27,C58157,0.16872767725,28.166666666666668,0.0,0.0,0.0,2.3,0.1803312896111111,-0.011603612361111099,0.2,2.64,0
2021-06-28,C58157,0.1604850976111111,27.0,0.0,0.0,0.0,4.53,0.16872767725,-0.008242579638888914,0.0,2.3,0
2021-06-29,C58157,0.21863573644444445,27.833333333333332,0.0,0.0,0.0,4.95,0.1604850976111111,0.05815063883333335,0.0,4.53,0
2021-06-30,C58157,0.3123096916060606,21.363636363636363,0.0,0.0,27.0,1.9,0.21863573644444445,0.09367395516161614,0.0,4.95,0
2021-07-01,C58157,0.31346105502777777,22.166666666666668,0.0,0.0,1.0,3.79,0.3123096916060606,0.0011513634217171775,27.0,1.9,0
2021-07-02,C58157,0.30216247227777776,25.666666666666668,0.0,0.0,0.0,4.66,0.31346105502777777,-0.011298582750000008,1.0,3.79,0
2021-07-03,C58157,0.3024825568611111,23.833333333333332,0.0,0.0,17.6,4.4,0.30216247227777776,0.00032008458333332435,0.0,4.66,0
2021-07-04,C58157,0.3214265933611111,25.916666666666668,0.0,0.0,8.8,4.51,0.3024825568611111,0.01894403650000004,17.6,4.4,0
2021-07-05,C58157,0.31752901555555557,24.583333333333332,0.0,0.0,4.0,4.14,0.3214265933611111,-0.003897577805555552,8.8,4.51,0
2021-07-06,C58157,0.3115360622777778,24.833333333333332,0.0,0.0,3.6,3.77,0.31752901555555557,-0.005992953277777768,4.0,4.14,0
2021-07-07,C58157,0.3075845373333333,26.166666666666668,0.0,0.0,0.2,3.0,0.3115360622777778,-0.003951524944444507,3.6,3.77,0
2021-07-08,C58157,0.30095365216666664,26.166666666666668,0.0,0.0,0.0,4.45,0.3075845373333333,-0.006630885166666656,0.2,3.0,0
2021-07-09,C58157,0.2953795096111111,26.083333333333332,0.0,0.0,0.0,4.3,0.30095365216666664,-0.00557414255555555,0.0,4.45,0
2021-07-10,C58157,0.29330040277777775,25.583333333333332,0.0,0.0,12.6,3.76,0.2953795096111111,-0.002079106833333344,0.0,4.3,0
2021-07-11,C58157,0.301520999974359,25.076923076923077,0.0,0.0,0.2,4.3,0.29330040277777775,0.008220597196581247,12.6,3.76,0
2021-07-12,C58157,0.2969305443888889,26.0,0.0,0.0,0.0,4.85,0.301520999974359,-0.00459045558547011,0.2,4.3,0
2021-07-13,C58157,0.2944547978717949,24.307692307692307,0.0,0.0,5.4,6.37,0.2969305443888889,-0.0024757465170939796,0.0,4.85,0
2021-07-14,C58157,0.29778766288888886,23.25,0.0,0.0,1.6,4.51,0.2944547978717949,0.0033328650170939556,5.4,6.37,0
2021-07-15,C58157,0.32202066166666665,23.214285714285715,0.0,0.0,73.2,4.18,0.29778766288888886,0.024232998777777792,1.6,4.51,0
2021-07-16,C58157,0.3239169727179487,24.692307692307693,0.0,0.0,0.0,1.52,0.32202066166666665,0.0018963110512820736,73.2,4.18,0
2021-07-17,C58157,0.31087692525,28.083333333333332,0.0,0.0,0.0,5.01,0.3239169727179487,-0.013040047467948734,0.0,1.52,0
2021-07-18,C58157,0.30258076827777775,28.583333333333332,0.0,0.0,0.0,6.0,0.31087692525,-0.008296156972222246,0.0,5.01,0
2021-07-19,C58157,0.29566240316666664,27.916666666666668,0.0,0.0,0.0,7.6,0.30258076827777775,-0.006918365111111102,0.0,6.0,0
2021-07-20,C58157,0.2891819362222222,28.166666666666668,0.0,0.0,0.0,3.6,0.29566240316666664,-0.00648046694444443,0.0,7.6,0
2021-07-21,C58157,0.28300447575000004,27.916666666666668,0.0,0.0,0.0,1.35,0.2891819362222222,-0.006177460472222174,0.0,3.6,0
2021-07-22,C58157,0.27701897233333334,28.0,0.0,0.0,0.0,3.12,0.28300447575000004,-0.005985503416666704,0.0,1.35,0
2021-07-23,C58157,0.27078366983333335,27.083333333333332,0.0,0.0,0.0,4.19,0.27701897233333334,-0.006235302499999984,0.0,3.12,0
2021-07-24,C58157,0.2663017051111111,24.583333333333332,0.0,0.0,6.8,5.64,0.27078366983333335,-0.004481964722222231,0.0,4.19,0
2021-07-25,C58157,0.2708604247222222,26.916666666666668,0.0,0.0,5.6,4.88,0.2663017051111111,0.004558719611111095,6.8,5.64,0
2021-07-26,C58157,0.2762336956388889,26.083333333333332,0.0,0.0,6.2,3.25,0.2708604247222222,0.0053732709166666726,5.6,4.88,0
2021-07-27,C58157,0.2836851658333333,25.666666666666668,0.0,0.0,4.4,3.85,0.2762336956388889,0.007451470194444421,6.2,3.25,0
2021-07-28,C58157,0.2866773743888889,25.833333333333332,0.0,0.0,1.8,4.63,0.2836851658333333,0.0029922085555555977,4.4,3.85,0
2021-07-29,C58157,0.2817357810277778,25.75,0.0,0.0,0.2,4.8,0.2866773743888889,-0.004941593361111107,1.8,4.63,0
2021-07-30,C58157,0.27610845086111113,25.25,0.0,0.0,2.0,4.01,0.2817357810277778,-0.005627330166666666,0.2,4.8,0
2021-07-31,C58157,0.27266180975000004,24.666666666666668,0.0,0.0,2.0,4.19,0.27610845086111113,-0.003446641111111093,2.0,4.01,0
2021-08-01,C58157,0.2774759280833334,23.166666666666668,0.0,0.0,10.4,3.13,0.27266180975000004,0.004814118333333339,2.0,4.19,0
2021-08-02,C58157,0.2937297607777778,23.75,0.0,0.0,7.2,4.85,0.2774759280833334,0.016253832694444414,10.4,3.13,0
2021-08-03,C58157,0.30005134069444445,24.583333333333332,0.0,0.0,6.4,5.13,0.2937297607777778,0.006321579916666653,7.2,4.85,0
2021-08-04,C58157,0.29833403225,24.75,0.0,0.0,1.2,3.58,0.30005134069444445,-0.0017173084444444542,6.4,5.13,0
2021-08-05,C58157,0.2954456963888889,26.583333333333332,0.0,0.0,0.0,3.09,0.29833403225,-0.002888335861111091,1.2,3.58,0
2021-08-06,C58157,0.2929596269722222,26.25,0.0,0.0,5.6,3.92,0.2954456963888889,-0.002486069416666681,0.0,3.09,0
2021-08-07,C58157,0.2985276511111111,24.083333333333332,0.0,0.0,14.0,4.58,0.2929596269722222,0.005568024138888905,5.6,3.92,0
2021-08-08,C58157,0.31129673841666666,24.0,0.0,0.0,1.6,4.62,0.2985276511111111,0.012769087305555538,14.0,4.58,0
2021-08-09,C58157,0.3048053172222222,23.583333333333332,0.0,0.0,3.0,5.16,0.31129673841666666,-0.006491421194444458,1.6,4.62,0
2021-08-10,C58157,0.3101264815,24.25,0.0,0.0,10.4,5.95,0.3048053172222222,0.00532116427777779,3.0,5.16,0
2021-08-11,C58157,0.311114318,26.583333333333332,0.0,0.0,0.2,5.89,0.3101264815,0.0009878365000000056,10.4,5.95,0
2021-08-12,C58157,0.30408465130555556,26.666666666666668,0.0,0.0,0.0,6.43,0.311114318,-0.007029666694444436,0.2,5.89,0
2021-08-13,C58157,0.298955838,27.166666666666668,0.0,0.0,0.0,5.85,0.30408465130555556,-0.005128813305555591,0.0,6.43,0
2021-08-14,C58157,0.29313133094444443,26.333333333333332,0.0,0.0,0.0,4.82,0.298955838,-0.005824507055555539,0.0,5.85,0
2021-08-15,C58157,0.28733903680555556,27.5,0.0,0.0,0.0,3.77,0.29313133094444443,-0.005792294138888876,0.0,4.82,0
2021-08-16,C58157,0.28309374991666664,22.25,0.0,0.0,3.2,3.98,0.28733903680555556,-0.004245286888888922,0.0,3.77,0
2021-08-17,C58157,0.28377647130769235,19.692307692307693,0.0,0.0,3.6,2.51,0.28309374991666664,0.0006827213910257091,3.2,3.98,0
2021-08-18,C58157,0.2862825993611111,23.666666666666668,0.0,0.0,0.8,2.59,0.28377647130769235,0.0025061280534187658,3.6,2.51,0
2021-08-19,C58157,0.2854647445128205,24.46153846153846,0.0,0.0,0.0,2.34,0.2862825993611111,-0.0008178548482906112,0.8,2.59,0
2021-08-20,C58157,0.2841985446111111,25.5,0.0,0.0,2.6,3.72,0.2854647445128205,-0.0012661999017093972,0.0,2.34,0
2021-08-21,C58157,0.28401468744444447,26.666666666666668,0.0,0.0,7.8,3.07,0.2841985446111111,-0.00018385716666663443,2.6,3.72,0
2021-08-22,C58157,0.2955926839722222,24.583333333333332,0.0,0.0,5.2,3.57,0.28401468744444447,0.011577996527777745,7.8,3.07,0
2021-08-23,C58157,0.3051693397222222,24.583333333333332,0.0,0.0,3.6,3.98,0.2955926839722222,0.009576655749999996,5.2,3.57,0
2021-08-24,C58157,0.30182303866666665,24.0,0.0,0.0,0.0,4.09,0.3051693397222222,-0.003346301055555556,3.6,3.98,0
2021-08-25,C58157,0.2959349767222222,23.583333333333332,0.0,0.0,0.0,4.71,0.30182303866666665,-0.005888061944444467,0.0,4.09,0
2021-08-26,C58157,0.2912159234166667,23.333333333333332,0.0,0.0,0.6,2.71,0.2959349767222222,-0.004719053305555498,0.0,4.71,0
2021-08-27,C58157,0.28839906019444445,21.583333333333332,0.0,0.0,0.2,2.66,0.2912159234166667,-0.0028168632222222434,0.6,2.71,0
2021-08-28,C58157,0.2856274197777778,23.25,0.0,0.0,1.6,4.3,0.28839906019444445,-0.0027716404166666653,0.2,2.66,0
2021-08-29,C58157,0.28501873887179485,21.46153846153846,0.0,0.0,0.4,3.82,0.2856274197777778,-0.0006086809059829279,1.6,4.3,0
2021-08-30,C58157,0.28448201594444444,24.416666666666668,0.0,0.0,0.0,4.35,0.28501873887179485,-0.0005367229273504082,0.4,3.82,0
2021-08-31,C58157,0.28235380666666665,25.333333333333332,0.0,0.0,0.0,3.86,0.28448201594444444,-0.002128209277777793,0.0,4.35,0
2021-09-01,C58157,0.2797112722222222,23.25,0.0,0.0,0.0,4.21,0.28235380666666665,-0.0026425344444444554,0.0,3.86,0
2021-09-02,C58157,0.27717136922222224,25.25,0.0,0.0,0.0,3.86,0.2797112722222222,-0.0025399029999999545,0.0,4.21,0
2021-09-03,C58157,0.273981269,25.25,0.0,0.0,0.0,2.4,0.27717136922222224,-0.003190100222222214,0.0,3.86,0
2021-09-04,C58157,0.27142295502777775,23.333333333333332,0.0,0.0,0.0,3.46,0.273981269,-0.0025583139722222814,0.0,2.4,0
2021-09-05,C58157,0.269341915,26.5,0.0,0.0,0.0,3.99,0.27142295502777775,-0.0020810400277777585,0.0,3.46,0
2021-09-06,C58157,0.2663993600277778,25.25,0.0,0.0,0.0,3.5,0.269341915,-0.0029425549722221778,0.0,3.99,0
2021-09-07,C58157,0.26360235477777777,26.833333333333332,0.0,0.0,0.0,2.81,0.2663993600277778,-0.0027970052500000397,0.0,3.5,0
2021-09-08,C58157,0.2605536925,27.25,0.0,0.0,0.0,2.19,0.26360235477777777,-0.0030486622777777805,0.0,2.81,0
2021-09-09,C58157,0.2575718399722222,25.833333333333332,0.0,0.0,0.2,1.62,0.2605536925,-0.002981852527777773,0.0,2.19,0
2021-09-10,C58157,0.2562641008611111,26.0,0.0,0.0,5.8,1.85,0.2575718399722222,-0.0013077391111110948,0.2,1.62,0
2021-09-11,C58157,0.25813642247222224,24.25,0.0,0.0,1.8,2.06,0.2562641008611111,0.0018723216111111163,5.8,1.85,0
2021-09-12,C58157,0.26003858955555553,24.5,0.0,0.0,0.0,2.82,0.25813642247222224,0.0019021670833332949,1.8,2.06,0
2021-09-13,C58157,0.2598121331111111,22.916666666666668,0.0,0.0,0.0,1.26,0.26003858955555553,-0.0002264564444444117,0.0,2.82,0
2021-09-14,C58157,0.2590156069444444,23.5,0.0,0.0,0.2,0.54,0.2598121331111111,-0.0007965261666667001,0.0,1.26,0
2021-09-15,C58157,0.26394379775000004,25.416666666666668,0.0,0.0,11.0,1.29,0.2590156069444444,0.004928190805555621,0.2,0.54,0
2021-09-16,C58157,0.2709778686666667,22.833333333333332,0.0,0.0,0.0,1.4,0.26394379775000004,0.007034070916666635,11.0,1.29,0
2021-09-17,C58157,0.2703992380833333,23.666666666666668,0.0,0.0,0.0,0.99,0.2709778686666667,-0.0005786305833333505,0.0,1.4,0
2021-09-18,C58157,0.2685869098888889,23.583333333333332,0.0,0.0,0.0,1.59,0.2703992380833333,-0.0018123281944444347,0.0,0.99,0
2021-09-19,C58157,0.2665434021111111,24.083333333333332,0.0,0.0,0.0,1.64,0.2685869098888889,-0.0020435077777777866,0.0,1.59,0
2021-09-20,C58157,0.2646844966388889,22.0,0.0,0.0,0.0,1.34,0.2665434021111111,-0.0018589054722222276,0.0,1.64,0
2021-09-21,C58157,0.26273797569444446,20.666666666666668,0.0,0.0,0.0,1.5,0.2646844966388889,-0.0019465209444444187,0.0,1.34,0
2021-09-22,C58157,0.2607482444722222,20.166666666666668,0.0,0.0,0.0,1.88,0.26273797569444446,-0.001989731222222235,0.0,1.5,0
2021-09-23,C58157,0.25909800513888886,21.083333333333332,0.0,0.0,0.0,1.43,0.2607482444722222,-0.0016502393333333587,0.0,1.88,0
2021-09-24,C58157,0.25765492622222225,23.916666666666668,0.0,0.0,0.0,0.71,0.25909800513888886,-0.001443078916666618,0.0,1.43,0
2021-09-25,C58157,0.25622561780555553,24.666666666666668,0.0,0.0,0.0,1.35,0.25765492622222225,-0.0014293084166667192,0.0,0.71,0
2021-09-26,C58157,0.2548029136111111,24.333333333333332,0.0,0.0,0.4,0.72,0.25622561780555553,-0.0014227041944444019,0.0,1.35,0
2021-09-27,C58157,0.25392202947222225,21.833333333333332,0.0,0.0,0.8,0.95,0.2548029136111111,-0.0008808841388888711,0.4,0.72,0
2021-09-28,C58157,0.2534900508055556,20.083333333333332,0.0,0.0,0.0,1.34,0.25392202947222225,-0.00043197866666666584,0.8,0.95,0
2021-09-29,C58157,0.25285245380555554,19.666666666666668,0.0,0.0,2.6,1.2,0.2534900508055556,-0.0006375970000000453,0.0,1.34,0
2021-09-30,C58157,0.2531189315555556,17.166666666666668,0.0,0.0,0.0,1.48,0.25285245380555554,0.00026647775000004925,2.6,1.2,0
2021-10-01,C58157,0.25297078433333337,19.583333333333332,0.0,,2.4,1.82,0.2531189315555556,-0.00014814722222222798,0.0,1.48,0
2021-10-02,C58157,0.25282657919444446,20.333333333333332,0.0,,3.6,0.63,0.25297078433333337,-0.00014420513888890873,2.4,1.82,0
2021-10-03,C58157,0.28267352780555555,20.333333333333332,0.0,,34.8,1.08,0.25282657919444446,0.02984694861111109,3.6,0.63,0
2021-10-04,C58157,0.29598333177777775,20.75,0.0,,0.0,1.39,0.28267352780555555,0.0133098039722222,34.8,1.08,0
2021-10-05,C58157,,24.583333333333332,0.0,,5.03,1.97,0.29598333177777775,,0.0,1.39,0
2021-10-06,C58157,,24.0,0.0,,4.7,1.81,,,5.03,1.97,0
2021-10-07,C58157,,24.0,0.0,,2.01,1.57,,,4.7,1.81,0
2021-10-08,C58157,,24.0,0.0,,0.19,1.39,,,2.01,1.57,0
2021-10-09,C58157,,23.833333333333332,0.0,,0.08,1.28,,,0.19,1.39,0
2021-10-10,C58157,,23.083333333333332,0.0,,0.7,1.35,,,0.08,1.28,0
2021-10-11,C58157,,23.25,0.0,,0.97,0.97,,,0.7,1.35,0
2021-10-12,C58157,,23.333333333333332,0.0,,4.8,0.98,,,0.97,0.97,0
2021-10-13,C58157,,23.272727272727273,0.0,,0.05,1.02,,,4.8,0.98,0
2021-10-14,C58157,,24.333333333333332,0.0,,0.01,0.7,,,0.05,1.02,0
2021-10-15,C58157,,24.916666666666668,0.0,,1.13,0.83,,,0.01,0.7,0
2021-10-16,C58157,,24.833333333333332,0.0,,0.03,1.14,,,1.13,0.83,0
2021-10-17,C58157,,24.0,0.0,,0.0,0.92,,,0.03,1.14,0
2021-10-18,C58157,,24.083333333333332,0.0,,0.0,0.85,,,0.0,0.92,0
2021-10-19,C58157,,24.5,0.0,,1.09,0.67,,,0.0,0.85,0
2021-10-20,C58157,,24.75,0.0,,3.37,1.04,,,1.09,0.67,0
2021-10-21,C58157,,24.666666666666668,0.0,,9.23,1.48,,,3.37,1.04,0
2021-10-22,C58157,,24.0,0.0,,1.02,1.17,,,9.23,1.48,0
2021-10-23,C58157,,24.0,0.0,,0.0,1.44,,,1.02,1.17,0
2021-10-24,C58157,,23.333333333333332,0.0,,0.1,2.26,,,0.0,1.44,0
2021-10-25,C58157,,23.25,0.0,,0.12,1.15,,,0.1,2.26,0
2021-10-26,C58157,,23.666666666666668,0.0,,0.02,1.55,,,0.12,1.15,0
2021-10-27,C58157,,24.75,0.0,,0.0,1.74,,,0.02,1.55,0
2021-10-28,C58157,,26.75,0.0,,0.0,1.93,,,0.0,1.74,0
2021-10-29,C58157,,28.75,0.0,,1.47,1.75,,,0.0,1.93,0
2021-10-30,C58157,,28.25,0.0,,4.92,1.08,,,1.47,1.75,0
2021-10-31,C58157,,28.307692307692307,0.0,,12.97,0.88,,,4.92,1.08,0
2021-11-01,C58157,,27.9,0.0,,,2.21,,,12.97,0.88,0
2021-11-02,C58157,,28.153846153846153,0.0,,,,,,,2.21,0
2021-11-03,C58157,,28.25,0.0,,,,,,,,0
2021-11-04,C58157,,28.333333333333332,0.0,,,,,,,,0
2021-11-05,C58157,,28.416666666666668,0.0,,,,,,,,0
2021-11-06,C58157,,28.166666666666668,0.0,,,,,,,,0
2021-11-07,C58157,,28.166666666666668,0.0,,,,,,,,0
2021-11-08,C58157,,28.166666666666668,0.0,,,,,,,,0
2021-11-09,C58157,,28.583333333333332,0.0,,,,,,,,0
2021-11-10,C58157,,29.0,0.0,,,,,,,,0
2021-11-11,C58157,,28.75,0.0,,,,,,,,0
2021-11-12,C58157,,28.833333333333332,0.0,,,,,,,,0
2021-11-13,C58157,,28.666666666666668,0.0,,,,,,,,0
2021-11-14,C58157,,28.5,0.0,,,,,,,,0
2021-11-15,C58157,,28.583333333333332,0.0,,,,,,,,0
2021-11-16,C58157,,28.75,0.0,,,,,,,,0
2021-11-17,C58157,,28.583333333333332,0.0,,,,,,,,0
2021-11-18,C58157,,28.666666666666668,0.0,,,,,,,,0
2021-11-19,C58157,,28.666666666666668,0.0,,,,,,,,0
2021-11-20,C58157,,28.5,0.0,,,,,,,,0
2021-11-21,C58157,,28.272727272727273,0.0,,,,,,,,0
2021-11-22,C58157,,28.5,0.0,,,,,,,,0
2021-11-23,C58157,,28.583333333333332,0.0,,,,,,,,0
2021-11-24,C58157,,29.0,0.0,,,,,,,,0
2021-11-25,C58157,,28.916666666666668,0.0,,,,,,,,0
2021-11-26,C58157,,29.181818181818183,0.0,,,,,,,,0
2021-11-27,C58157,,28.9,0.0,,,,,,,,0
2021-11-28,C58157,,28.363636363636363,0.0,,,,,,,,0
2021-11-29,C58157,,28.272727272727273,0.0,,,,,,,,0
2021-11-30,C58157,,28.166666666666668,0.0,,,,,,,,0
2021-12-01,C58157,,28.444444444444443,0.0,,,,,,,,0
2021-12-02,C58157,,28.5,0.0,,,,,,,,0
2021-12-03,C58157,,28.666666666666668,0.0,,,,,,,,0
2021-12-04,C58157,,28.272727272727273,0.0,,,,,,,,0
2021-12-05,C58157,,27.90909090909091,0.0,,,,,,,,0
2021-12-06,C58157,,28.25,0.0,,,,,,,,0
2021-12-07,C58157,,28.727272727272727,0.0,,,,,,,,0
2021-12-08,C58157,,29.0,0.0,,,,,,,,0
2021-12-09,C58157,,29.0,0.0,,,,,,,,0
2021-12-10,C58157,,28.9,0.0,,,,,,,,0
2021-12-11,C58157,,28.5,0.0,,,,,,,,0
2021-12-12,C58157,,28.2,0.0,,,,,,,,0
2021-12-13,C58157,,28.916666666666668,0.0,,,,,,,,0
2021-12-14,C58157,,23.75,0.0,,,,,,,,0
2021-12-15,C58157,,20.0,0.0,,,,,,,,0
2021-12-16,C58157,,19.1,0.0,,,,,,,,0
2021-12-17,C58157,,19.166666666666668,0.0,,,,,,,,0
2021-12-18,C58157,,19.75,0.0,,,,,,,,0
2021-12-19,C58157,,20.0,0.0,,,,,,,,0
2021-12-20,C58157,,19.833333333333332,0.0,,,,,,,,0
2021-12-21,C58157,,18.916666666666668,0.0,,,,,,,,0
2021-12-22,C58157,,18.181818181818183,0.0,,,,,,,,0
2021-12-23,C58157,,19.5,0.0,,,,,,,,0
2021-12-24,C58157,,18.954545454545453,0.0,,,,,,,,0
2021-12-25,C58157,,18.916666666666668,0.0,,,,,,,,0
2021-12-26,C58157,,18.304347826086957,0.0,,,,,,,,0
2021-12-27,C58157,,18.958333333333332,0.0,,,,,,,,0
2021-12-28,C58157,,19.40909090909091,0.0,,,,,,,,0
2021-12-29,C58157,,19.47826086956522,0.0,,,,,,,,0
2021-12-30,C58157,,20.125,0.0,,,,,,,,0
2021-12-31,C58157,,20.583333333333332,0.0,,,,,,,,0
2022-01-01,C58157,,21.0,0.0,,,0.38,,,,,0
2022-01-02,C58157,,20.833333333333332,0.0,,,1.14,,,,0.38,0
2022-01-03,C58157,,20.708333333333332,0.0,,,0.73,,,,1.14,0
2022-01-04,C58157,,20.291666666666668,0.0,,,0.24,,,,0.73,0
2022-01-05,C58157,,19.75,0.0,,,0.39,,,,0.24,0
2022-01-06,C58157,,17.833333333333332,0.0,,,0.16,,,,0.39,0
2022-01-07,C58157,,18.0,0.0,,,0.4,,,,0.16,0
2022-01-08,C58157,,18.083333333333332,0.0,,,0.21,,,,0.4,0
2022-01-09,C58157,,18.208333333333332,0.0,,,0.32,,,,0.21,0
2022-01-10,C58157,,18.0,0.0,,,0.13,,,,0.32,0
2022-01-11,C58157,,18.0,0.0,,,0.18,,,,0.13,0
2022-01-12,C58157,,18.043478260869566,0.0,,,0.3,,,,0.18,0
2022-01-13,C58157,,18.391304347826086,0.0,,,-0.05,,,,0.3,0
2022-01-14,C58157,,18.125,0.0,,,-0.04,,,,-0.05,0
2022-01-15,C58157,,18.208333333333332,0.0,,,-0.08,,,,-0.04,0
2022-01-16,C58157,,18.041666666666668,0.0,,,0.17,,,,-0.08,0
2022-01-17,C58157,,18.0,0.0,,,0.12,,,,0.17,0
2022-01-18,C58157,,18.1,0.0,,,0.18,,,,0.12,0
2022-01-19,C58157,,18.428571428571427,0.0,,,0.26,,,,0.18,0
2022-01-20,C58157,,17.5,0.0,,,0.23,,,,0.26,0
2022-01-21,C58157,,17.88235294117647,0.0,,,0.15,,,,0.23,0
2022-01-22,C58157,,18.285714285714285,0.0,,,0.32,,,,0.15,0
2022-01-23,C58157,,18.0,0.0,,,0.37,,,,0.32,0
2022-01-24,C58157,,18.0,0.0,,,0.19,,,,0.37,0
2022-01-25,C58157,,18.0,0.0,,,0.18,,,,0.19,0
2022-01-27,C58157,,18.333333333333332,0.0,,,0.3,,,,0.18,0
2022-01-28,C58157,,18.166666666666668,0.0,,,0.17,,,,0.3,0
2022-01-29,C58157,,18.363636363636363,0.0,,,0.33,,,,0.17,0
2022-01-31,C58157,,19.0,0.0,,,0.93,,,,0.33,0
2022-02-01,C58157,,18.333333333333332,0.0,,,0.42,,,,0.93,0
2022-02-02,C58157,,18.75,0.0,,,0.45,,,,0.42,0
2022-02-03,C58157,,19.0,0.0,,,0.54,,,,0.45,0
2022-02-04,C58157,,19.0,0.0,,,0.45,,,,0.54,0
2022-02-05,C58157,,19.0,0.0,,,0.77,,,,0.45,0
2022-02-06,C58157,,19.0,0.0,,,1.11,,,,0.77,0
2022-02-07,C58157,,18.88888888888889,0.0,,,0.99,,,,1.11,0
2022-02-08,C58157,,19.105263157894736,0.0,,,0.36,,,,0.99,0
2022-02-09,C58157,,19.541666666666668,0.0,,,0.55,,,,0.36,0
2022-02-10,C58157,,19.666666666666668,0.0,,,0.28,,,,0.55,0
2022-02-11,C58157,,19.125,0.0,,,0.51,,,,0.28,0
2022-02-12,C58157,,18.625,0.0,,,0.75,,,,0.51,0
2022-02-13,C58157,,18.85,0.0,,,1.5,,,,0.75,0
2022-02-14,C58157,,19.153846153846153,0.0,,,1.49,,,,1.5,0
2022-02-15,C58157,,19.0,0.0,,,0.83,,,,1.49,0
2022-02-16,C58157,,19.272727272727273,0.0,,,0.51,,,,0.83,0
2022-02-17,C58157,,19.647058823529413,0.0,,,1.93,,,,0.51,0
2022-02-18,C58157,,19.333333333333332,0.0,,,1.64,,,,1.93,0
2022-02-19,C58157,,19.045454545454547,0.0,,,1.39,,,,1.64,0
2022-02-20,C58157,,19.291666666666668,0.0,,,1.18,,,,1.39,0
2022-02-21,C58157,,19.38888888888889,0.0,,,1.49,,,,1.18,0
2022-02-22,C58157,,19.083333333333332,0.0,,,0.51,,,,1.49,0
2022-02-23,C58157,,15.391304347826088,0.0,,,1.05,,,,0.51,0
2022-02-24,C58157,,20.608695652173914,0.0,,,1.2,,,,1.05,0
2022-02-25,C58157,,25.523809523809526,0.0,,,0.91,,,,1.2,0
2022-02-26,C58157,,25.130434782608695,0.0,,,0.71,,,,0.91,0
2022-02-27,C58157,,24.375,0.0,,,1.77,,,,0.71,0
2022-02-28,C58157,,25.375,0.0,,,1.73,,,,1.77,0
2022-03-01,C58157,,25.583333333333332,0.0,,,1.16,,,,1.73,0
2022-03-02,C58157,,23.304347826086957,0.0,,,1.11,,,,1.16,0
2022-03-03,C58157,,18.130434782608695,0.0,,,1.41,,,,1.11,0
2022-03-04,C58157,,23.708333333333332,0.0,,,1.36,,,,1.41,0
2022-03-05,C58157,,22.916666666666668,0.0,,,1.23,,,,1.36,0
2022-03-06,C58157,,22.208333333333332,0.0,,,1.14,,,,1.23,0
2022-03-07,C58157,,21.875,0.0,,,1.45,,,,1.14,0
2022-03-08,C58157,,21.666666666666668,0.0,,,2.08,,,,1.45,0
2022-03-09,C58157,,22.043478260869566,0.0,,,2.21,,,,2.08,0
2022-03-10,C58157,,22.416666666666668,0.0,,,2.32,,,,2.21,0
2022-03-11,C58157,,22.875,0.0,,,2.61,,,,2.32,0
2022-03-12,C58157,,22.833333333333332,0.0,,,2.24,,,,2.61,0
2022-03-13,C58157,,23.0,0.0,,,2.27,,,,2.24,0
2022-03-14,C58157,,23.125,0.0,,,1.73,,,,2.27,0
2022-03-15,C58157,,23.291666666666668,0.0,,,0.95,,,,1.73,0
2022-03-16,C58157,,23.083333333333332,0.0,,,0.97,,,,0.95,0
2022-03-17,C58157,,23.208333333333332,0.0,,,1.29,,,,0.97,0
2022-03-18,C58157,,23.291666666666668,0.0,,,2.33,,,,1.29,0
2022-03-19,C58157,,23.583333333333332,0.0,,,2.86,,,,2.33,0
2022-03-20,C58157,,23.25,0.0,,,1.74,,,,2.86,0
2022-03-21,C58157,,23.041666666666668,0.0,,,2.04,,,,1.74,0
2022-03-22,C58157,,23.75,0.0,,,2.65,,,,2.04,0
2022-03-23,C58157,,24.0,0.0,,,2.36,,,,2.65,0
2022-03-24,C58157,,24.083333333333332,0.0,,,2.27,,,,2.36,0
2022-03-25,C58157,,24.083333333333332,0.0,,,2.47,,,,2.27,0
2022-03-26,C58157,,23.958333333333332,0.0,,,2.89,,,,2.47,0
2022-03-27,C58157,,23.956521739130434,0.0,,,1.5,,,,2.89,0
2022-03-28,C58157,,23.5,0.0,,,1.96,,,,1.5,0
2022-03-29,C58157,,24.041666666666668,0.0,,,1.7,,,,1.96,0
2022-03-30,C58157,,24.0,0.0,,,1.82,,,,1.7,0
2022-03-31,C58157,,24.041666666666668,0.0,,,0.9,,,,1.82,0
2022-04-01,C58157,,23.291666666666668,0.0,0.0,2.94,0.52,,,,0.9,0
2022-04-02,C58157,,22.708333333333332,0.0,0.0,0.44,1.57,,,2.94,0.52,0
2022-04-03,C58157,,22.541666666666668,0.0,0.0,0.06,1.84,,,0.44,1.57,0
2022-04-04,C58157,,22.958333333333332,0.0,0.0,3.06,0.96,,,0.06,1.84,0
2022-04-05,C58157,,22.833333333333332,0.0,0.0,8.12,0.88,,,3.06,0.96,0
2022-04-06,C58157,,23.208333333333332,0.0,0.0,1.86,1.71,,,8.12,0.88,0
2022-04-07,C58157,,23.041666666666668,0.0,0.0,14.46,2.4,,,1.86,1.71,0
2022-04-08,C58157,,23.0,0.0,0.0,,1.14,,,14.46,2.4,0
2022-04-09,C58157,,22.583333333333332,0.0,0.0,0.0,1.93,,,,1.14,0
2022-04-10,C58157,,22.76,0.0,0.0,,1.96,,,0.0,1.93,0
2022-04-11,C58157,,23.166666666666668,0.0,0.0,,3.13,,,,1.96,0
2022-04-12,C58157,,24.0,0.0,0.0,,3.7,,,,3.13,0
2022-04-13,C58157,,24.708333333333332,0.0,0.0,2.78,1.56,,,,3.7,0
2022-04-14,C58157,,24.708333333333332,0.0,0.0,,2.46,,,2.78,1.56,0
2022-04-15,C58157,,25.0,0.0,0.0,,2.74,,,,2.46,0
2022-04-16,C58157,,25.125,0.0,0.0,,3.11,,,,2.74,0
2022-04-17,C58157,,25.12,0.0,0.0,,4.15,,,,3.11,0
2022-04-18,C58157,,25.166666666666668,0.0,0.0,,3.65,,,,4.15,0
2022-04-19,C58157,,25.416666666666668,0.0,0.0,,3.41,,,,3.65,0
2022-04-20,C58157,,25.583333333333332,0.0,0.0,,3.91,,,,3.41,0
2022-04-21,C58157,,25.4,0.0,0.0,,3.79,,,,3.91,0
2022-04-22,C58157,,25.75,0.0,0.0,,3.21,,,,3.79,0
2022-04-23,C58157,,25.416666666666668,0.0,0.0,,3.53,,,,3.21,0
2022-04-24,C58157,,25.56,0.0,0.0,,4.16,,,,3.53,0
2022-04-25,C58157,,25.333333333333332,0.0,0.0,17.14,2.01,,,,4.16,0
2022-04-26,C58157,,25.0,0.0,0.0,,1.95,,,17.14,2.01,0
2022-04-27,C58157,,24.666666666666668,0.0,0.0,,3.1,,,,1.95,0
2022-04-28,C58157,,25.583333333333332,0.0,0.0,,3.59,,,,3.1,0
2022-04-29,C58157,,25.458333333333332,0.0,0.0,,2.23,,,,3.59,0
2022-04-30,C58157,,24.916666666666668,0.0,0.0,,2.49,,,,2.23,0
2022-05-01,C58157,,24.333333333333332,0.0,0.0,0.0,2.44,,,,2.49,0
2022-05-02,C58157,,24.541666666666668,0.0,0.0,0.0,3.93,,,0.0,2.44,0
2022-05-03,C58157,,24.916666666666668,0.0,0.0,0.0,3.83,,,0.0,3.93,0
2022-05-04,C58157,,25.12,0.0,0.0,0.0,3.26,,,0.0,3.83,0
2022-05-05,C58157,,25.291666666666668,0.0,0.0,0.0,2.25,,,0.0,3.26,0
2022-05-06,C58157,,25.458333333333332,0.0,0.0,0.0,3.11,,,0.0,2.25,0
2022-05-07,C58157,,25.75,0.0,0.0,0.0,2.53,,,0.0,3.11,0
2022-05-08,C58157,,25.958333333333332,0.0,0.0,0.0,3.23,,,0.0,2.53,0
2022-05-09,C58157,,26.166666666666668,0.0,0.0,0.0,4.18,,,0.0,3.23,0
2022-05-10,C58157,0.17525849720833334,27.583333333333332,0.0,0.0,0.0,4.13,,,0.0,4.18,0
2022-05-11,C58157,0.17683566383333335,27.291666666666668,0.0,3.27,0.0,5.31,0.17525849720833334,0.001577166625000015,0.0,4.13,1
2022-05-12,C58157,0.17810938744444446,24.041666666666668,0.0,4.18,0.4,3.39,0.17683566383333335,0.0012737236111111105,0.0,5.31,1
2022-05-13,C58157,0.18249928018055558,22.041666666666668,0.0,4.84,0.0,3.94,0.17810938744444446,0.004389892736111123,0.4,3.39,1
2022-05-14,C58157,0.19089301768055555,23.916666666666668,0.0,2.96,0.0,4.25,0.18249928018055558,0.00839373749999997,0.0,3.94,1
2022-05-15,C58157,0.19486675205555556,26.333333333333332,0.0,4.63,0.0,5.21,0.19089301768055555,0.00397373437500001,0.0,4.25,1
2022-05-16,C58157,0.19974549630555558,26.625,0.0,2.71,0.0,4.12,0.19486675205555556,0.004878744250000011,0.0,5.21,1
2022-05-17,C58157,0.20054235218055558,27.375,0.0,4.19,0.0,4.51,0.19974549630555558,0.0007968558750000021,0.0,4.12,1
2022-05-18,C58157,0.20237930255555556,29.125,0.0,3.51,0.0,4.55,0.20054235218055558,0.0018369503749999794,0.0,4.51,1
2022-05-19,C58157,0.21117294770833336,26.666666666666668,0.0,0.0,2.0,4.45,0.20237930255555556,0.008793645152777807,0.0,4.55,0
2022-05-20,C58157,0.2200854344583333,22.083333333333332,0.0,0.0,6.5,1.96,0.21117294770833336,0.008912486749999948,2.0,4.45,0
2022-05-21,C58157,0.2177744109166667,23.208333333333332,0.0,0.0,5.0,3.85,0.2200854344583333,-0.0023110235416666236,6.5,1.96,0
2022-05-22,C58157,0.2083211557222222,24.666666666666668,0.0,0.0,0.0,4.29,0.2177744109166667,-0.009453255194444482,5.0,3.85,0
2022-05-23,C58157,0.21744575181944445,23.875,0.0,3.92,17.0,2.27,0.2083211557222222,0.009124596097222243,0.0,4.29,1
2022-05-24,C58157,0.24126746919444444,21.208333333333332,0.0,0.0,0.0,2.83,0.21744575181944445,0.023821717374999996,17.0,2.27,0
2022-05-25,C58157,0.23427532818055555,21.041666666666668,0.0,0.0,5.0,3.62,0.24126746919444444,-0.006992141013888897,0.0,2.83,0
2022-05-26,C58157,0.22386815006944447,23.875,0.0,0.0,0.0,3.53,0.23427532818055555,-0.010407178111111082,5.0,3.62,0
2022-05-27,C58157,0.21703054248611112,23.041666666666668,0.0,0.0,4.0,3.65,0.22386815006944447,-0.006837607583333349,0.0,3.53,0
2022-05-28,C58157,0.21934529526388888,20.375,0.0,7.93,0.0,3.71,0.21703054248611112,0.002314752777777762,4.0,3.65,1
2022-05-29,C58157,0.23542665919444442,17.833333333333332,0.0,13.75,0.0,2.37,0.21934529526388888,0.016081363930555537,0.0,3.71,1
2022-05-30,C58157,0.24544181748611113,19.125,0.0,5.2,0.5,2.92,0.23542665919444442,0.010015158291666715,0.0,2.37,1
2022-05-31,C58157,0.24480249133333334,21.333333333333332,0.0,0.0,0.0,3.72,0.24544181748611113,-0.000639326152777786,0.5,2.92,0
2022-06-01,C58157,0.23694096934722222,19.75,0.0,0.0,0.0,3.82,0.24480249133333334,-0.00786152198611112,0.0,3.72,0
2022-06-02,C58157,0.2289566545,21.75,0.0,0.0,0.0,4.41,0.23694096934722222,-0.00798431484722223,0.0,3.82,0
2022-06-03,C58157,0.22204162248,25.08,0.0,0.0,0.0,4.13,0.2289566545,-0.006915032019999989,0.0,4.41,0
2022-06-04,C58157,0.216518091625,28.208333333333332,0.0,0.0,3.5,5.32,0.22204162248,-0.005523530855000014,0.0,4.13,0
2022-06-05,C58157,0.23720951170833335,24.458333333333332,0.0,0.0,27.0,1.41,0.216518091625,0.020691420083333356,3.5,5.32,0
2022-06-06,C58157,0.25313965179166664,23.0,0.0,0.0,3.5,3.54,0.23720951170833335,0.015930140083333294,27.0,1.41,0
2022-06-07,C58157,0.244090571625,22.208333333333332,0.0,0.0,3.5,2.22,0.25313965179166664,-0.00904908016666664,3.5,3.54,0
2022-06-08,C58157,0.2551669993055556,21.625,0.0,0.0,13.0,1.61,0.244090571625,0.011076427680555584,3.5,2.22,0
2022-06-09,C58157,0.255892071875,23.833333333333332,0.0,0.0,0.0,3.36,0.2551669993055556,0.0007250725694444293,13.0,1.61,0
2022-06-10,C58157,0.24355544655555553,25.875,0.0,0.0,0.0,3.87,0.255892071875,-0.012336625319444489,0.0,3.36,0
2022-06-11,C58157,0.23511635294444444,26.25,0.0,0.0,0.0,4.37,0.24355544655555553,-0.008439093611111087,0.0,3.87,0
2022-06-12,C58157,0.22755555466666666,24.083333333333332,0.0,0.0,0.0,4.54,0.23511635294444444,-0.0075607982777777805,0.0,4.37,0
2022-06-13,C58157,0.22087918988888888,22.916666666666668,0.0,0.0,0.0,3.88,0.22755555466666666,-0.006676364777777777,0.0,4.54,0
2022-06-14,C58157,0.215337876125,23.666666666666668,0.0,0.0,0.0,4.53,0.22087918988888888,-0.005541313763888889,0.0,3.88,0
2022-06-15,C58157,0.21035021252777777,27.458333333333332,0.0,0.0,0.0,5.05,0.215337876125,-0.004987663597222219,0.0,4.53,0
2022-06-16,C58157,0.20556464301388888,28.166666666666668,0.0,0.0,0.0,5.05,0.21035021252777777,-0.004785569513888893,0.0,5.05,0
2022-06-17,C58157,0.20120680365277777,30.458333333333332,0.0,0.0,0.0,5.81,0.20556464301388888,-0.0043578393611111155,0.0,5.05,0
2022-06-18,C58157,0.19673085154666667,34.6,0.0,0.0,0.0,6.51,0.20120680365277777,-0.004475952106111097,0.0,5.81,0
2022-06-19,C58157,0.19473494990277776,24.291666666666668,0.0,0.0,2.5,3.87,0.19673085154666667,-0.0019959016438889088,0.0,6.51,0
2022-06-20,C58157,0.1946952259861111,24.875,0.0,14.96,0.0,3.67,0.19473494990277776,-3.972391666665076e-05,2.5,3.87,1
2022-06-21,C58157,0.19885956324999998,22.25,0.0,0.0,0.0,2.67,0.1946952259861111,0.004164337263888873,0.0,3.67,0
2022-06-22,C58157,0.21023070743055558,27.375,0.0,0.0,0.0,4.99,0.19885956324999998,0.011371144180555598,0.0,2.67,0
2022-06-23,C58157,0.2007484132777778,31.541666666666668,0.0,0.0,13.0,5.4,0.21023070743055558,-0.009482294152777793,0.0,4.99,0
2022-06-24,C58157,0.22143102566666664,27.125,0.0,0.0,7.0,3.15,0.2007484132777778,0.020682612388888855,13.0,5.4,0
2022-06-25,C58157,0.22366344631944446,25.583333333333332,0.0,0.0,4.5,2.72,0.22143102566666664,0.0022324206527778168,7.0,3.15,0
2022-06-26,C58157,0.22153648327777778,24.958333333333332,0.0,0.0,0.5,2.64,0.22366344631944446,-0.0021269630416666796,4.5,2.72,0
2022-06-27,C58157,0.2184632161111111,23.625,0.0,0.0,4.5,2.3,0.22153648327777778,-0.003073267166666671,0.5,2.64,0
2022-06-28,C58157,0.21673628241666665,25.583333333333332,0.0,0.0,0.0,4.53,0.2184632161111111,-0.0017269336944444602,4.5,2.3,0
2022-06-29,C58157,0.20656141655555557,29.125,0.0,0.0,0.0,4.95,0.21673628241666665,-0.010174865861111076,0.0,4.53,0
2022-06-30,C58157,0.206765678,23.75,0.0,0.0,12.0,1.9,0.20656141655555557,0.00020426144444443683,0.0,4.95,0
2022-07-01,C58157,0.22189744513888887,23.666666666666668,0.0,0.0,0.0,3.79,0.206765678,0.015131767138888863,12.0,1.9,0
2022-07-02,C58157,0.20828757316666666,25.458333333333332,0.0,0.0,0.0,4.66,0.22189744513888887,-0.013609871972222215,0.0,3.79,0
2022-07-03,C58157,0.19840842081944443,25.166666666666668,0.0,0.0,0.0,4.4,0.20828757316666666,-0.009879152347222225,0.0,4.66,0
2022-07-04,C58157,0.19244258456944444,25.333333333333332,0.0,0.0,0.0,4.51,0.19840842081944443,-0.005965836249999995,0.0,4.4,0
2022-07-05,C58157,0.1880026839861111,24.041666666666668,0.0,0.0,0.23,4.14,0.19244258456944444,-0.004439900583333323,0.0,4.51,0
2022-07-06,C58157,0.18441904825,24.208333333333332,0.0,0.0,0.03,3.77,0.1880026839861111,-0.003583635736111118,0.23,4.14,0
2022-07-07,C58157,0.18199071711111112,24.25,0.0,0.0,0.97,3.0,0.18441904825,-0.0024283311388888784,0.03,3.77,0
2022-07-08,C58157,0.1848195556111111,25.75,0.0,16.2,0.0,4.45,0.18199071711111112,0.002828838499999986,0.97,3.0,1
2022-07-09,C58157,0.19745892395833334,25.583333333333332,0.0,0.0,0.0,4.3,0.1848195556111111,0.012639368347222235,0.0,4.45,0
2022-07-10,C58157,0.19026246130555557,24.166666666666668,0.0,0.0,0.25,3.76,0.19745892395833334,-0.007196462652777763,0.0,4.3,0
2022-07-11,C58157,0.18437748168055557,27.333333333333332,0.0,0.0,0.04,4.3,0.19026246130555557,-0.005884979625000009,0.25,3.76,0
2022-07-12,C58157,0.17884089255555555,29.166666666666668,0.0,0.0,0.0,4.85,0.18437748168055557,-0.005536589125000019,0.04,4.3,0
2022-07-13,C58157,0.18374182197222222,30.708333333333332,0.0,18.2,0.9,6.37,0.17884089255555555,0.004900929416666672,0.0,4.85,1
2022-07-14,C58157,0.20094319070833333,27.833333333333332,0.0,0.0,0.37,4.51,0.18374182197222222,0.01720136873611111,0.9,6.37,0
2022-07-15,C58157,0.1923548897638889,24.708333333333332,0.0,0.0,0.2,4.18,0.20094319070833333,-0.008588300944444432,0.37,4.51,0
2022-07-16,C58157,0.18464606045833332,25.208333333333332,0.0,0.0,0.75,1.52,0.1923548897638889,-0.007708829305555581,0.2,4.18,0
2022-07-17,C58157,0.1784037798611111,25.833333333333332,0.0,0.0,0.0,5.01,0.18464606045833332,-0.006242280597222205,0.75,1.52,0
2022-07-18,C58157,0.1730991160972222,30.458333333333332,0.0,8.8,0.05,6.0,0.1784037798611111,-0.005304663763888912,0.0,5.01,1
2022-07-19,C58157,0.1708404365,33.666666666666664,0.0,0.0,0.0,7.6,0.1730991160972222,-0.002258679597222202,0.05,6.0,0
2022-07-20,C58157,0.16842863947222222,29.041666666666668,0.0,0.0,2.4,3.6,0.1708404365,-0.0024117970277777734,0.0,7.6,0
2022-07-21,C58157,0.17403899441666668,24.375,0.0,0.0,6.8,1.35,0.16842863947222222,0.005610354944444451,2.4,3.6,0
2022-07-22,C58157,0.1797852683888889,25.041666666666668,0.0,0.0,0.8,3.12,0.17403899441666668,0.005746273972222216,6.8,1.35,0
2022-07-23,C58157,0.17683057394444446,27.958333333333332,0.0,0.0,0.2,4.19,0.1797852683888889,-0.0029546944444444334,0.8,3.12,0
2022-07-24,C58157,0.17120171304166668,30.5,0.0,0.0,0.9,5.64,0.17683057394444446,-0.0056288609027777825,0.2,4.19,0
2022-07-25,C58157,0.17691643312500002,28.291666666666668,0.0,16.1,0.0,4.88,0.17120171304166668,0.005714720083333347,0.9,5.64,1
2022-07-26,C58157,0.1933863137638889,25.708333333333332,0.0,0.0,0.02,3.25,0.17691643312500002,0.01646988063888888,0.0,4.88,0
2022-07-27,C58157,0.18853261458333334,23.333333333333332,0.0,0.0,1.12,3.85,0.1933863137638889,-0.00485369918055556,0.02,3.25,0
2022-07-28,C58157,0.1824564895277778,25.291666666666668,0.0,0.0,0.0,4.63,0.18853261458333334,-0.006076125055555548,1.12,3.85,0
2022-07-29,C58157,0.18079476495833333,27.625,0.0,11.2,0.0,4.8,0.1824564895277778,-0.0016617245694444671,0.0,4.63,1
2022-07-30,C58157,0.18979953951388887,27.416666666666668,0.0,0.0,0.49,4.01,0.18079476495833333,0.00900477455555554,0.0,4.8,0
2022-07-31,C58157,0.18606600125000003,28.541666666666668,0.0,0.0,0.1,4.19,0.18979953951388887,-0.003733538263888836,0.49,4.01,0
2022-08-01,C58157,0.1813693405972222,29.0,0.0,0.0,0.33,3.13,0.18606600125000003,-0.004696660652777823,0.1,4.19,0
2022-08-02,C58157,0.17730260519444443,29.416666666666668,0.0,10.7,0.06,4.85,0.1813693405972222,-0.004066735402777771,0.33,3.13,1
2022-08-03,C58157,0.18251660118055554,31.75,0.0,0.0,0.0,5.13,0.17730260519444443,0.0052139959861111085,0.06,4.85,0
2022-08-04,C58157,0.18042569418055554,29.041666666666668,0.0,0.0,4.5,3.58,0.18251660118055554,-0.002090907000000003,0.0,5.13,0
2022-08-05,C58157,0.20282334945833333,26.416666666666668,0.0,20.6,2.93,3.09,0.18042569418055554,0.02239765527777779,4.5,3.58,1
2022-08-06,C58157,0.23046213768055557,22.916666666666668,0.0,0.0,0.0,3.92,0.20282334945833333,0.027638788222222238,2.93,3.09,0
2022-08-07,C58157,0.21714174884722223,25.208333333333332,0.0,0.0,0.0,4.58,0.23046213768055557,-0.013320388833333335,0.0,3.92,0
2022-08-08,C58157,0.2066547675138889,25.666666666666668,0.0,0.0,0.0,4.62,0.21714174884722223,-0.01048698133333334,0.0,4.58,0
2022-08-09,C58157,0.20885542815277777,27.75,0.0,20.8,0.0,5.16,0.2066547675138889,0.0022006606388888794,0.0,4.62,1
2022-08-10,C58157,0.2325841624027778,28.916666666666668,0.0,0.0,0.0,5.95,0.20885542815277777,0.023728734250000022,0.0,5.16,0
2022-08-11,C58157,0.21818268637333332,29.96,0.0,0.0,0.0,5.89,0.2325841624027778,-0.014401476029444471,0.0,5.95,0
2022-08-12,C58157,0.2248152148888889,29.416666666666668,0.0,26.7,0.0,6.43,0.21818268637333332,0.006632528515555569,0.0,5.89,1
2022-08-13,C58157,0.23930181154166666,29.291666666666668,0.0,0.0,0.0,5.85,0.2248152148888889,0.014486596652777767,0.0,6.43,0
2022-08-14,C58157,0.224092431125,29.458333333333332,0.0,0.0,0.0,4.82,0.23930181154166666,-0.015209380416666668,0.0,5.85,0
2022-08-15,C58157,0.23124039422222223,28.458333333333332,0.0,24.5,0.36,3.77,0.224092431125,0.0071479630972222374,0.0,4.82,1
2022-08-16,C58157,0.24672248555555557,29.125,0.0,0.0,0.0,3.98,0.23124039422222223,0.015482091333333337,0.36,3.77,0
2022-08-17,C58157,0.23832887420833335,26.416666666666668,0.0,0.0,0.0,2.51,0.24672248555555557,-0.008393611347222218,0.0,3.98,0
2022-08-18,C58157,0.23530127666666667,28.666666666666668,0.0,0.0,4.6,2.59,0.23832887420833335,-0.0030275975416666767,0.0,2.51,0
2022-08-19,C58157,0.22849402596,25.84,0.0,0.0,1.8,2.34,0.23530127666666667,-0.0068072507066666565,4.6,2.59,0
2022-08-20,C58157,0.22699591972222222,26.166666666666668,0.0,0.0,0.07,3.72,0.22849402596,-0.0014981062377777965,1.8,2.34,0
2022-08-21,C58157,0.22217216836111112,24.875,0.0,0.0,0.0,3.07,0.22699591972222222,-0.0048237513611111005,0.07,3.72,0
2022-08-22,C58157,0.2276433591388889,27.166666666666668,0.0,16.4,0.0,3.57,0.22217216836111112,0.0054711907777777735,0.0,3.07,1
2022-08-23,C58157,0.23844820830555555,28.875,0.0,0.0,0.0,3.98,0.2276433591388889,0.010804849166666658,0.0,3.57,0
2022-08-24,C58157,0.23063832168055554,30.041666666666668,0.0,0.0,0.04,4.09,0.23844820830555555,-0.007809886625000012,0.0,3.98,0
2022-08-25,C58157,0.22397796031944442,31.041666666666668,0.0,0.0,0.0,4.71,0.23063832168055554,-0.006660361361111117,0.04,4.09,0
2022-08-26,C58157,0.24045813223611112,26.5,0.0,20.53,0.04,2.71,0.22397796031944442,0.016480171916666703,0.0,4.71,1
2022-08-27,C58157,0.25302088961111113,24.75,0.0,0.0,0.0,2.66,0.24045813223611112,0.012562757375000011,0.04,2.71,0
2022-08-28,C58157,0.2429920442222222,26.541666666666668,0.0,0.0,0.03,4.3,0.25302088961111113,-0.01002884538888893,0.0,2.66,0
2022-08-29,C58157,0.23444811813888888,24.125,0.0,0.0,0.0,3.82,0.2429920442222222,-0.00854392608333332,0.03,4.3,0
2022-08-30,C58157,0.24369649288888887,27.083333333333332,0.0,16.49,0.0,4.35,0.23444811813888888,0.009248374749999982,0.0,3.82,1
2022-08-31,C58157,0.25194538020833335,27.875,0.0,0.0,0.0,3.86,0.24369649288888887,0.008248887319444481,0.0,4.35,0
2022-09-01,C58157,0.24160332956944444,26.125,0.0,0.0,0.0,4.21,0.25194538020833335,-0.010342050638888906,0.0,3.86,0
2022-09-02,C58157,0.24920575172222223,26.5,0.0,16.39,0.0,3.86,0.24160332956944444,0.007602422152777788,0.0,4.21,1
2022-09-03,C58157,0.25666806536111114,26.833333333333332,0.0,0.0,0.14,2.4,0.24920575172222223,0.007462313638888912,0.0,3.86,0
2022-09-04,C58157,0.24770731756944445,27.625,0.0,0.0,0.02,3.46,0.25666806536111114,-0.008960747791666696,0.14,2.4,0
2022-09-05,C58157,0.2395589057777778,27.875,0.0,0.0,0.92,3.99,0.24770731756944445,-0.008148411791666643,0.02,3.46,0
2022-09-06,C58157,0.24113858018055556,29.083333333333332,0.0,0.0,5.0,3.5,0.2395589057777778,0.0015796744027777587,0.92,3.99,0
2022-09-07,C58157,0.23981113023611111,26.666666666666668,0.0,0.0,2.0,2.81,0.24113858018055556,-0.0013274499444444476,5.0,3.5,0
2022-09-08,C58157,0.23965815109722222,24.458333333333332,0.0,0.0,2.0,2.19,0.23981113023611111,-0.00015297913888889791,2.0,2.81,0
2022-09-09,C58157,0.2511997351111111,22.625,0.0,0.0,9.0,1.62,0.23965815109722222,0.011541584013888884,2.0,2.19,0
2022-09-10,C58157,0.2549201980138889,22.708333333333332,0.0,0.0,9.0,1.85,0.2511997351111111,0.003720462902777777,9.0,1.62,0
2022-09-11,C58157,0.2551117797638889,23.541666666666668,0.0,0.0,0.0,2.06,0.2549201980138889,0.00019158175000000277,9.0,1.85,0
2022-09-12,C58157,0.2479510901666667,25.208333333333332,0.0,0.0,0.0,2.82,0.2551117797638889,-0.007160689597222186,0.0,2.06,0
2022-09-13,C58157,0.2435543092222222,26.083333333333332,0.0,0.0,11.0,1.26,0.2479510901666667,-0.004396780944444484,0.0,2.82,0
2022-09-14,C58157,0.25805092768055554,21.791666666666668,0.0,0.0,2.0,0.54,0.2435543092222222,0.014496618458333332,11.0,1.26,0
2022-09-15,C58157,0.25771711992,20.96,0.0,0.0,4.0,1.29,0.25805092768055554,-0.00033380776055552674,2.0,0.54,0
2022-09-16,C58157,0.267653797625,18.708333333333332,0.0,0.0,22.0,1.4,0.25771711992,0.009936677705000008,4.0,1.29,0
2022-09-17,C58157,0.28812392065277775,18.583333333333332,0.0,0.0,19.0,0.99,0.267653797625,0.02047012302777773,22.0,1.4,0
2022-09-18,C58157,0.2881753170138889,18.708333333333332,0.0,0.0,4.0,1.59,0.28812392065277775,5.1396361111122335e-05,19.0,0.99,0
2022-09-19,C58157,0.27808211745833333,20.0,0.0,0.0,1.0,1.64,0.2881753170138889,-0.010093199555555543,4.0,1.59,0
2022-09-20,C58157,0.2693384455555556,19.583333333333332,0.0,0.0,0.0,1.34,0.27808211745833333,-0.00874367190277775,1.0,1.64,0
2022-09-21,C58157,0.26393342968055555,18.375,0.0,0.0,0.0,1.5,0.2693384455555556,-0.00540501587500003,0.0,1.34,0
2022-09-22,C58157,0.2596322784861111,18.666666666666668,0.0,0.0,0.01,1.88,0.26393342968055555,-0.004301151194444464,0.0,1.5,0
2022-09-23,C58157,0.25610989147222224,19.333333333333332,0.0,0.0,0.89,1.43,0.2596322784861111,-0.0035223870138888502,0.01,1.88,0
2022-09-24,C58157,0.26543069062499997,19.375,0.0,0.0,7.9,0.71,0.25610989147222224,0.009320799152777726,0.89,1.43,0
2022-09-25,C58157,0.2666709007826087,20.217391304347824,0.0,0.0,0.0,1.35,0.26543069062499997,0.0012402101576087232,7.9,0.71,0
2022-09-26,C58157,0.26339654929166667,17.0,0.0,0.0,8.32,0.72,0.2666709007826087,-0.003274351490942018,0.0,1.35,0
2023-01-11,C58157,,23.0,0.0,,,0.35,0.26339654929166667,,8.32,0.72,0
2023-01-12,C58157,,22.875,0.0,,,0.41,,,,0.35,0
2023-01-13,C58157,,22.0,0.0,,,0.38,,,,0.41,0
2023-01-14,C58157,,21.833333333333332,0.0,,,0.29,,,,0.38,0
2023-01-15,C58157,,21.25,0.0,,,0.33,,,,0.29,0
2023-01-16,C58157,,21.583333333333332,0.0,,,0.26,,,,0.33,0
2023-01-17,C58157,,20.875,0.0,,,-0.06,,,,0.26,0
2023-01-18,C58157,,21.25,0.0,,,-0.03,,,,-0.06,0
2023-01-19,C58157,,24.333333333333332,0.0,,,0.15,,,,-0.03,0
2023-01-20,C58157,,19.875,0.0,,,0.21,,,,0.15,0
2023-01-21,C58157,,17.5,0.0,,,0.06,,,,0.21,0
2023-01-22,C58157,,17.041666666666668,0.0,,,0.22,,,,0.06,0
2023-01-23,C58157,,18.666666666666668,0.0,,,0.26,,,,0.22,0
2023-01-24,C58157,,20.375,0.0,,,0.29,,,,0.26,0
2023-01-25,C58157,,18.958333333333332,0.0,,,0.24,,,,0.29,0
2023-01-26,C58157,,19.833333333333332,0.0,,,0.22,,,,0.24,0
2023-01-27,C58157,,19.75,0.0,,,0.36,,,,0.22,0
2023-01-28,C58157,,18.958333333333332,0.0,,,0.37,,,,0.36,0
2023-01-29,C58157,,17.541666666666668,0.0,,,0.17,,,,0.37,0
2023-01-30,C58157,,19.666666666666668,0.0,,,0.29,,,,0.17,0
2023-01-31,C58157,,22.416666666666668,0.0,,,0.21,,,,0.29,0
2023-02-01,C58157,,23.333333333333332,0.0,,,0.35,,,,0.21,0
2023-02-02,C58157,,27.375,0.0,,,0.42,,,,0.35,0
2023-02-03,C58157,,26.125,0.0,,,0.37,,,,0.42,0
2023-02-04,C58157,,23.0,0.0,,,0.32,,,,0.37,0
2023-02-05,C58157,,22.458333333333332,0.0,,,0.41,,,,0.32,0
2023-02-06,C58157,,21.583333333333332,0.0,,,0.29,,,,0.41,0
2023-02-07,C58157,,20.208333333333332,0.0,,,0.26,,,,0.29,0
2023-02-08,C58157,,19.708333333333332,0.0,,,0.39,,,,0.26,0
2023-02-09,C58157,,19.833333333333332,0.0,,,0.5,,,,0.39,0
2023-02-10,C58157,,20.625,0.0,,,0.44,,,,0.5,0
2023-02-11,C58157,,21.083333333333332,0.0,,,0.35,,,,0.44,0
2023-02-12,C58157,,21.125,0.0,,,0.42,,,,0.35,0
2023-02-13,C58157,,20.791666666666668,0.0,,,0.39,,,,0.42,0
2023-02-14,C58157,,22.73913043478261,0.0,,,0.49,,,,0.39,0
2023-02-15,C58157,,22.083333333333332,0.0,,,0.61,,,,0.49,0
2023-02-16,C58157,,23.458333333333332,0.0,,,0.67,,,,0.61,0
2023-02-17,C58157,,24.166666666666668,0.0,,,0.6,,,,0.67,0
2023-02-18,C58157,,22.958333333333332,0.0,,,0.4,,,,0.6,0
2023-02-19,C58157,,22.833333333333332,0.0,,,0.55,,,,0.4,0
2023-02-20,C58157,,23.458333333333332,0.0,,,0.6,,,,0.55,0
2023-02-21,C58157,,23.5,0.0,,,0.67,,,,0.6,0
2023-02-22,C58157,,22.708333333333332,0.0,,,0.55,,,,0.67,0
2023-02-23,C58157,,23.666666666666668,0.0,,,0.41,,,,0.55,0
2023-02-24,C58157,,24.583333333333332,0.0,,,0.58,,,,0.41,0
2023-02-25,C58157,,21.0,0.0,,,0.62,,,,0.58,0
2023-02-26,C58157,,19.791666666666668,0.0,,,0.91,,,,0.62,0
2023-02-27,C58157,,20.416666666666668,0.0,,,0.96,,,,0.91,0
2023-02-28,C58157,,19.666666666666668,0.0,,,0.81,,,,0.96,0
2023-03-01,C58157,,20.083333333333332,0.0,,,0.79,,,,0.81,0
2023-03-02,C58157,,19.583333333333332,0.0,,,0.88,,,,0.79,0
2023-03-03,C58157,,19.583333333333332,0.0,,,0.37,,,,0.88,0
2023-03-04,C58157,,20.291666666666668,0.0,,,0.47,,,,0.37,0
2023-03-05,C58157,,20.291666666666668,0.0,,,0.54,,,,0.47,0
2023-03-06,C58157,,20.083333333333332,0.0,,,0.64,,,,0.54,0
2023-03-07,C58157,,21.041666666666668,0.0,,,0.48,,,,0.64,0
2023-03-08,C58157,,19.333333333333332,0.0,,,0.45,,,,0.48,0
2023-03-09,C58157,,20.875,0.0,,,0.64,,,,0.45,0
2023-03-10,C58157,,21.916666666666668,0.0,,,0.41,,,,0.64,0
2023-03-11,C58157,,20.208333333333332,0.0,,,0.9,,,,0.41,0
2023-03-12,C58157,,20.958333333333332,0.0,,,0.93,,,,0.9,0
2023-03-13,C58157,,22.416666666666668,0.0,,,0.88,,,,0.93,0
2023-03-14,C58157,,24.416666666666668,0.0,,,0.74,,,,0.88,0
2023-03-15,C58157,,24.708333333333332,0.0,,,0.96,,,,0.74,0
2023-03-16,C58157,,22.791666666666668,0.0,,,2.18,,,,0.96,0
2023-03-17,C58157,,22.875,0.0,,,2.26,,,,2.18,0
2023-03-18,C58157,,23.333333333333332,0.0,,,1.3,,,,2.26,0
2023-03-19,C58157,,23.541666666666668,0.0,,,0.84,,,,1.3,0
2023-03-20,C58157,,22.958333333333332,0.0,,,0.96,,,,0.84,0
2023-03-21,C58157,,23.625,0.0,,,1.6,,,,0.96,0
2023-03-22,C58157,,24.083333333333332,0.0,,,1.21,,,,1.6,0
2023-03-23,C58157,,24.25,0.0,,,1.32,,,,1.21,0
2023-03-24,C58157,,23.875,0.0,,,1.54,,,,1.32,0
2023-03-25,C58157,,23.291666666666668,0.0,,,1.57,,,,1.54,0
2023-03-26,C58157,,23.043478260869566,0.0,,,0.81,,,,1.57,0
2023-03-27,C58157,,22.166666666666668,0.0,,,1.12,,,,0.81,0
2023-03-28,C58157,,21.708333333333332,0.0,,,1.14,,,,1.12,0
2023-03-29,C58157,,23.458333333333332,0.0,,,2.0,,,,1.14,0
2023-03-30,C58157,,23.833333333333332,0.0,,,2.09,,,,2.0,0
2023-03-31,C58157,,23.416666666666668,0.0,,,1.14,,,,2.09,0
2023-04-01,C58157,,23.041666666666668,0.0,0.0,,0.62,,,,1.14,0
2023-04-02,C58157,,22.458333333333332,0.0,0.0,,0.44,,,,0.62,0
2023-04-03,C58157,,22.958333333333332,0.0,0.0,,2.0,,,,0.44,0
2023-04-04,C58157,,25.166666666666668,0.0,0.0,,1.95,,,,2.0,0
2023-04-05,C58157,,23.125,0.0,0.0,,1.94,,,,1.95,0
2023-04-06,C58157,,22.416666666666668,0.0,0.0,,0.85,,,,1.94,0
2023-04-07,C58157,,22.583333333333332,0.0,0.0,,1.22,,,,0.85,0
2023-04-08,C58157,,22.75,0.0,0.0,,1.2,,,,1.22,0
2023-04-09,C58157,,22.75,0.0,0.0,,1.92,,,,1.2,0
2023-04-10,C58157,,23.583333333333332,0.0,0.0,,2.09,,,,1.92,0
2023-04-11,C58157,,24.041666666666668,0.0,0.0,,1.96,,,,2.09,0
2023-04-12,C58157,,23.608695652173914,0.0,0.0,,1.3,,,,1.96,0
2023-04-13,C58157,,24.0,0.0,0.0,,1.95,,,,1.3,0
2023-04-14,C58157,,23.375,0.0,0.0,,1.9,,,,1.95,0
2023-04-15,C58157,,23.708333333333332,0.0,0.0,,2.76,,,,1.9,0
2023-04-16,C58157,,24.083333333333332,0.0,0.0,,0.75,,,,2.76,0
2023-04-17,C58157,,23.625,0.0,0.0,,1.14,,,,0.75,0
2023-04-18,C58157,,24.458333333333332,0.0,0.0,,2.3,,,,1.14,0
2023-04-19,C58157,,25.708333333333332,0.0,0.0,,2.69,,,,2.3,0
2023-04-20,C58157,,24.25,0.0,0.0,,1.55,,,,2.69,0
2023-04-21,C58157,,23.666666666666668,0.0,0.0,,2.23,,,,1.55,0
2023-04-22,C58157,,24.125,0.0,0.0,,1.03,,,,2.23,0
2023-04-23,C58157,,24.041666666666668,0.0,0.0,,1.59,,,,1.03,0
2023-04-24,C58157,,23.791666666666668,0.0,0.0,,1.36,,,,1.59,0
2023-04-25,C58157,,23.791666666666668,0.0,0.0,,1.44,,,,1.36,0
2023-04-26,C58157,,23.291666666666668,0.0,0.0,,2.23,,,,1.44,0
2023-04-27,C58157,,23.666666666666668,0.0,0.0,,2.81,,,,2.23,0
2023-04-28,C58157,,24.166666666666668,0.0,0.0,,2.5,,,,2.81,0
2023-04-29,C58157,,24.083333333333332,0.0,0.0,,1.16,,,,2.5,0
2023-04-30,C58157,,24.0,0.0,0.0,,2.38,,,,1.16,0
2023-05-01,C58157,,25.0,0.0,0.0,0.0,1.87,,,,2.38,0
2023-05-02,C58157,,25.708333333333332,0.0,0.0,0.26,1.98,,,0.0,1.87,0
2023-05-03,C58157,,25.416666666666668,0.0,0.0,0.0,3.43,,,0.26,1.98,0
2023-05-04,C58157,,25.375,0.0,0.0,0.35,4.33,,,0.0,3.43,0
2023-05-05,C58157,,26.083333333333332,0.0,0.0,5.51,1.83,,,0.35,4.33,0
2023-05-06,C58157,,25.833333333333332,0.0,0.0,0.01,2.19,,,5.51,1.83,0
2023-05-07,C58157,,25.708333333333332,0.0,0.0,1.64,1.17,,,0.01,2.19,0
2023-05-08,C58157,,25.666666666666668,0.0,0.0,0.0,2.72,,,1.64,1.17,0
2023-05-09,C58157,,26.125,0.0,0.0,17.23,1.02,,,0.0,2.72,0
2023-05-10,C58157,,24.875,0.0,0.0,15.18,1.44,,,17.23,1.02,0
2023-05-11,C58157,,24.458333333333332,0.0,0.0,27.76,1.96,,,15.18,1.44,0
2023-05-12,C58157,,24.916666666666668,0.0,0.0,15.28,1.74,,,27.76,1.96,0
2023-05-13,C58157,,25.0,0.0,0.0,0.0,3.04,,,15.28,1.74,0
2023-05-14,C58157,,25.708333333333332,0.0,0.0,0.0,2.53,,,0.0,3.04,0
2023-05-15,C58157,,25.708333333333332,0.0,0.0,1.27,2.72,,,0.0,2.53,0
2023-05-16,C58157,,24.958333333333332,0.0,0.0,0.0,2.72,,,1.27,2.72,0
2023-05-17,C58157,,24.916666666666668,0.0,0.0,0.0,2.83,,,0.0,2.72,0
2023-05-18,C58157,,25.0,0.0,0.0,0.0,3.22,,,0.0,2.83,0
2023-05-19,C58157,,25.166666666666668,0.0,0.0,0.0,3.72,,,0.0,3.22,0
2023-05-20,C58157,,26.0,0.0,0.0,0.0,3.66,,,0.0,3.72,0
2023-05-21,C58157,,26.5,0.0,0.0,0.0,3.5,,,0.0,3.66,0
2023-05-22,C58157,,26.75,0.0,0.0,0.0,1.93,,,0.0,3.5,0
2023-05-23,C58157,,26.0,0.0,0.0,0.0,2.24,,,0.0,1.93,0
2023-05-24,C58157,,25.875,0.0,0.0,0.0,2.85,,,0.0,2.24,0
2023-05-25,C58157,,25.375,0.0,0.0,0.02,3.87,,,0.0,2.85,0
2023-05-26,C58157,,25.791666666666668,0.0,0.0,0.0,3.91,,,0.02,3.87,0
2023-05-27,C58157,,26.083333333333332,0.0,0.0,0.07,4.39,,,0.0,3.91,0
2023-05-28,C58157,,26.75,0.0,0.0,0.01,4.57,,,0.07,4.39,0
2023-05-29,C58157,,27.041666666666668,0.0,0.0,0.0,4.09,,,0.01,4.57,0
2023-05-30,C58157,,27.0,0.0,0.0,0.0,4.49,,,0.0,4.09,0
2023-05-31,C58157,,27.041666666666668,0.0,0.0,0.0,4.86,,,0.0,4.49,0
2023-06-01,C58157,,26.916666666666668,0.0,0.0,0.0,4.69,,,0.0,4.86,0
2023-06-02,C58157,,27.083333333333332,0.0,0.0,0.03,3.94,,,0.0,4.69,0
2023-06-03,C58157,,26.916666666666668,0.0,0.0,0.0,4.49,,,0.03,3.94,0
2023-06-04,C58157,,27.208333333333332,0.0,0.0,0.0,4.96,,,0.0,4.49,0
2023-06-05,C58157,0.219606894915954,28.75,0.0,0.0,0.03,4.82,,,0.0,4.96,0
2023-06-06,C58157,0.2235378114557409,27.041666666666668,0.0,5.0,0.0,4.5,0.219606894915954,0.003930916539786888,0.03,4.82,1
2023-06-07,C58157,0.2270846057131758,26.083333333333332,0.0,0.0,1.0,4.26,0.2235378114557409,0.0035467942574348987,0.0,4.5,0
2023-06-08,C58157,0.24115632431687348,28.875,0.0,11.0,0.0,4.24,0.2270846057131758,0.014071718603697686,1.0,4.26,1
2023-06-09,C58157,0.2546747052783481,30.0,0.0,6.0,0.0,5.1,0.24115632431687348,0.013518380961474646,0.0,4.24,1
2023-06-10,C58157,0.2569465767984641,32.0,0.0,6.0,0.0,5.72,0.2546747052783481,0.0022718715201159867,0.0,5.1,1
2023-06-11,C58157,0.25215693563312364,32.041666666666664,0.0,0.0,0.0,3.9,0.2569465767984641,-0.004789641165340475,0.0,5.72,0
2023-06-12,C58157,0.26642038325497225,31.916666666666668,0.0,11.0,0.0,4.22,0.25215693563312364,0.014263447621848613,0.0,3.9,1
2023-06-13,C58157,0.2820456208066547,30.375,0.0,6.0,0.0,5.68,0.26642038325497225,0.015625237551682436,0.0,4.22,1
2023-06-14,C58157,0.284160641777577,28.416666666666668,0.0,6.0,0.0,5.18,0.2820456208066547,0.00211502097092231,0.0,5.68,1
2023-06-15,C58157,0.28530369311164416,28.208333333333332,0.0,6.0,0.0,4.96,0.284160641777577,0.0011430513340671689,0.0,5.18,1
2023-06-16,C58157,0.2865886957455616,28.666666666666668,0.0,6.0,0.0,4.7,0.28530369311164416,0.0012850026339174536,0.0,4.96,1
2023-06-17,C58157,0.2883403747847969,28.666666666666668,0.0,8.0,0.0,3.83,0.2865886957455616,0.0017516790392352877,0.0,4.7,1
2023-06-18,C58157,0.29424912412172016,26.833333333333332,0.0,4.0,1.0,2.48,0.2883403747847969,0.005908749336923258,0.0,3.83,1
2023-06-19,C58157,0.29904999314582154,29.416666666666668,0.0,6.0,0.0,4.39,0.29424912412172016,0.004800869024101373,1.0,2.48,1
2023-06-20,C58157,0.2904814076422171,30.041666666666668,0.0,0.0,7.0,3.74,0.29904999314582154,-0.008568585503604453,0.0,4.39,0
2023-06-21,C58157,0.2891264707355911,29.75,0.0,0.0,0.0,4.43,0.2904814076422171,-0.0013549369066259698,7.0,3.74,0
2023-06-22,C58157,0.2877547212399429,24.833333333333332,0.0,0.0,14.0,1.23,0.2891264707355911,-0.0013717494956482224,0.0,4.43,0
2023-06-23,C58157,0.2966954456612028,28.791666666666668,0.0,0.0,0.0,4.23,0.2877547212399429,0.008940724421259927,14.0,1.23,0
2023-06-24,C58157,0.2843693755119964,29.166666666666668,0.0,0.0,0.0,4.95,0.2966954456612028,-0.012326070149206392,0.0,4.23,0
2023-06-25,C58157,0.2761984367642485,31.333333333333332,0.0,0.0,0.0,5.4,0.2843693755119964,-0.008170938747747936,0.0,4.95,0
2023-06-26,C58157,0.2692491161883372,28.041666666666668,0.0,0.0,0.0,4.54,0.2761984367642485,-0.0069493205759113,0.0,5.4,0
2023-06-27,C58157,0.2645918988614856,26.625,0.0,0.0,1.0,3.25,0.2692491161883372,-0.004657217326851593,0.0,4.54,0
2023-06-28,C58157,0.26115609593160566,26.75,0.0,0.0,0.0,2.75,0.2645918988614856,-0.0034358029298799386,1.0,3.25,0
2023-06-29,C58157,0.2587534974443357,26.791666666666668,0.0,0.0,3.5,1.94,0.26115609593160566,-0.00240259848726998,0.0,2.75,0
2023-06-30,C58157,0.2579921905474378,26.416666666666668,0.0,0.0,0.0,3.59,0.2587534974443357,-0.0007613068968978509,3.5,1.94,0
2023-07-01,C58157,0.25616872309244826,24.5,0.0,0.0,1.5,2.31,0.2579921905474378,-0.001823467454989569,0.0,3.59,0
2023-07-02,C58157,0.254787851579378,25.708333333333332,0.0,0.0,1.0,3.41,0.25616872309244826,-0.0013808715130702587,1.5,2.31,0
2023-07-03,C58157,0.2518954672622766,24.791666666666668,0.0,0.0,0.5,3.95,0.254787851579378,-0.0028923843171014263,1.0,3.41,0
2023-07-04,C58157,0.24839109303367843,25.916666666666668,0.0,0.0,1.0,3.23,0.2518954672622766,-0.003504374228598145,0.5,3.95,0
2023-07-05,C58157,0.2462954531372351,23.416666666666668,0.0,0.0,0.5,2.65,0.24839109303367843,-0.0020956398964433187,1.0,3.23,0
2023-07-06,C58157,0.24449982908186088,24.708333333333332,0.0,0.0,3.0,3.42,0.2462954531372351,-0.0017956240553742286,0.5,2.65,0
2023-07-07,C58157,0.26176086369134693,27.75,0.0,14.0,1.0,4.41,0.24449982908186088,0.017261034609486053,3.0,3.42,1
2023-07-08,C58157,0.2657588752692456,31.583333333333332,0.0,0.0,0.0,4.85,0.26176086369134693,0.003998011577898641,1.0,4.41,0
2023-07-09,C58157,0.25635423156136544,30.083333333333332,0.0,0.0,6.0,3.4,0.2657588752692456,-0.009404643707880134,0.0,4.85,0
2023-07-10,C58157,0.254045813914715,29.333333333333332,0.0,0.0,0.0,4.56,0.25635423156136544,-0.0023084176466504625,6.0,3.4,0
2023-07-11,C58157,0.24781881588792945,30.125,0.0,0.0,4.5,5.7,0.254045813914715,-0.00622699802678553,0.0,4.56,0
2023-07-12,C58157,0.2423281076409398,26.875,0.0,0.0,0.0,3.87,0.24781881588792945,-0.005490708246989662,4.5,5.7,0
2023-07-13,C58157,0.23922195568581475,25.916666666666668,0.0,0.0,0.0,2.98,0.2423281076409398,-0.003106151955125036,0.0,3.87,0
2023-07-14,C58157,0.25691128151207654,28.041666666666668,0.0,21.0,0.0,4.25,0.23922195568581475,0.017689325826261787,0.0,2.98,1
2023-07-15,C58157,0.2713685712905994,28.25,0.0,0.0,0.0,3.98,0.25691128151207654,0.014457289778522842,0.0,4.25,0
2023-07-16,C58157,0.26152471581662,25.375,0.0,0.0,3.0,3.63,0.2713685712905994,-0.009843855473979368,0.0,3.98,0
2023-07-17,C58157,0.2542271826124601,25.333333333333332,0.0,0.0,0.5,3.79,0.26152471581662,-0.007297533204159934,3.0,3.63,0
2023-07-18,C58157,0.24702405042963801,25.625,0.0,0.0,0.0,3.86,0.2542271826124601,-0.007203132182822064,0.5,3.79,0
2023-07-19,C58157,0.24076471816852152,25.125,0.0,0.0,3.0,3.15,0.24702405042963801,-0.006259332261116496,0.0,3.86,0
2023-07-20,C58157,0.23766223990524293,25.25,0.0,0.0,0.0,3.77,0.24076471816852152,-0.0031024782632785852,3.0,3.15,0
2023-07-21,C58157,0.23577019635971574,23.5,0.0,0.0,0.0,2.89,0.23766223990524293,-0.001892043545527189,0.0,3.77,0
2023-07-22,C58157,0.23253832362975135,24.208333333333332,0.0,0.0,0.0,3.37,0.23577019635971574,-0.0032318727299643912,0.0,2.89,0
2023-07-23,C58157,0.22935941396736215,25.25,0.0,0.0,28.0,1.96,0.23253832362975135,-0.0031789096623892066,0.0,3.37,0
2023-07-24,C58157,0.26223455221705994,25.083333333333332,0.0,0.0,6.0,2.07,0.22935941396736215,0.03287513824969779,28.0,1.96,0
2023-07-25,C58157,0.2791341724882179,24.0,0.0,0.0,1.0,1.98,0.26223455221705994,0.01689962027115799,6.0,2.07,0
2023-07-26,C58157,0.26768897514119966,25.166666666666668,0.0,0.0,4.0,2.77,0.2791341724882179,-0.011445197347018266,1.0,1.98,0
2023-07-27,C58157,0.27431399239607956,23.625,0.0,0.0,0.5,1.14,0.26768897514119966,0.006625017254879906,4.0,2.77,0
2023-07-28,C58157,0.285178653891029,27.666666666666668,0.0,0.0,1.0,1.81,0.27431399239607956,0.010864661494949412,0.5,1.14,0
2023-07-29,C58157,0.27647106041245345,26.458333333333332,0.0,0.0,2.5,2.9,0.285178653891029,-0.008707593478575526,1.0,1.81,0
2023-07-30,C58157,0.27061637197951677,24.041666666666668,0.0,0.0,10.0,2.42,0.27647106041245345,-0.005854688432936683,2.5,2.9,0
2023-07-31,C58157,0.2795303257352778,24.041666666666668,0.0,0.0,12.0,1.3,0.27061637197951677,0.00891395375576104,10.0,2.42,0
2023-08-01,C58157,0.30171258293053904,24.666666666666668,0.0,0.0,6.0,2.28,0.2795303257352778,0.022182257195261235,12.0,1.3,0
2023-08-02,C58157,0.2997020698970811,25.375,0.0,0.0,16.0,2.37,0.30171258293053904,-0.00201051303345795,6.0,2.28,0
2023-08-03,C58157,0.3129401294631564,23.583333333333332,0.0,0.0,1.0,1.37,0.2997020698970811,0.013238059566075322,16.0,2.37,0
2023-08-04,C58157,0.3025914906621981,23.375,0.0,0.0,3.0,2.05,0.3129401294631564,-0.01034863880095832,1.0,1.37,0
2023-08-05,C58157,0.295191863124731,21.375,0.0,0.0,9.0,1.45,0.3025914906621981,-0.0073996275374670906,3.0,2.05,0
2023-08-06,C58157,0.316699274372314,20.75,0.0,0.0,16.0,1.55,0.295191863124731,0.021507411247582986,9.0,1.45,0
2023-08-07,C58157,0.3079608616251567,22.583333333333332,0.0,0.0,0.0,2.63,0.316699274372314,-0.00873841274715731,16.0,1.55,0
2023-08-08,C58157,0.29591632849849275,22.791666666666668,0.0,0.0,10.0,2.17,0.3079608616251567,-0.012044533126663926,0.0,2.63,0
2023-08-09,C58157,0.3045408527874472,25.666666666666668,0.0,0.0,0.0,3.12,0.29591632849849275,0.008624524288954438,10.0,2.17,0
2023-08-10,C58157,0.2931323032750993,25.875,0.0,0.0,0.0,3.67,0.3045408527874472,-0.011408549512347876,0.0,3.12,0
2023-08-11,C58157,0.28387321583882635,28.916666666666668,0.0,0.0,5.0,3.46,0.2931323032750993,-0.009259087436272961,0.0,3.67,0
2023-08-12,C58157,0.28271273805806135,27.0,0.0,0.0,1.0,2.5,0.28387321583882635,-0.0011604777807650013,5.0,3.46,0
2023-08-13,C58157,0.281404566410953,26.166666666666668,0.0,0.0,0.0,3.06,0.28271273805806135,-0.001308171647108336,1.0,2.5,0
2023-08-14,C58157,0.2755467490552201,28.25,0.0,0.0,0.0,3.04,0.281404566410953,-0.0058578173557329305,0.0,3.06,0
2023-08-15,C58157,0.2682622400683186,28.625,0.0,0.0,0.0,3.18,0.2755467490552201,-0.007284508986901472,0.0,3.04,0
2023-08-16,C58157,0.26244567370571187,28.25,0.0,0.0,0.0,2.19,0.2682622400683186,-0.005816566362606745,0.0,3.18,0
2023-08-17,C58157,0.2583660150966809,26.083333333333332,0.0,0.0,0.0,1.94,0.26244567370571187,-0.004079658609030978,0.0,2.19,0
2023-08-18,C58157,0.25500769965151476,29.708333333333332,0.0,0.0,0.0,3.17,0.2583660150966809,-0.003358315445166127,0.0,1.94,0
2023-08-19,C58157,0.2504933756074053,29.666666666666668,0.0,0.0,0.0,2.58,0.25500769965151476,-0.004514324044109452,0.0,3.17,0
2023-08-20,C58157,0.24564596654432855,30.166666666666668,0.0,0.0,0.0,3.49,0.2504933756074053,-0.004847409063076763,0.0,2.58,0
2023-08-21,C58157,0.24651327019562982,29.333333333333332,0.0,12.0,0.0,3.3,0.24564596654432855,0.0008673036513012766,0.0,3.49,1
2023-08-22,C58157,0.2669558723497764,27.25,0.0,0.0,0.0,3.2,0.24651327019562982,0.02044260215414659,0.0,3.3,0
2023-08-23,C58157,0.25572453967394376,28.291666666666668,0.0,0.0,0.0,3.28,0.2669558723497764,-0.01123133267583265,0.0,3.2,0
2023-08-24,C58157,0.24922711333453418,25.791666666666668,0.0,0.0,1.0,1.21,0.25572453967394376,-0.006497426339409584,0.0,3.28,0
2023-08-25,C58157,0.26173425957934715,25.458333333333332,0.0,0.0,19.0,1.48,0.24922711333453418,0.012507146244812972,1.0,1.21,0
2023-08-26,C58157,0.2743787393096492,23.5,0.0,0.0,5.0,2.34,0.26173425957934715,0.012644479730302027,19.0,1.48,0
2023-08-27,C58157,0.2786861835368975,22.875,0.0,0.0,8.0,2.38,0.2743787393096492,0.004307444227248325,5.0,2.34,0
2023-08-28,C58157,0.28444132683434126,23.75,0.0,0.0,1.0,1.4,0.2786861835368975,0.005755143297443754,8.0,2.38,0
2023-08-29,C58157,0.27744398967436573,21.91304347826087,0.0,0.0,0.0,1.72,0.28444132683434126,-0.006997337159975525,1.0,1.4,0
2023-08-30,C58157,0.2740929935605227,21.291666666666668,0.0,0.0,5.0,1.22,0.27744398967436573,-0.003350996113843041,0.0,1.72,0
2023-08-31,C58157,0.27314310363492744,21.833333333333332,0.0,0.0,2.0,1.86,0.2740929935605227,-0.0009498899255952487,5.0,1.22,0
2023-09-01,C58157,0.29892902480338474,24.833333333333332,0.0,0.0,28.0,1.45,0.27314310363492744,0.025785921168457293,2.0,1.86,0
2023-09-02,C58157,0.30160625926217943,27.708333333333332,0.0,0.0,0.0,2.82,0.29892902480338474,0.0026772344587946972,28.0,1.45,0
2023-09-03,C58157,0.2914564379839515,26.541666666666668,0.0,0.0,0.0,2.17,0.30160625926217943,-0.010149821278227944,0.0,2.82,0
2023-09-04,C58157,0.28414819286507836,26.208333333333332,0.0,0.0,0.0,2.91,0.2914564379839515,-0.0073082451188731246,0.0,2.17,0
2023-09-05,C58157,0.27700752445526294,28.541666666666668,0.0,0.0,0.0,4.15,0.28414819286507836,-0.0071406684098154205,0.0,2.91,0
2023-09-06,C58157,0.2700143145016757,29.083333333333332,0.0,0.0,0.0,3.25,0.27700752445526294,-0.006993209953587265,0.0,4.15,0
2023-09-07,C58157,0.26381891818662734,28.333333333333332,0.0,0.0,0.0,3.11,0.2700143145016757,-0.00619539631504834,0.0,3.25,0
2023-09-08,C58157,0.25804897765195944,30.25,0.0,0.0,0.0,3.0,0.26381891818662734,-0.0057699405346678945,0.0,3.11,0
2023-09-09,C58157,0.25280615704810216,30.666666666666668,0.0,0.0,0.0,2.87,0.25804897765195944,-0.005242820603857279,0.0,3.0,0
2023-09-10,C58157,0.24785203791112023,31.666666666666668,0.0,0.0,0.0,3.06,0.25280615704810216,-0.004954119136981933,0.0,2.87,0
2023-09-11,C58157,0.24334151848604066,29.166666666666668,0.0,0.0,8.0,2.43,0.24785203791112023,-0.004510519425079573,0.0,3.06,0
2023-09-12,C58157,0.24415288393899318,28.166666666666668,0.0,0.0,3.0,1.62,0.24334151848604066,0.0008113654529525172,8.0,2.43,0
2023-09-13,C58157,0.2462825411166494,26.125,0.0,0.0,0.0,1.72,0.24415288393899318,0.00212965717765623,3.0,1.62,0
2023-09-14,C58157,0.24608107571689727,23.375,0.0,0.0,0.0,2.07,0.2462825411166494,-0.00020146539975213207,0.0,1.72,0
2023-09-15,C58157,0.24426301720028007,23.791666666666668,0.0,0.0,0.0,2.12,0.24608107571689727,-0.0018180585166172047,0.0,2.07,0
2023-09-16,C58157,0.24201182777972854,25.666666666666668,0.0,0.0,3.0,1.7,0.24426301720028007,-0.002251189420551525,0.0,2.12,0
2023-09-17,C58157,0.24114936462766398,27.208333333333332,0.0,0.0,0.0,1.97,0.24201182777972854,-0.0008624631520645631,3.0,1.7,0
2023-09-18,C58157,0.24098139137547359,25.958333333333332,0.0,0.0,5.0,1.86,0.24114936462766398,-0.00016797325219039538,0.0,1.97,0
2023-09-19,C58157,0.24124029287875906,23.5,0.0,0.0,0.0,1.82,0.24098139137547359,0.0002589015032854747,5.0,1.86,0
2023-09-20,C58157,0.24015105069278964,24.291666666666668,0.0,0.0,19.0,2.41,0.24124029287875906,-0.0010892421859694246,0.0,1.82,0
2023-09-21,C58157,0.24536039123829223,22.666666666666668,0.0,0.0,16.0,1.18,0.24015105069278964,0.005209340545502594,19.0,2.41,0
2023-09-22,C58157,0.27986935337844315,20.083333333333332,0.0,0.0,0.0,1.08,0.24536039123829223,0.03450896214015092,16.0,1.18,0
2023-09-23,C58157,0.2992593205238059,20.041666666666668,0.0,0.0,0.03,1.29,0.27986935337844315,0.01938996714536273,0.0,1.08,0
2023-09-24,C58157,0.2886823271104498,19.958333333333332,0.0,0.0,0.01,1.81,0.2992593205238059,-0.010576993413356106,0.03,1.29,0
2023-09-25,C58157,0.28084129053883833,22.458333333333332,0.0,0.0,0.02,2.16,0.2886823271104498,-0.007841036571611448,0.01,1.81,0
2023-09-26,C58157,0.2751740457669808,22.583333333333332,0.0,0.0,0.0,1.8,0.28084129053883833,-0.005667244771857538,0.02,2.16,0
2023-09-27,C58157,0.2709271462966921,24.458333333333332,0.0,0.0,0.02,1.69,0.2751740457669808,-0.0042468994702886675,0.0,1.8,0
2023-09-28,C58157,0.26678443031888915,23.958333333333332,0.0,0.0,0.0,1.64,0.2709271462966921,-0.004142715977802969,0.02,1.69,0
2023-09-29,C58157,0.2641511019733965,23.166666666666668,0.0,0.0,1.81,1.23,0.26678443031888915,-0.0026333283454926804,0.0,1.64,0
2023-09-30,C58157,0.2652855351691184,20.958333333333332,0.0,0.0,0.04,1.3,0.2641511019733965,0.001134433195721929,1.81,1.23,0
2023-10-01,C58157,0.26277437357369476,23.875,0.0,0.0,0.02,1.77,0.2652855351691184,-0.002511161595423639,0.04,1.3,0
2023-10-02,C58157,0.2602756503967449,23.23076923076923,0.0,0.0,,1.2,0.26277437357369476,-0.0024987231769498797,0.02,1.77,0
