Date,Sensor,soil_moisture,temperature,rainfall,irrigation,precipitation,eto,soil_moisture_previous,soil_moisture_change,rainfall_previous,eto_previous,irrigation_target,year,month,day_of_year,month_sin,month_cos,sensor_012384F3720B710DEE,sensor_2F71D1,sensor_C535C9,sensor_C535CA,sensor_C54762,sensor_C54986,sensor_C54992,sensor_C55D7C,sensor_C562C6,sensor_C58157
2021-04-19,2F71D1,0.1912156326666666,22.857142857142858,0.0,0.0,0.35,3.18,,,0.0,3.13,0,2021,4,109,0.8660254037844387,-0.4999999999999998,0,1,0,0,0,0,0,0,0,0
2021-04-20,2F71D1,0.1900650413333333,31.5,0.0,0.0,0.0,3.63,0.1912156326666666,-0.0011505913333333,0.35,3.18,0,2021,4,110,0.8660254037844387,-0.4999999999999998,0,1,0,0,0,0,0,0,0,0
2021-04-21,2F71D1,0.1892880520833333,19.25,0.0,0.0,0.0,3.82,0.1900650413333333,-0.0007769892499999,0.0,3.63,0,2021,4,111,0.8660254037844387,-0.4999999999999998,0,1,0,0,0,0,0,0,0,0
2021-04-22,2F71D1,0.1879698139166666,15.5,0.0,0.0,0.0,2.71,0.1892880520833333,-0.0013182381666666,0.0,3.82,0,2021,4,112,0.8660254037844387,-0.4999999999999998,0,1,0,0,0,0,0,0,0,0
2021-04-23,2F71D1,0.1869643125555555,8.333333333333334,0.0,1.0,0.0,3.8,0.1879698139166666,-0.0010055013611111,0.0,2.71,1,2021,4,113,0.8660254037844387,-0.4999999999999998,0,1,0,0,0,0,0,0,0,0
2021-04-24,2F71D1,0.1869807665833333,12.5,0.0,0.0,0.0,4.2,0.1869643125555555,1.64540277777514e-05,0.0,3.8,0,2021,4,114,0.8660254037844387,-0.4999999999999998,0,1,0,0,0,0,0,0,0,0
2021-04-26,2F71D1,0.1849331589333333,18.8,0.0,0.0,0.0,2.59,0.1869807665833333,-0.0020476076499999,0.0,4.2,0,2021,4,116,0.8660254037844387,-0.4999999999999998,0,1,0,0,0,0,0,0,0,0
2021-04-27,2F71D1,0.1847033886666667,25.5,0.0,0.0,0.0,3.16,0.1849331589333333,-0.0002297702666666,0.0,2.59,0,2021,4,117,0.8660254037844387,-0.4999999999999998,0,1,0,0,0,0,0,0,0,0
2021-04-28,2F71D1,0.1842489211111111,20.0,0.0,0.0,0.0,3.36,0.1847033886666667,-0.0004544675555555,0.0,3.16,0,2021,4,118,0.8660254037844387,-0.4999999999999998,0,1,0,0,0,0,0,0,0,0
2021-04-29,2F71D1,0.1830082255,14.5,0.0,0.0,1.04,2.19,0.1842489211111111,-0.001240695611111,0.0,3.36,0,2021,4,119,0.8660254037844387,-0.4999999999999998,0,1,0,0,0,0,0,0,0,0
2021-04-30,2F71D1,0.1824544833333333,9.0,0.0,0.0,0.23,1.78,0.1830082255,-0.0005537421666666,1.04,2.19,0,2021,4,120,0.8660254037844387,-0.4999999999999998,0,1,0,0,0,0,0,0,0,0
2021-05-01,2F71D1,0.1803265131666666,14.0,0.0,0.0,0.0,2.59,0.1824544833333333,-0.0021279701666666,0.23,1.78,0,2021,5,121,0.49999999999999994,-0.8660254037844387,0,1,0,0,0,0,0,0,0,0
2021-05-02,2F71D1,0.1793496836666666,14.2,0.0,0.0,0.0,3.48,0.1803265131666666,-0.0009768295,0.0,2.59,0,2021,5,122,0.49999999999999994,-0.8660254037844387,0,1,0,0,0,0,0,0,0,0
2021-05-03,2F71D1,0.1800962556666666,5.0,0.0,0.0,0.0,2.84,0.1793496836666666,0.000746572,0.0,3.48,0,2021,5,123,0.49999999999999994,-0.8660254037844387,0,1,0,0,0,0,0,0,0,0
2021-05-04,2F71D1,0.178617058,12.0,0.0,0.0,13.81,3.17,0.1800962556666666,-0.0014791976666666,0.0,2.84,0,2021,5,124,0.49999999999999994,-0.8660254037844387,0,1,0,0,0,0,0,0,0,0
2021-05-05,2F71D1,0.1884796908333333,10.5,0.0,0.0,3.59,2.17,0.178617058,0.0098626328333333,13.81,3.17,0,2021,5,125,0.49999999999999994,-0.8660254037844387,0,1,0,0,0,0,0,0,0,0
2021-05-06,2F71D1,0.1933955153333333,13.0,0.0,0.0,2.24,3.13,0.1884796908333333,0.0049158244999999,3.59,2.17,0,2021,5,126,0.49999999999999994,-0.8660254037844387,0,1,0,0,0,0,0,0,0,0
2021-05-07,2F71D1,0.1943823278888889,14.333333333333334,0.0,0.0,0.37,3.48,0.1933955153333333,0.0009868125555555,2.24,3.13,0,2021,5,127,0.49999999999999994,-0.8660254037844387,0,1,0,0,0,0,0,0,0,0
2021-05-08,2F71D1,0.1922419233333333,16.0,0.0,0.0,0.72,3.97,0.1943823278888889,-0.0021404045555555,0.37,3.48,0,2021,5,128,0.49999999999999994,-0.8660254037844387,0,1,0,0,0,0,0,0,0,0
2021-05-09,2F71D1,0.1915309761666666,25.0,0.0,0.0,1.19,4.13,0.1922419233333333,-0.0007109471666666,0.72,3.97,0,2021,5,129,0.49999999999999994,-0.8660254037844387,0,1,0,0,0,0,0,0,0,0
2021-05-10,2F71D1,0.1899852446666666,20.0,0.0,0.0,0.22,3.53,0.1915309761666666,-0.0015457315,1.19,4.13,0,2021,5,130,0.49999999999999994,-0.8660254037844387,0,1,0,0,0,0,0,0,0,0
2021-05-10,C535CA,0.1664039638333333,24.83333333333333,0.0,0.0,0.0,3.62,,,0.0,3.98,0,2021,5,130,0.49999999999999994,-0.8660254037844387,0,0,0,1,0,0,0,0,0,0
2021-05-10,C54762,0.1574409640666667,25.4,0.0,0.0,0.0,3.62,,,0.0,3.98,0,2021,5,130,0.49999999999999994,-0.8660254037844387,0,0,0,0,1,0,0,0,0,0
2021-05-10,C55D7C,0.1198018315,25.3,0.0,0.0,0.0,3.62,,,0.0,3.98,0,2021,5,130,0.49999999999999994,-0.8660254037844387,0,0,0,0,0,0,0,1,0,0
2021-05-11,2F71D1,0.1875235376666666,21.0,0.0,0.0,2.99,5.02,0.1899852446666666,-0.002461707,0.22,3.53,0,2021,5,131,0.49999999999999994,-0.8660254037844387,0,1,0,0,0,0,0,0,0,0
2021-05-11,C535CA,0.1646515376388888,20.666666666666668,0.0,0.0,0.0,4.9,0.1664039638333333,-0.0017524261944444,0.0,3.62,0,2021,5,131,0.49999999999999994,-0.8660254037844387,0,0,0,1,0,0,0,0,0,0
2021-05-11,C54762,0.1553694723055555,20.5,1.0,0.0,1.0,4.9,0.1574409640666667,-0.0020714917611111,0.0,3.62,0,2021,5,131,0.49999999999999994,-0.8660254037844387,0,0,0,0,1,0,0,0,0,0
2021-05-11,C55D7C,0.1187666990833333,20.5,0.6000000000000001,0.0,0.6,4.9,0.1198018315,-0.0010351324166666,0.0,3.62,0,2021,5,131,0.49999999999999994,-0.8660254037844387,0,0,0,0,0,0,0,1,0,0
2021-05-12,2F71D1,0.187637004,14.5,0.0,0.0,3.67,3.58,0.1875235376666666,0.0001134663333333,2.99,5.02,0,2021,5,132,0.49999999999999994,-0.8660254037844387,0,1,0,0,0,0,0,0,0,0
2021-05-12,C535CA,0.1633880803055555,23.25,0.0,0.0,0.0,3.5,0.1646515376388888,-0.0012634573333333,0.0,4.9,0,2021,5,132,0.49999999999999994,-0.8660254037844387,0,0,0,1,0,0,0,0,0,0
2021-05-12,C54762,0.1538102190833333,21.33333333333333,0.0,0.0,0.0,3.5,0.1553694723055555,-0.0015592532222222,1.0,4.9,0,2021,5,132,0.49999999999999994,-0.8660254037844387,0,0,0,0,1,0,0,0,0,0
2021-05-12,C55D7C,0.1172986929166666,21.83333333333333,0.0,0.0,0.0,3.5,0.1187666990833333,-0.0014680061666666,0.6,4.9,0,2021,5,132,0.49999999999999994,-0.8660254037844387,0,0,0,0,0,0,0,1,0,0
2021-05-13,2F71D1,0.1881712,18.0,0.0,0.0,0.0,3.72,0.187637004,0.000534196,3.67,3.58,0,2021,5,133,0.49999999999999994,-0.8660254037844387,0,1,0,0,0,0,0,0,0,0
2021-05-13,C535CA,0.16222083325,21.58333333333333,0.0,0.0,0.0,3.69,0.1633880803055555,-0.0011672470555555,0.0,3.5,0,2021,5,133,0.49999999999999994,-0.8660254037844387,0,0,0,1,0,0,0,0,0,0
2021-05-13,C54762,0.1519991941111111,20.416666666666668,0.0,0.0,0.0,3.69,0.1538102190833333,-0.0018110249722222,0.0,3.5,0,2021,5,133,0.49999999999999994,-0.8660254037844387,0,0,0,0,1,0,0,0,0,0
2021-05-13,C55D7C,0.1156354666111111,20.33333333333333,0.0,0.0,0.0,3.69,0.1172986929166666,-0.0016632263055555,0.0,3.5,0,2021,5,133,0.49999999999999994,-0.8660254037844387,0,0,0,0,0,0,0,1,0,0
2021-05-14,2F71D1,0.1870988543333333,16.0,0.0,0.0,2.62,4.33,0.1881712,-0.0010723456666666,0.0,3.72,0,2021,5,134,0.49999999999999994,-0.8660254037844387,0,1,0,0,0,0,0,0,0,0
2021-05-14,C535CA,0.1606376536666666,20.666666666666668,0.0,0.0,0.0,4.14,0.16222083325,-0.0015831795833333,0.0,3.69,0,2021,5,134,0.49999999999999994,-0.8660254037844387,0,0,0,1,0,0,0,0,0,0
2021-05-14,C54762,0.1499081954166666,18.58333333333333,2.0,0.0,2.0,4.14,0.1519991941111111,-0.0020909986944444,0.0,3.69,0,2021,5,134,0.49999999999999994,-0.8660254037844387,0,0,0,0,1,0,0,0,0,0
2021-05-14,C55D7C,0.11415275175,19.33333333333333,2.2,0.0,2.2,4.14,0.1156354666111111,-0.0014827148611111,0.0,3.69,0,2021,5,134,0.49999999999999994,-0.8660254037844387,0,0,0,0,0,0,0,1,0,0
2021-05-15,2F71D1,0.1875470843333333,15.0,0.0,0.0,4.36,5.05,0.1870988543333333,0.00044823,2.62,4.33,0,2021,5,135,0.49999999999999994,-0.8660254037844387,0,1,0,0,0,0,0,0,0,0
2021-05-15,C535CA,0.1619825596111111,18.166666666666668,0.0,0.0,0.0,4.55,0.1606376536666666,0.0013449059444444,0.0,4.14,0,2021,5,135,0.49999999999999994,-0.8660254037844387,0,0,0,1,0,0,0,0,0,0
2021-05-15,C54762,0.1501185712777777,17.166666666666668,5.6,0.0,5.6,4.55,0.1499081954166666,0.0002103758611111,2.0,4.14,0,2021,5,135,0.49999999999999994,-0.8660254037844387,0,0,0,0,1,0,0,0,0,0
2021-05-15,C55D7C,0.1150955383888888,16.916666666666668,4.4,0.0,4.4,4.55,0.11415275175,0.0009427866388888,2.2,4.14,0,2021,5,135,0.49999999999999994,-0.8660254037844387,0,0,0,0,0,0,0,1,0,0
2021-05-16,2F71D1,0.1894286966666666,18.0,0.0,0.0,6.37,4.03,0.1875470843333333,0.0018816123333333,4.36,5.05,0,2021,5,136,0.49999999999999994,-0.8660254037844387,0,1,0,0,0,0,0,0,0,0
2021-05-16,C535CA,0.1685583329444444,20.166666666666668,0.0,0.0,0.0,3.24,0.1619825596111111,0.0065757733333333,0.0,4.55,0,2021,5,136,0.49999999999999994,-0.8660254037844387,0,0,0,1,0,0,0,0,0,0
2021-05-16,C54762,0.1548746143888889,18.166666666666668,1.0,0.0,1.0,3.24,0.1501185712777777,0.0047560431111111,5.6,4.55,0,2021,5,136,0.49999999999999994,-0.8660254037844387,0,0,0,0,1,0,0,0,0,0
2021-05-16,C55D7C,0.1202002495277777,18.75,1.2,0.0,1.2,3.24,0.1150955383888888,0.0051047111388889,4.4,4.55,0,2021,5,136,0.49999999999999994,-0.8660254037844387,0,0,0,0,0,0,0,1,0,0
2021-05-17,C535CA,0.1691994225555555,17.583333333333332,2.2,0.0,2.2,2.87,0.1685583329444444,0.000641089611111,0.0,3.24,0,2021,5,137,0.49999999999999994,-0.8660254037844387,0,0,0,1,0,0,0,0,0,0
2021-05-17,C54762,0.1539222201666666,17.583333333333332,2.6,0.0,2.6,2.87,0.1548746143888889,-0.0009523942222222,1.0,3.24,0,2021,5,137,0.49999999999999994,-0.8660254037844387,0,0,0,0,1,0,0,0,0,0
2021-05-17,C55D7C,0.1213334948888889,18.0,2.0,0.0,2.0,2.87,0.1202002495277777,0.0011332453611111,1.2,3.24,0,2021,5,137,0.49999999999999994,-0.8660254037844387,0,0,0,0,0,0,0,1,0,0
2021-05-18,C535CA,0.1716724220833333,19.83333333333333,2.8,0.0,2.8,4.34,0.1691994225555555,0.0024729995277777,2.2,2.87,0,2021,5,138,0.49999999999999994,-0.8660254037844387,0,0,0,1,0,0,0,0,0,0
2021-05-18,C54762,0.1548421477777778,20.0,2.6,0.0,2.6,4.34,0.1539222201666666,0.0009199276111111,2.6,2.87,0,2021,5,138,0.49999999999999994,-0.8660254037844387,0,0,0,0,1,0,0,0,0,0
2021-05-18,C55D7C,0.1233409325277777,19.75,3.0000001,0.0,3.0,4.34,0.1213334948888889,0.0020074376388888,2.0,2.87,0,2021,5,138,0.49999999999999994,-0.8660254037844387,0,0,0,0,0,0,0,1,0,0
2021-05-19,C535CA,0.1707639086666666,17.916666666666668,7.4,0.0,7.4,3.99,0.1716724220833333,-0.0009085134166666,2.8,4.34,0,2021,5,139,0.49999999999999994,-0.8660254037844387,0,0,0,1,0,0,0,0,0,0
2021-05-19,C54762,0.1537191394722222,17.916666666666668,6.8,0.0,6.8,3.99,0.1548421477777778,-0.0011230083055555,2.6,4.34,0,2021,5,139,0.49999999999999994,-0.8660254037844387,0,0,0,0,1,0,0,0,0,0
2021-05-19,C55D7C,0.1235675944358974,18.23076923076923,7.0,0.0,7.0,3.99,0.1233409325277777,0.0002266619081196,3.0,4.34,0,2021,5,139,0.49999999999999994,-0.8660254037844387,0,0,0,0,0,0,0,1,0,0
2021-05-20,2F71D1,0.2027312412380952,21.857142857142858,0.0,0.0,0.03,1.89,0.1894286966666666,0.0133025445714285,6.37,4.03,0,2021,5,140,0.49999999999999994,-0.8660254037844387,0,1,0,0,0,0,0,0,0,0
2021-05-20,C535CA,0.1781921744615384,18.923076923076923,0.8,0.0,0.8,2.13,0.1707639086666666,0.0074282657948718,7.4,3.99,0,2021,5,140,0.49999999999999994,-0.8660254037844387,0,0,0,1,0,0,0,0,0,0
2021-05-20,C54762,0.1597780668333333,18.25,0.6,0.0,0.6,2.13,0.1537191394722222,0.006058927361111,6.8,3.99,0,2021,5,140,0.49999999999999994,-0.8660254037844387,0,0,0,0,1,0,0,0,0,0
2021-05-20,C55D7C,0.1298250612051282,18.53846153846154,1.6,0.0,1.6,2.13,0.1235675944358974,0.0062574667692307,7.0,3.99,0,2021,5,140,0.49999999999999994,-0.8660254037844387,0,0,0,0,0,0,0,1,0,0
2021-05-21,2F71D1,0.2005800646190476,18.285714285714285,0.0,0.0,2.51,3.43,0.2027312412380952,-0.0021511766190476,0.03,1.89,0,2021,5,141,0.49999999999999994,-0.8660254037844387,0,1,0,0,0,0,0,0,0,0
2021-05-21,C535CA,0.1753752110833333,20.916666666666668,0.0,0.0,0.0,3.52,0.1781921744615384,-0.0028169633782051,0.8,2.13,0,2021,5,141,0.49999999999999994,-0.8660254037844387,0,0,0,1,0,0,0,0,0,0
2021-05-21,C54762,0.1568847818333333,20.5,0.0,0.0,0.0,3.52,0.1597780668333333,-0.0028932849999999,0.6,2.13,0,2021,5,141,0.49999999999999994,-0.8660254037844387,0,0,0,0,1,0,0,0,0,0
2021-05-21,C55D7C,0.1297931947222222,20.83333333333333,0.0,0.0,0.0,3.52,0.1298250612051282,-3.1866482905984483e-05,1.6,2.13,0,2021,5,141,0.49999999999999994,-0.8660254037844387,0,0,0,0,0,0,0,1,0,0
2021-05-22,2F71D1,0.198102038,13.0,0.0,0.0,11.2,4.23,0.2005800646190476,-0.0024780266190476,2.51,3.43,0,2021,5,142,0.49999999999999994,-0.8660254037844387,0,1,0,0,0,0,0,0,0,0
2021-05-22,C535CA,0.1719048157499999,16.416666666666668,2.6,0.0,2.6,4.38,0.1753752110833333,-0.0034703953333333,0.0,3.52,0,2021,5,142,0.49999999999999994,-0.8660254037844387,0,0,0,1,0,0,0,0,0,0
2021-05-22,C54762,0.1528266372777777,16.5,2.8000000000000003,0.0,2.8,4.38,0.1568847818333333,-0.0040581445555555,0.0,3.52,0,2021,5,142,0.49999999999999994,-0.8660254037844387,0,0,0,0,1,0,0,0,0,0
2021-05-22,C55D7C,0.1270762653055555,16.083333333333332,2.4,0.0,2.4,4.38,0.1297931947222222,-0.0027169294166666,0.0,3.52,0,2021,5,142,0.49999999999999994,-0.8660254037844387,0,0,0,0,0,0,0,1,0,0
2021-05-23,C535CA,0.1733003674166666,18.916666666666668,1.8,0.0,1.8,2.83,0.1719048157499999,0.0013955516666666,2.6,4.38,0,2021,5,143,0.49999999999999994,-0.8660254037844387,0,0,0,1,0,0,0,0,0,0
2021-05-23,C54762,0.1537870408055555,18.916666666666668,2.0,0.0,2.0,2.83,0.1528266372777777,0.0009604035277777,2.8,4.38,0,2021,5,143,0.49999999999999994,-0.8660254037844387,0,0,0,0,1,0,0,0,0,0
2021-05-23,C55D7C,0.1279356463888889,18.83333333333333,1.8,0.0,1.8,2.83,0.1270762653055555,0.0008593810833333,2.4,4.38,0,2021,5,143,0.49999999999999994,-0.8660254037844387,0,0,0,0,0,0,0,1,0,0
2021-05-24,C535CA,0.1718508400277777,18.58333333333333,5.2,0.0,5.2,2.73,0.1733003674166666,-0.0014495273888888,1.8,2.83,0,2021,5,144,0.49999999999999994,-0.8660254037844387,0,0,0,1,0,0,0,0,0,0
2021-05-24,C54762,0.1520583621666666,19.0,5.4,0.0,5.4,2.73,0.1537870408055555,-0.0017286786388888,2.0,2.83,0,2021,5,144,0.49999999999999994,-0.8660254037844387,0,0,0,0,1,0,0,0,0,0
2021-05-24,C55D7C,0.1268599725277777,18.58333333333333,4.0,0.0,4.0,2.73,0.1279356463888889,-0.0010756738611111,1.8,2.83,0,2021,5,144,0.49999999999999994,-0.8660254037844387,0,0,0,0,0,0,0,1,0,0
2021-05-25,C535CA,0.1763525575555555,14.833333333333334,5.6000000000000005,0.0,5.6,3.42,0.1718508400277777,0.0045017175277778,5.2,2.73,0,2021,5,145,0.49999999999999994,-0.8660254037844387,0,0,0,1,0,0,0,0,0,0
2021-05-25,C54762,0.1563012736666666,15.166666666666666,5.8,0.0,5.8,3.42,0.1520583621666666,0.0042429115,5.4,2.73,0,2021,5,145,0.49999999999999994,-0.8660254037844387,0,0,0,0,1,0,0,0,0,0
2021-05-25,C55D7C,0.1294068143611111,14.666666666666666,5.0,0.0,5.0,3.42,0.1268599725277777,0.0025468418333333,4.0,2.73,0,2021,5,145,0.49999999999999994,-0.8660254037844387,0,0,0,0,0,0,0,1,0,0
2021-05-26,C535CA,0.1831333967222222,18.0,2.4000000000000004,0.0,2.4,3.54,0.1763525575555555,0.0067808391666666,5.6,3.42,0,2021,5,146,0.49999999999999994,-0.8660254037844387,0,0,0,1,0,0,0,0,0,0
2021-05-26,C54762,0.1622330740833333,17.916666666666668,1.4,0.0,1.4,3.54,0.1563012736666666,0.0059318004166666,5.8,3.42,0,2021,5,146,0.49999999999999994,-0.8660254037844387,0,0,0,0,1,0,0,0,0,0
2021-05-26,C55D7C,0.1366236867777777,18.33333333333333,2.4,0.0,2.4,3.54,0.1294068143611111,0.0072168724166666,5.0,3.42,0,2021,5,146,0.49999999999999994,-0.8660254037844387,0,0,0,0,0,0,0,1,0,0
2021-05-27,2F71D1,0.2236569691666667,14.0,0.0,0.0,0.0,4.01,0.198102038,0.0255549311666666,11.2,4.23,0,2021,5,147,0.49999999999999994,-0.8660254037844387,0,1,0,0,0,0,0,0,0,0
2021-05-27,C535CA,0.1812949144444444,17.333333333333332,0.0,0.0,0.0,3.81,0.1831333967222222,-0.0018384822777777,2.4,3.54,0,2021,5,147,0.49999999999999994,-0.8660254037844387,0,0,0,1,0,0,0,0,0,0
2021-05-27,C54762,0.15902583625,17.583333333333332,0.0,0.0,0.0,3.81,0.1622330740833333,-0.0032072378333333,1.4,3.54,0,2021,5,147,0.49999999999999994,-0.8660254037844387,0,0,0,0,1,0,0,0,0,0
2021-05-27,C55D7C,0.1369104614722222,17.25,0.0,0.0,0.0,3.81,0.1366236867777777,0.0002867746944444,2.4,3.54,0,2021,5,147,0.49999999999999994,-0.8660254037844387,0,0,0,0,0,0,0,1,0,0
2021-05-28,2F71D1,0.2203052029444444,18.416666666666668,0.0,0.0,0.0,3.67,0.2236569691666667,-0.0033517662222222,0.0,4.01,0,2021,5,148,0.49999999999999994,-0.8660254037844387,0,1,0,0,0,0,0,0,0,0
2021-05-28,C535CA,0.1773669185,20.25,0.0,0.0,0.0,3.62,0.1812949144444444,-0.0039279959444444,0.0,3.81,0,2021,5,148,0.49999999999999994,-0.8660254037844387,0,0,0,1,0,0,0,0,0,0
2021-05-28,C54762,0.1546148704722222,20.0,0.0,0.0,0.0,3.62,0.15902583625,-0.0044109657777777,0.0,3.81,0,2021,5,148,0.49999999999999994,-0.8660254037844387,0,0,0,0,1,0,0,0,0,0
2021-05-28,C55D7C,0.1337869118333333,20.33333333333333,0.0,0.0,0.0,3.62,0.1369104614722222,-0.0031235496388888,0.0,3.81,0,2021,5,148,0.49999999999999994,-0.8660254037844387,0,0,0,0,0,0,0,1,0,0
2021-05-29,2F71D1,0.2144590686944444,23.166666666666668,0.0,0.0,0.0,2.22,0.2203052029444444,-0.0058461342499999,0.0,3.67,0,2021,5,149,0.49999999999999994,-0.8660254037844387,0,1,0,0,0,0,0,0,0,0
2021-05-29,C535CA,0.1732447926388889,22.58333333333333,0.0,0.0,0.0,1.77,0.1773669185,-0.0041221258611111,0.0,3.62,0,2021,5,149,0.49999999999999994,-0.8660254037844387,0,0,0,1,0,0,0,0,0,0
2021-05-29,C54762,0.1495922214166666,21.666666666666668,0.0,0.0,0.0,1.77,0.1546148704722222,-0.0050226490555555,0.0,3.62,0,2021,5,149,0.49999999999999994,-0.8660254037844387,0,0,0,0,1,0,0,0,0,0
2021-05-29,C55D7C,0.1292149642777778,22.5,0.0,0.0,0.0,1.77,0.1337869118333333,-0.0045719475555555,0.0,3.62,0,2021,5,149,0.49999999999999994,-0.8660254037844387,0,0,0,0,0,0,0,1,0,0
2021-05-30,2F71D1,0.2091434303636363,23.454545454545453,0.0,0.0,0.0,2.55,0.2144590686944444,-0.005315638330808,0.0,2.22,0,2021,5,150,0.49999999999999994,-0.8660254037844387,0,1,0,0,0,0,0,0,0,0
2021-05-30,C535CA,0.1696637600277777,24.08333333333333,0.0,0.0,0.0,2.63,0.1732447926388889,-0.0035810326111111,0.0,1.77,0,2021,5,150,0.49999999999999994,-0.8660254037844387,0,0,0,1,0,0,0,0,0,0
2021-05-30,C54762,0.1448811608055555,23.666666666666668,0.0,0.0,0.0,2.63,0.1495922214166666,-0.0047110606111111,0.0,1.77,0,2021,5,150,0.49999999999999994,-0.8660254037844387,0,0,0,0,1,0,0,0,0,0
2021-05-30,C55D7C,0.1246743727777777,24.416666666666668,0.0,0.0,0.0,2.63,0.1292149642777778,-0.0045405915,0.0,1.77,0,2021,5,150,0.49999999999999994,-0.8660254037844387,0,0,0,0,0,0,0,1,0,0
2021-05-31,2F71D1,0.202931474074074,29.55555555555556,0.0,0.0,0.0,3.16,0.2091434303636363,-0.0062119562895622,0.0,2.55,0,2021,5,151,0.49999999999999994,-0.8660254037844387,0,1,0,0,0,0,0,0,0,0
2021-05-31,C535CA,0.1661912805277777,26.33333333333333,0.0,0.0,0.0,3.28,0.1696637600277777,-0.0034724794999999,0.0,2.63,0,2021,5,151,0.49999999999999994,-0.8660254037844387,0,0,0,1,0,0,0,0,0,0
2021-05-31,C54762,0.1403039990833333,25.5,0.0,0.0,0.0,3.28,0.1448811608055555,-0.0045771617222222,0.0,2.63,0,2021,5,151,0.49999999999999994,-0.8660254037844387,0,0,0,0,1,0,0,0,0,0
2021-05-31,C55D7C,0.1201910590277777,26.33333333333333,0.0,0.0,0.0,3.28,0.1246743727777777,-0.0044833137499999,0.0,2.63,0,2021,5,151,0.49999999999999994,-0.8660254037844387,0,0,0,0,0,0,0,1,0,0
2021-06-01,2F71D1,0.1962865798787878,26.818181818181817,0.0,0.0,0.0,3.24,0.202931474074074,-0.0066448941952862,0.0,3.16,0,2021,6,152,1.2246467991473532e-16,-1.0,0,1,0,0,0,0,0,0,0,0
2021-06-01,C535CA,0.1628494388888889,27.08333333333333,0.0,0.0,0.0,2.76,0.1661912805277777,-0.0033418416388888,0.0,3.28,0,2021,6,152,1.2246467991473532e-16,-1.0,0,0,0,1,0,0,0,0,0,0
2021-06-01,C54762,0.1361552780555555,26.08333333333333,0.0,0.0,0.0,2.76,0.1403039990833333,-0.0041487210277777,0.0,3.28,0,2021,6,152,1.2246467991473532e-16,-1.0,0,0,0,0,1,0,0,0,0,0
2021-06-01,C55D7C,0.1155835940277777,26.75,0.0,0.0,0.0,2.76,0.1201910590277777,-0.004607465,0.0,3.28,0,2021,6,152,1.2246467991473532e-16,-1.0,0,0,0,0,0,0,0,1,0,0
2021-06-02,2F71D1,0.1915436897083333,18.416666666666668,0.0,0.0,5.09,4.13,0.1962865798787878,-0.0047428901704545,0.0,3.24,0,2021,6,153,1.2246467991473532e-16,-1.0,0,1,0,0,0,0,0,0,0,0
2021-06-02,C535CA,0.1595889648333333,29.08333333333333,0.0,0.0,0.0,4.27,0.1628494388888889,-0.0032604740555555,0.0,2.76,0,2021,6,153,1.2246467991473532e-16,-1.0,0,0,0,1,0,0,0,0,0,0
2021-06-02,C54762,0.132021444,28.58333333333333,0.0,0.0,0.0,4.27,0.1361552780555555,-0.0041338340555555,0.0,2.76,0,2021,6,153,1.2246467991473532e-16,-1.0,0,0,0,0,1,0,0,0,0,0
2021-06-02,C55D7C,0.1109009793055555,29.25,0.0,0.0,0.0,4.27,0.1155835940277777,-0.0046826147222222,0.0,2.76,0,2021,6,153,1.2246467991473532e-16,-1.0,0,0,0,0,0,0,0,1,0,0
2021-06-03,C535CA,0.1577642093055555,27.58333333333333,10.0,0.0,10.0,4.63,0.1595889648333333,-0.0018247555277777,0.0,4.27,0,2021,6,154,1.2246467991473532e-16,-1.0,0,0,0,1,0,0,0,0,0,0
2021-06-03,C54762,0.1279230251388889,28.25,5.8000001,0.0,5.8,4.63,0.132021444,-0.0040984188611111,0.0,4.27,0,2021,6,154,1.2246467991473532e-16,-1.0,0,0,0,0,1,0,0,0,0,0
2021-06-03,C55D7C,0.1073719056153846,28.615384615384617,8.2000003,0.0,8.2,4.63,0.1109009793055555,-0.0035290736901709,0.0,4.27,0,2021,6,154,1.2246467991473532e-16,-1.0,0,0,0,0,0,0,0,1,0,0
2021-06-03,C58157,0.1204480250952381,30.33333333333333,0.0,0.0,0.8,4.13,,,0.2,4.41,0,2021,6,154,1.2246467991473532e-16,-1.0,0,0,0,0,0,0,0,0,0,1
2021-06-04,C535CA,0.1612878601111111,28.166666666666668,0.6,0.0,0.6,5.22,0.1577642093055555,0.0035236508055555,10.0,4.63,0,2021,6,155,1.2246467991473532e-16,-1.0,0,0,0,1,0,0,0,0,0,0
2021-06-04,C54762,0.1273683272222222,28.166666666666668,0.8,0.0,0.8,5.22,0.1279230251388889,-0.0005546979166666,5.8,4.63,0,2021,6,155,1.2246467991473532e-16,-1.0,0,0,0,0,1,0,0,0,0,0
2021-06-04,C55D7C,0.1104366382777777,28.08333333333333,0.4,0.0,0.4,5.22,0.1073719056153846,0.0030647326623931,8.2,4.63,0,2021,6,155,1.2246467991473532e-16,-1.0,0,0,0,0,0,0,0,1,0,0
2021-06-04,C58157,0.1415708525555555,27.666666666666668,0.0,7.7,6.6,5.32,0.1204480250952381,0.0211228274603174,0.8,4.13,1,2021,6,155,1.2246467991473532e-16,-1.0,0,0,0,0,0,0,0,0,0,1
2021-06-05,C535CA,0.160772095,22.5,0.0,0.0,0.0,1.57,0.1612878601111111,-0.000515765111111,0.6,5.22,0,2021,6,156,1.2246467991473532e-16,-1.0,0,0,0,1,0,0,0,0,0,0
2021-06-05,C54762,0.1272265487777777,22.83333333333333,0.0,0.0,0.0,1.57,0.1273683272222222,-0.0001417784444444,0.8,5.22,0,2021,6,156,1.2246467991473532e-16,-1.0,0,0,0,0,1,0,0,0,0,0
2021-06-05,C55D7C,0.1086589366388888,22.33333333333333,0.0,0.0,0.0,1.57,0.1104366382777777,-0.0017777016388888,0.4,5.22,0,2021,6,156,1.2246467991473532e-16,-1.0,0,0,0,0,0,0,0,1,0,0
2021-06-05,C58157,0.2064751724444444,22.08333333333333,0.0,0.0,0.4,1.41,0.1415708525555555,0.0649043198888889,6.6,5.32,0,2021,6,156,1.2246467991473532e-16,-1.0,0,0,0,0,0,0,0,0,0,1
2021-06-06,C535CA,0.1595923382222222,23.166666666666668,0.0,0.0,0.0,3.49,0.160772095,-0.0011797567777777,0.0,1.57,0,2021,6,157,1.2246467991473532e-16,-1.0,0,0,0,1,0,0,0,0,0,0
2021-06-06,C54762,0.1273039591388889,23.58333333333333,0.0,0.0,0.0,3.49,0.1272265487777777,7.741036111111321e-05,0.0,1.57,0,2021,6,157,1.2246467991473532e-16,-1.0,0,0,0,0,1,0,0,0,0,0
2021-06-06,C55D7C,0.1040769229722222,23.416666666666668,0.0,0.0,0.0,3.49,0.1086589366388888,-0.0045820136666666,0.0,1.57,0,2021,6,157,1.2246467991473532e-16,-1.0,0,0,0,0,0,0,0,1,0,0
2021-06-06,C58157,0.1885293213888889,25.75,0.0,5.24,0.0,3.54,0.2064751724444444,-0.0179458510555555,0.4,1.41,1,2021,6,157,1.2246467991473532e-16,-1.0,0,0,0,0,0,0,0,0,0,1
2021-06-07,2F71D1,0.1983312227,14.636363636363637,0.0,0.0,0.0,2.6,,,0.0,2.96,0,2021,6,158,1.2246467991473532e-16,-1.0,0,1,0,0,0,0,0,0,0,0
2021-06-07,C535CA,0.15727312175,26.0,0.0,0.0,0.0,1.88,0.1595923382222222,-0.0023192164722222,0.0,3.49,0,2021,6,158,1.2246467991473532e-16,-1.0,0,0,0,1,0,0,0,0,0,0
2021-06-07,C54762,0.1241481658717948,24.923076923076923,0.0,0.0,0.0,1.88,0.1273039591388889,-0.003155793267094,0.0,3.49,0,2021,6,158,1.2246467991473532e-16,-1.0,0,0,0,0,1,0,0,0,0,0
2021-06-07,C55D7C,0.1003911631944444,25.666666666666668,0.0,0.0,0.0,1.88,0.1040769229722222,-0.0036857597777777,0.0,3.49,0,2021,6,158,1.2246467991473532e-16,-1.0,0,0,0,0,0,0,0,1,0,0
2021-06-07,C58157,0.2045853998611111,26.166666666666668,0.0,7.18,0.0,2.22,0.1885293213888889,0.0160560784722222,0.0,3.54,1,2021,6,158,1.2246467991473532e-16,-1.0,0,0,0,0,0,0,0,0,0,1
2021-06-08,2F71D1,0.1935618378939394,27.227272727272727,0.0,0.0,0.0,1.63,0.1983312227,-0.0047693848060605,0.0,2.6,0,2021,6,159,1.2246467991473532e-16,-1.0,0,1,0,0,0,0,0,0,0,0
2021-06-08,C535CA,0.1548173446944444,28.08333333333333,0.0,0.0,0.0,1.43,0.15727312175,-0.0024557770555555,0.0,1.88,0,2021,6,159,1.2246467991473532e-16,-1.0,0,0,0,1,0,0,0,0,0,0
2021-06-08,C54762,0.1191709328055555,26.83333333333333,0.0,0.0,0.0,1.43,0.1241481658717948,-0.0049772330662393,0.0,1.88,0,2021,6,159,1.2246467991473532e-16,-1.0,0,0,0,0,1,0,0,0,0,0
2021-06-08,C55D7C,0.0956774861111111,27.58333333333333,0.0,0.0,0.0,1.43,0.1003911631944444,-0.0047136770833333,0.0,1.88,0,2021,6,159,1.2246467991473532e-16,-1.0,0,0,0,0,0,0,0,1,0,0
2021-06-08,C58157,0.2071619793333333,26.916666666666668,0.0,5.63,0.0,1.61,0.2045853998611111,0.0025765794722222,0.0,2.22,1,2021,6,159,1.2246467991473532e-16,-1.0,0,0,0,0,0,0,0,0,0,1
2021-06-09,2F71D1,0.1863248999523809,23.043478260869566,0.0,0.0,0.0,3.58,0.1935618378939394,-0.0072369379415584,0.0,1.63,0,2021,6,160,1.2246467991473532e-16,-1.0,0,1,0,0,0,0,0,0,0,0
2021-06-09,C535CA,0.1521263218333333,28.83333333333333,0.0,0.0,0.0,2.55,0.1548173446944444,-0.0026910228611111,0.0,1.43,0,2021,6,160,1.2246467991473532e-16,-1.0,0,0,0,1,0,0,0,0,0,0
2021-06-09,C54762,0.1126478525833333,27.916666666666668,0.0,0.0,0.0,2.55,0.1191709328055555,-0.0065230802222222,0.0,1.43,0,2021,6,160,1.2246467991473532e-16,-1.0,0,0,0,0,1,0,0,0,0,0
2021-06-09,C55D7C,0.0902330676666666,28.33333333333333,0.0,0.0,0.0,2.55,0.0956774861111111,-0.0054444184444444,0.0,1.43,0,2021,6,160,1.2246467991473532e-16,-1.0,0,0,0,0,0,0,0,1,0,0
2021-06-09,C58157,0.2127541452222222,27.33333333333333,0.0,5.55,0.0,3.36,0.2071619793333333,0.0055921658888888,0.0,1.61,1,2021,6,160,1.2246467991473532e-16,-1.0,0,0,0,0,0,0,0,0,0,1
2021-06-10,2F71D1,0.1788160944833333,24.571428571428573,0.0,0.0,0.39,3.47,0.1863248999523809,-0.0075088054690476,0.0,3.58,0,2021,6,161,1.2246467991473532e-16,-1.0,0,1,0,0,0,0,0,0,0,0
2021-06-10,C535CA,0.1496531701944444,29.58333333333333,0.0,0.0,0.0,2.87,0.1521263218333333,-0.0024731516388888,0.0,2.55,0,2021,6,161,1.2246467991473532e-16,-1.0,0,0,0,1,0,0,0,0,0,0
2021-06-10,C54762,0.1055981465833333,28.666666666666668,0.0,0.0,0.0,2.87,0.1126478525833333,-0.007049706,0.0,2.55,0,2021,6,161,1.2246467991473532e-16,-1.0,0,0,0,0,1,0,0,0,0,0
2021-06-10,C55D7C,0.0852982928888888,29.5,0.0,0.0,0.0,2.87,0.0902330676666666,-0.0049347747777777,0.0,2.55,0,2021,6,161,1.2246467991473532e-16,-1.0,0,0,0,0,0,0,0,1,0,0
2021-06-10,C58157,0.2044353109444444,28.166666666666668,0.0,5.91,0.0,3.87,0.2127541452222222,-0.0083188342777777,0.0,3.36,1,2021,6,161,1.2246467991473532e-16,-1.0,0,0,0,0,0,0,0,0,0,1
2021-06-11,2F71D1,0.171459664090909,26.954545454545453,0.0,0.0,0.4,4.53,0.1788160944833333,-0.0073564303924242,0.39,3.47,0,2021,6,162,1.2246467991473532e-16,-1.0,0,1,0,0,0,0,0,0,0,0
2021-06-11,C535CA,0.1470153577222222,29.75,0.0,0.0,0.0,4.43,0.1496531701944444,-0.0026378124722222,0.0,2.87,0,2021,6,162,1.2246467991473532e-16,-1.0,0,0,0,1,0,0,0,0,0,0
2021-06-11,C54762,0.0979178446666666,29.58333333333333,0.0,0.0,0.0,4.43,0.1055981465833333,-0.0076803019166666,0.0,2.87,0,2021,6,162,1.2246467991473532e-16,-1.0,0,0,0,0,1,0,0,0,0,0
2021-06-11,C55D7C,0.0804614063888888,29.75,0.0,0.0,0.0,4.43,0.0852982928888888,-0.0048368864999999,0.0,2.87,0,2021,6,162,1.2246467991473532e-16,-1.0,0,0,0,0,0,0,0,1,0,0
2021-06-11,C58157,0.2018505365555555,28.5,0.0,5.23,0.0,4.37,0.2044353109444444,-0.0025847743888889,0.0,3.87,1,2021,6,162,1.2246467991473532e-16,-1.0,0,0,0,0,0,0,0,0,0,1
2021-06-12,2F71D1,0.1664457441969697,23.363636363636363,0.0,0.0,0.86,4.59,0.171459664090909,-0.0050139198939393,0.4,4.53,0,2021,6,163,1.2246467991473532e-16,-1.0,0,1,0,0,0,0,0,0,0,0
2021-06-12,C535CA,0.1451199468333333,25.33333333333333,0.0,0.0,0.0,4.62,0.1470153577222222,-0.0018954108888888,0.0,4.43,0,2021,6,163,1.2246467991473532e-16,-1.0,0,0,0,1,0,0,0,0,0,0
2021-06-12,C54762,0.0928236466944444,25.5,0.0,0.0,0.0,4.62,0.0979178446666666,-0.0050941979722222,0.0,4.43,0,2021,6,163,1.2246467991473532e-16,-1.0,0,0,0,0,1,0,0,0,0,0
2021-06-12,C55D7C,0.0765672271111111,25.83333333333333,0.0,0.0,0.0,4.62,0.0804614063888888,-0.0038941792777777,0.0,4.43,0,2021,6,163,1.2246467991473532e-16,-1.0,0,0,0,0,0,0,0,1,0,0
2021-06-12,C58157,0.2044457319166666,24.83333333333333,0.0,5.57,0.0,4.54,0.2018505365555555,0.0025951953611111,0.0,4.37,1,2021,6,163,1.2246467991473532e-16,-1.0,0,0,0,0,0,0,0,0,0,1
2021-06-13,2F71D1,0.1620314213181818,25.0,0.0,0.0,0.37,4.11,0.1664457441969697,-0.0044143228787878,0.86,4.59,0,2021,6,164,1.2246467991473532e-16,-1.0,0,1,0,0,0,0,0,0,0,0
2021-06-13,C535CA,0.1437940970833333,26.08333333333333,0.0,0.0,0.0,3.79,0.1451199468333333,-0.0013258497499999,0.0,4.62,0,2021,6,164,1.2246467991473532e-16,-1.0,0,0,0,1,0,0,0,0,0,0
2021-06-13,C54762,0.0890585618611111,24.916666666666668,0.0,0.0,0.0,3.79,0.0928236466944444,-0.0037650848333333,0.0,4.62,0,2021,6,164,1.2246467991473532e-16,-1.0,0,0,0,0,1,0,0,0,0,0
2021-06-13,C55D7C,0.073434414,26.416666666666668,0.0,0.0,0.0,3.79,0.0765672271111111,-0.0031328131111111,0.0,4.62,0,2021,6,164,1.2246467991473532e-16,-1.0,0,0,0,0,0,0,0,1,0,0
2021-06-13,C58157,0.20523907675,25.58333333333333,0.0,5.16,0.0,3.88,0.2044457319166666,0.0007933448333333,0.0,4.54,1,2021,6,164,1.2246467991473532e-16,-1.0,0,0,0,0,0,0,0,0,0,1
2021-06-14,2F71D1,0.1661430534666666,26.1,0.0,12.0,0.0,4.73,0.1620314213181818,0.0041116321484848,0.37,4.11,1,2021,6,165,1.2246467991473532e-16,-1.0,0,1,0,0,0,0,0,0,0,0
2021-06-14,C535CA,0.1603606296944444,28.166666666666668,30.6,0.0,30.6,4.64,0.1437940970833333,0.0165665326111111,0.0,3.79,0,2021,6,165,1.2246467991473532e-16,-1.0,0,0,0,1,0,0,0,0,0,0
2021-06-14,C54762,0.0826718792777777,28.916666666666668,0.0,0.0,0.0,4.64,0.0890585618611111,-0.0063866825833333,0.0,3.79,0,2021,6,165,1.2246467991473532e-16,-1.0,0,0,0,0,1,0,0,0,0,0
2021-06-14,C55D7C,0.0701671618333333,29.58333333333333,0.0,0.0,0.0,4.64,0.073434414,-0.0032672521666666,0.0,3.79,0,2021,6,165,1.2246467991473532e-16,-1.0,0,0,0,0,0,0,0,1,0,0
2021-06-14,C58157,0.2011431845,28.666666666666668,0.0,4.78,0.0,4.53,0.20523907675,-0.00409589225,0.0,3.88,1,2021,6,165,1.2246467991473532e-16,-1.0,0,0,0,0,0,0,0,0,0,1
2021-06-15,2F71D1,0.1862537113787879,28.59090909090909,0.0,8.0,0.0,5.25,0.1661430534666666,0.0201106579121212,0.0,4.73,1,2021,6,166,1.2246467991473532e-16,-1.0,0,1,0,0,0,0,0,0,0,0
2021-06-15,C535CA,0.2066856429722222,27.83333333333333,0.0,0.0,0.0,5.24,0.1603606296944444,0.0463250132777777,30.6,4.64,0,2021,6,166,1.2246467991473532e-16,-1.0,0,0,0,1,0,0,0,0,0,0
2021-06-15,C54762,0.0746699939722222,28.08333333333333,0.0,0.0,0.0,5.24,0.0826718792777777,-0.0080018853055555,0.0,4.64,0,2021,6,166,1.2246467991473532e-16,-1.0,0,0,0,0,1,0,0,0,0,0
2021-06-15,C55D7C,0.0667511187222222,28.83333333333333,0.0,0.0,0.0,5.24,0.0701671618333333,-0.0034160431111111,0.0,4.64,0,2021,6,166,1.2246467991473532e-16,-1.0,0,0,0,0,0,0,0,1,0,0
2021-06-15,C58157,0.1911853232222222,29.08333333333333,0.0,4.75,0.0,5.05,0.2011431845,-0.0099578612777777,0.0,4.53,1,2021,6,166,1.2246467991473532e-16,-1.0,0,0,0,0,0,0,0,0,0,1
2021-06-16,2F71D1,0.1880883466,30.85,0.0,0.0,0.0,5.28,0.1862537113787879,0.0018346352212121,0.0,5.25,0,2021,6,167,1.2246467991473532e-16,-1.0,0,1,0,0,0,0,0,0,0,0
2021-06-16,C535CA,0.1906625689090909,31.09090909090909,0.0,0.0,0.0,5.45,0.2066856429722222,-0.0160230740631313,0.0,5.24,0,2021,6,167,1.2246467991473532e-16,-1.0,0,0,0,1,0,0,0,0,0,0
2021-06-16,C54762,0.0678110772121212,31.09090909090909,0.0,0.0,0.0,5.45,0.0746699939722222,-0.006858916760101,0.0,5.24,0,2021,6,167,1.2246467991473532e-16,-1.0,0,0,0,0,1,0,0,0,0,0
2021-06-16,C55D7C,0.0693490945151515,30.727272727272727,14.400001,0.0,14.4,5.45,0.0667511187222222,0.0025979757929292,0.0,5.24,0,2021,6,167,1.2246467991473532e-16,-1.0,0,0,0,0,0,0,0,1,0,0
2021-06-16,C58157,0.2013479002222222,31.416666666666668,0.0,4.48,0.0,5.05,0.1911853232222222,0.010162577,0.0,5.05,1,2021,6,167,1.2246467991473532e-16,-1.0,0,0,0,0,0,0,0,0,0,1
2021-06-17,2F71D1,0.1708870272083333,34.125,0.0,0.0,0.03,5.63,0.1880883466,-0.0172013193916666,0.0,5.28,0,2021,6,168,1.2246467991473532e-16,-1.0,0,1,0,0,0,0,0,0,0,0
2021-06-17,C535CA,0.1793151871388888,33.083333333333336,0.0,0.0,0.0,5.34,0.1906625689090909,-0.011347381770202,0.0,5.45,0,2021,6,168,1.2246467991473532e-16,-1.0,0,0,0,1,0,0,0,0,0,0
2021-06-17,C54762,0.1014290601388889,30.5,43.600001,0.0,43.6,5.35,0.0678110772121212,0.0336179829267676,0.0,5.45,0,2021,6,168,1.2246467991473532e-16,-1.0,0,0,0,0,1,0,0,0,0,0
2021-06-17,C55D7C,0.07351684925,32.333333333333336,17.0,0.0,17.0,5.34,0.0693490945151515,0.0041677547348484,14.4,5.45,0,2021,6,168,1.2246467991473532e-16,-1.0,0,0,0,0,0,0,0,1,0,0
2021-06-17,C58157,0.2024473895833333,32.333333333333336,0.0,4.83,0.0,5.81,0.2013479002222222,0.001099489361111,0.0,5.05,1,2021,6,168,1.2246467991473532e-16,-1.0,0,0,0,0,0,0,0,0,0,1
2021-06-18,2F71D1,0.1705126478,31.55,0.0,0.0,16.49,5.8,0.1708870272083333,-0.0003743794083333,0.03,5.63,0,2021,6,169,1.2246467991473532e-16,-1.0,0,1,0,0,0,0,0,0,0,0
2021-06-18,C535CA,0.1710078721111111,33.5,0.0,0.0,0.0,6.08,0.1793151871388888,-0.0083073150277777,0.0,5.34,0,2021,6,169,1.2246467991473532e-16,-1.0,0,0,0,1,0,0,0,0,0,0
2021-06-18,C54762,0.1756261398333333,32.0,0.0,0.0,0.0,6.08,0.1014290601388889,0.0741970796944444,43.6,5.35,0,2021,6,169,1.2246467991473532e-16,-1.0,0,0,0,0,1,0,0,0,0,0
2021-06-18,C55D7C,0.0993913231388888,32.166666666666664,0.0,0.0,0.0,6.08,0.07351684925,0.0258744738888888,17.0,5.34,0,2021,6,169,1.2246467991473532e-16,-1.0,0,0,0,0,0,0,0,1,0,0
2021-06-18,C58157,0.2186752078888889,32.25,0.0,0.0,12.0,6.51,0.2024473895833333,0.0162278183055555,0.0,5.81,0,2021,6,169,1.2246467991473532e-16,-1.0,0,0,0,0,0,0,0,0,0,1
2021-06-19,2F71D1,0.1705925872807017,25.31578947368421,0.0,0.0,3.5,2.9,0.1705126478,7.993948070175727e-05,16.49,5.8,0,2021,6,170,1.2246467991473532e-16,-1.0,0,1,0,0,0,0,0,0,0,0
2021-06-19,C535CA,0.1640292244444444,31.5,1.0,0.0,1.0,3.98,0.1710078721111111,-0.0069786476666666,0.0,6.08,0,2021,6,170,1.2246467991473532e-16,-1.0,0,0,0,1,0,0,0,0,0,0
2021-06-19,C54762,0.1503654892777778,29.75,1.8000001,0.0,1.8,3.98,0.1756261398333333,-0.0252606505555555,0.0,6.08,0,2021,6,170,1.2246467991473532e-16,-1.0,0,0,0,0,1,0,0,0,0,0
2021-06-19,C55D7C,0.0995122630833333,30.916666666666668,1.0,0.0,1.0,3.98,0.0993913231388888,0.0001209399444444,0.0,6.08,0,2021,6,170,1.2246467991473532e-16,-1.0,0,0,0,0,0,0,0,1,0,0
2021-06-19,C58157,0.1806659256666666,27.33333333333333,0.0,0.0,1.2,3.87,0.2186752078888889,-0.0380092822222222,12.0,6.51,0,2021,6,170,1.2246467991473532e-16,-1.0,0,0,0,0,0,0,0,0,0,1
2021-06-20,2F71D1,0.1688521268095238,27.19047619047619,0.0,0.0,0.46,4.34,0.1705925872807017,-0.0017404604711779,3.5,2.9,0,2021,6,171,1.2246467991473532e-16,-1.0,0,1,0,0,0,0,0,0,0,0
2021-06-20,C535CA,0.1663428286111111,28.75,14.2,0.0,14.2,3.9,0.1640292244444444,0.0023136041666666,1.0,3.98,0,2021,6,171,1.2246467991473532e-16,-1.0,0,0,0,1,0,0,0,0,0,0
2021-06-20,C54762,0.1614762377222222,28.5,10.0,0.0,10.0,3.9,0.1503654892777778,0.0111107484444444,1.8,3.98,0,2021,6,171,1.2246467991473532e-16,-1.0,0,0,0,0,1,0,0,0,0,0
2021-06-20,C55D7C,0.1189960009444444,28.916666666666668,13.2,0.0,13.2,3.9,0.0995122630833333,0.0194837378611111,1.0,3.98,0,2021,6,171,1.2246467991473532e-16,-1.0,0,0,0,0,0,0,0,1,0,0
2021-06-20,C58157,0.1863320885833333,28.916666666666668,0.0,0.0,2.8,3.67,0.1806659256666666,0.0056661629166667,1.2,3.87,0,2021,6,171,1.2246467991473532e-16,-1.0,0,0,0,0,0,0,0,0,0,1
2021-06-21,2F71D1,0.2000966888333333,21.75,0.0,0.0,21.73,2.85,0.1688521268095238,0.0312445620238095,0.46,4.34,0,2021,6,172,1.2246467991473532e-16,-1.0,0,1,0,0,0,0,0,0,0,0
2021-06-21,C535CA,0.1999438554166666,23.166666666666668,17.8,0.0,17.8,3.43,0.1663428286111111,0.0336010268055555,14.2,3.9,0,2021,6,172,1.2246467991473532e-16,-1.0,0,0,0,1,0,0,0,0,0,0
2021-06-21,C54762,0.1968243353333333,23.166666666666668,19.6,0.0,19.6,3.43,0.1614762377222222,0.0353480976111111,10.0,3.9,0,2021,6,172,1.2246467991473532e-16,-1.0,0,0,0,0,1,0,0,0,0,0
2021-06-21,C55D7C,0.1547977394166666,23.5,18.0,0.0,18.0,3.43,0.1189960009444444,0.0358017384722222,13.2,3.9,0,2021,6,172,1.2246467991473532e-16,-1.0,0,0,0,0,0,0,0,1,0,0
2021-06-21,C58157,0.2445304876111111,23.5,0.0,0.0,21.0,2.67,0.1863320885833333,0.0581983990277777,2.8,3.67,0,2021,6,172,1.2246467991473532e-16,-1.0,0,0,0,0,0,0,0,0,0,1
2021-06-22,2F71D1,0.211922520245614,18.57894736842105,0.0,0.0,5.7,5.33,0.2000966888333333,0.0118258314122806,21.73,2.85,0,2021,6,173,1.2246467991473532e-16,-1.0,0,1,0,0,0,0,0,0,0,0
2021-06-22,C535CA,0.20421235475,20.08333333333333,7.2000001,0.0,7.2,5.47,0.1999438554166666,0.0042684993333333,17.8,3.43,0,2021,6,173,1.2246467991473532e-16,-1.0,0,0,0,1,0,0,0,0,0,0
2021-06-22,C54762,0.1956523664999999,19.83333333333333,7.4000001,0.0,7.4,5.47,0.1968243353333333,-0.0011719688333333,19.6,3.43,0,2021,6,173,1.2246467991473532e-16,-1.0,0,0,0,0,1,0,0,0,0,0
2021-06-22,C55D7C,0.1640460623888888,20.08333333333333,8.0,0.0,8.0,5.47,0.1547977394166666,0.0092483229722222,18.0,3.43,0,2021,6,173,1.2246467991473532e-16,-1.0,0,0,0,0,0,0,0,1,0,0
2021-06-22,C58157,0.2410904452777778,21.0,0.0,0.0,6.2,4.99,0.2445304876111111,-0.0034400423333333,21.0,2.67,0,2021,6,173,1.2246467991473532e-16,-1.0,0,0,0,0,0,0,0,0,0,1
2021-06-23,2F71D1,0.2170612680833333,21.1,0.0,0.0,0.03,5.67,0.211922520245614,0.0051387478377193,5.7,5.33,0,2021,6,174,1.2246467991473532e-16,-1.0,0,1,0,0,0,0,0,0,0,0
2021-06-23,C535CA,0.2111846743333333,20.0,0.6000000000000001,0.0,0.6,5.52,0.20421235475,0.0069723195833333,7.2,5.47,0,2021,6,174,1.2246467991473532e-16,-1.0,0,0,0,1,0,0,0,0,0,0
2021-06-23,C54762,0.2001416656666666,20.83333333333333,0.6000000000000001,0.0,0.6,5.52,0.1956523664999999,0.0044892991666666,7.4,5.47,0,2021,6,174,1.2246467991473532e-16,-1.0,0,0,0,0,1,0,0,0,0,0
2021-06-23,C55D7C,0.1740638377777777,20.666666666666668,0.8,0.0,0.8,5.52,0.1640460623888888,0.0100177753888889,8.0,5.47,0,2021,6,174,1.2246467991473532e-16,-1.0,0,0,0,0,0,0,0,1,0,0
2021-06-23,C58157,0.2312092598055555,21.58333333333333,0.0,0.0,0.8,5.4,0.2410904452777778,-0.0098811854722222,6.2,4.99,0,2021,6,174,1.2246467991473532e-16,-1.0,0,0,0,0,0,0,0,0,0,1
2021-06-24,012384F3720B710DEE,0.1818895979166666,,0.0,0.0,0.0,3.11,,,0.2,5.55,0,2021,6,175,1.2246467991473532e-16,-1.0,1,0,0,0,0,0,0,0,0,0
2021-06-24,2F71D1,0.2116780330526315,22.26315789473684,0.0,0.0,0.0,2.86,0.2170612680833333,-0.0053832350307017,0.03,5.67,0,2021,6,175,1.2246467991473532e-16,-1.0,0,1,0,0,0,0,0,0,0,0
2021-06-24,C535CA,0.2020644671388889,23.83333333333333,0.0,0.0,0.0,3.33,0.2111846743333333,-0.0091202071944444,0.6,5.52,0,2021,6,175,1.2246467991473532e-16,-1.0,0,0,0,1,0,0,0,0,0,0
2021-06-24,C54762,0.1880411263888889,23.83333333333333,0.0,0.0,0.0,3.33,0.2001416656666666,-0.0121005392777777,0.6,5.52,0,2021,6,175,1.2246467991473532e-16,-1.0,0,0,0,0,1,0,0,0,0,0
2021-06-24,C55D7C,0.1657328212777777,24.08333333333333,0.0,0.0,0.0,3.33,0.1740638377777777,-0.0083310165,0.8,5.52,0,2021,6,175,1.2246467991473532e-16,-1.0,0,0,0,0,0,0,0,1,0,0
2021-06-24,C58157,0.2049300374166666,23.25,0.0,0.0,0.0,3.15,0.2312092598055555,-0.0262792223888888,0.8,5.4,0,2021,6,175,1.2246467991473532e-16,-1.0,0,0,0,0,0,0,0,0,0,1
2021-06-25,012384F3720B710DEE,0.1811691108055555,,0.0,0.0,6.4,2.19,0.1818895979166666,-0.0007204871111111,0.0,3.11,0,2021,6,176,1.2246467991473532e-16,-1.0,1,0,0,0,0,0,0,0,0,0
2021-06-25,2F71D1,0.2050058040588235,18.823529411764707,0.0,0.0,1.28,2.45,0.2116780330526315,-0.006672228993808,0.0,2.86,0,2021,6,176,1.2246467991473532e-16,-1.0,0,1,0,0,0,0,0,0,0,0
2021-06-25,C535CA,0.1924592638444444,25.8,0.0,0.0,0.0,3.46,0.2020644671388889,-0.0096052032944444,0.0,3.33,0,2021,6,176,1.2246467991473532e-16,-1.0,0,0,0,1,0,0,0,0,0,0
2021-06-25,C54762,0.173655925,23.166666666666668,0.0,0.0,0.0,3.46,0.1880411263888889,-0.0143852013888888,0.0,3.33,0,2021,6,176,1.2246467991473532e-16,-1.0,0,0,0,0,1,0,0,0,0,0
2021-06-25,C55D7C,0.1556868030555555,24.0,0.0,0.0,0.0,3.46,0.1657328212777777,-0.0100460182222222,0.0,3.33,0,2021,6,176,1.2246467991473532e-16,-1.0,0,0,0,0,0,0,0,1,0,0
2021-06-25,C58157,0.1858705800833333,22.5,0.0,0.0,1.2,2.72,0.2049300374166666,-0.0190594573333333,0.0,3.15,0,2021,6,176,1.2246467991473532e-16,-1.0,0,0,0,0,0,0,0,0,0,1
2021-06-26,012384F3720B710DEE,0.1825507009444444,,0.0,0.0,3.0,3.6,0.1811691108055555,0.0013815901388889,6.4,2.19,0,2021,6,177,1.2246467991473532e-16,-1.0,1,0,0,0,0,0,0,0,0,0
2021-06-26,2F71D1,0.1994051457460317,26.428571428571427,0.0,0.0,0.0,2.98,0.2050058040588235,-0.0056006583127918,1.28,2.45,0,2021,6,177,1.2246467991473532e-16,-1.0,0,1,0,0,0,0,0,0,0,0
2021-06-26,C535CA,0.1840911143611111,28.666666666666668,0.0,0.0,0.0,2.39,0.1924592638444444,-0.0083681494833333,0.0,3.46,0,2021,6,177,1.2246467991473532e-16,-1.0,0,0,0,1,0,0,0,0,0,0
2021-06-26,C54762,0.1583840572222222,26.5,0.0,0.0,0.0,2.39,0.173655925,-0.0152718677777777,0.0,3.46,0,2021,6,177,1.2246467991473532e-16,-1.0,0,0,0,0,1,0,0,0,0,0
2021-06-26,C55D7C,0.1455011893611111,28.0,0.0,0.0,0.0,2.39,0.1556868030555555,-0.0101856136944444,0.0,3.46,0,2021,6,177,1.2246467991473532e-16,-1.0,0,0,0,0,0,0,0,1,0,0
2021-06-26,C58157,0.1803312896111111,27.0,0.0,0.0,0.2,2.64,0.1858705800833333,-0.0055392904722222,1.2,2.72,0,2021,6,177,1.2246467991473532e-16,-1.0,0,0,0,0,0,0,0,0,0,1
2021-06-27,012384F3720B710DEE,0.1803483886388888,,0.0,0.0,0.6,2.56,0.1825507009444444,-0.0022023123055555,3.0,3.6,0,2021,6,178,1.2246467991473532e-16,-1.0,1,0,0,0,0,0,0,0,0,0
2021-06-27,2F71D1,0.2039281699696969,24.363636363636363,0.0,0.0,25.4,2.0,0.1994051457460317,0.0045230242236652,0.0,2.98,0,2021,6,178,1.2246467991473532e-16,-1.0,0,1,0,0,0,0,0,0,0,0
2021-06-27,C535CA,0.1765845485555555,26.25,10.8,0.0,10.8,2.2,0.1840911143611111,-0.0075065658055555,0.0,2.39,0,2021,6,178,1.2246467991473532e-16,-1.0,0,0,0,1,0,0,0,0,0,0
2021-06-27,C54762,0.1444343065555555,25.33333333333333,9.4,0.0,9.4,2.2,0.1583840572222222,-0.0139497506666666,0.0,2.39,0,2021,6,178,1.2246467991473532e-16,-1.0,0,0,0,0,1,0,0,0,0,0
2021-06-27,C55D7C,0.1360427904166666,25.5,9.4000003,0.0,9.4,2.2,0.1455011893611111,-0.0094583989444444,0.0,2.39,0,2021,6,178,1.2246467991473532e-16,-1.0,0,0,0,0,0,0,0,1,0,0
2021-06-27,C58157,0.16872767725,28.166666666666668,0.0,0.0,0.0,2.3,0.1803312896111111,-0.011603612361111,0.2,2.64,0,2021,6,178,1.2246467991473532e-16,-1.0,0,0,0,0,0,0,0,0,0,1
2021-06-28,012384F3720B710DEE,0.1831909866111111,,0.0,0.0,0.2,4.59,0.1803483886388888,0.0028425979722222,0.6,2.56,0,2021,6,179,1.2246467991473532e-16,-1.0,1,0,0,0,0,0,0,0,0,0
2021-06-28,2F71D1,0.224787064074074,24.88888888888889,0.0,0.0,0.0,4.65,0.2039281699696969,0.0208588941043771,25.4,2.0,0,2021,6,179,1.2246467991473532e-16,-1.0,0,1,0,0,0,0,0,0,0,0
2021-06-28,C535CA,0.1920614875,27.416666666666668,12.8,0.0,12.8,4.64,0.1765845485555555,0.0154769389444444,10.8,2.2,0,2021,6,179,1.2246467991473532e-16,-1.0,0,0,0,1,0,0,0,0,0,0
2021-06-28,C54762,0.1650137580277777,26.75,6.0,0.0,6.0,4.64,0.1444343065555555,0.0205794514722222,9.4,2.2,0,2021,6,179,1.2246467991473532e-16,-1.0,0,0,0,0,1,0,0,0,0,0
2021-06-28,C55D7C,0.1410368525833333,27.58333333333333,4.8000003,0.0,4.8,4.64,0.1360427904166666,0.0049940621666666,9.4,2.2,0,2021,6,179,1.2246467991473532e-16,-1.0,0,0,0,0,0,0,0,1,0,0
2021-06-28,C58157,0.1604850976111111,27.0,0.0,0.0,0.0,4.53,0.16872767725,-0.0082425796388889,0.0,2.3,0,2021,6,179,1.2246467991473532e-16,-1.0,0,0,0,0,0,0,0,0,0,1
2021-06-29,012384F3720B710DEE,0.1784930961388889,,0.0,0.0,1.2,4.87,0.1831909866111111,-0.0046978904722222,0.2,4.59,0,2021,6,180,1.2246467991473532e-16,-1.0,1,0,0,0,0,0,0,0,0,0
2021-06-29,2F71D1,0.2164970488888888,25.066666666666663,0.0,0.0,5.9,4.88,0.224787064074074,-0.0082900151851851,0.0,4.65,0,2021,6,180,1.2246467991473532e-16,-1.0,0,1,0,0,0,0,0,0,0,0
2021-06-29,C535CA,0.2120571995757575,27.363636363636363,15.6,0.0,15.6,4.61,0.1920614875,0.0199957120757575,12.8,4.64,0,2021,6,180,1.2246467991473532e-16,-1.0,0,0,0,1,0,0,0,0,0,0
2021-06-29,C54762,0.1945005475277778,26.0,32.0000004,0.0,32.0,4.61,0.1650137580277777,0.0294867895,6.0,4.64,0,2021,6,180,1.2246467991473532e-16,-1.0,0,0,0,0,1,0,0,0,0,0
2021-06-29,C55D7C,0.1643457450833333,26.666666666666668,40.0000002,0.0,40.0,4.61,0.1410368525833333,0.0233088924999999,4.8,4.64,0,2021,6,180,1.2246467991473532e-16,-1.0,0,0,0,0,0,0,0,1,0,0
2021-06-29,C58157,0.2186357364444444,27.83333333333333,0.0,0.0,0.0,4.95,0.1604850976111111,0.0581506388333333,0.0,4.53,0,2021,6,180,1.2246467991473532e-16,-1.0,0,0,0,0,0,0,0,0,0,1
2021-06-30,012384F3720B710DEE,0.1995458805833333,,0.0,0.0,12.0,1.4,0.1784930961388889,0.0210527844444444,1.2,4.87,0,2021,6,181,1.2246467991473532e-16,-1.0,1,0,0,0,0,0,0,0,0,0
2021-06-30,2F71D1,0.2379498914166666,18.625,0.0,0.0,20.47,2.22,0.2164970488888888,0.0214528425277777,5.9,4.88,0,2021,6,181,1.2246467991473532e-16,-1.0,0,1,0,0,0,0,0,0,0,0
2021-06-30,C535CA,0.2474826742777778,20.5,45.2000013,0.0,45.2,3.01,0.2120571995757575,0.0354254747020202,15.6,4.61,0,2021,6,181,1.2246467991473532e-16,-1.0,0,0,0,1,0,0,0,0,0,0
2021-06-30,C54762,0.2452391237222222,21.0,14.4,0.0,14.4,3.01,0.1945005475277778,0.0507385761944444,32.0,4.61,0,2021,6,181,1.2246467991473532e-16,-1.0,0,0,0,0,1,0,0,0,0,0
2021-06-30,C55D7C,0.2306934176666666,20.416666666666668,15.2000003,0.0,15.2,3.01,0.1643457450833333,0.0663476725833333,40.0,4.61,0,2021,6,181,1.2246467991473532e-16,-1.0,0,0,0,0,0,0,0,1,0,0
2021-06-30,C58157,0.3123096916060606,21.363636363636363,0.0,0.0,27.0,1.9,0.2186357364444444,0.0936739551616161,0.0,4.95,0,2021,6,181,1.2246467991473532e-16,-1.0,0,0,0,0,0,0,0,0,0,1
2021-07-01,012384F3720B710DEE,0.1943875178205128,,0.0,0.0,0.8,3.31,0.1995458805833333,-0.0051583627628205,12.0,1.4,0,2021,7,182,-0.4999999999999997,-0.8660254037844388,1,0,0,0,0,0,0,0,0,0
2021-07-01,2F71D1,0.2346700522083333,19.5625,0.0,0.0,0.0,3.71,0.2379498914166666,-0.0032798392083333,20.47,2.22,0,2021,7,182,-0.4999999999999997,-0.8660254037844388,0,1,0,0,0,0,0,0,0,0
2021-07-01,C535CA,0.2325635492857143,18.714285714285715,1.2,0.0,1.2,4.06,0.2474826742777778,-0.0149191249920634,45.2,3.01,0,2021,7,182,-0.4999999999999997,-0.8660254037844388,0,0,0,1,0,0,0,0,0,0
2021-07-01,C54762,0.2326918384166666,19.83333333333333,1.4,0.0,1.4,4.06,0.2452391237222222,-0.0125472853055555,14.4,3.01,0,2021,7,182,-0.4999999999999997,-0.8660254037844388,0,0,0,0,1,0,0,0,0,0
2021-07-01,C55D7C,0.2177050105277777,20.0,1.6,0.0,1.6,4.06,0.2306934176666666,-0.0129884071388888,15.2,3.01,0,2021,7,182,-0.4999999999999997,-0.8660254037844388,0,0,0,0,0,0,0,1,0,0
2021-07-01,C58157,0.3134610550277777,22.166666666666668,0.0,0.0,1.0,3.79,0.3123096916060606,0.0011513634217171,27.0,1.9,0,2021,7,182,-0.4999999999999997,-0.8660254037844388,0,0,0,0,0,0,0,0,0,1
2021-07-02,012384F3720B710DEE,0.1818716991944444,,0.0,0.0,0.0,4.58,0.1943875178205128,-0.0125158186260683,0.8,3.31,0,2021,7,183,-0.4999999999999997,-0.8660254037844388,1,0,0,0,0,0,0,0,0,0
2021-07-02,2F71D1,0.2280073754047619,20.571428571428573,0.0,0.0,0.0,4.15,0.2346700522083333,-0.0066626768035714,0.0,3.71,0,2021,7,183,-0.4999999999999997,-0.8660254037844388,0,1,0,0,0,0,0,0,0,0
2021-07-02,C535CA,0.2234062763333333,27.666666666666668,0.0,0.0,0.0,4.65,0.2325635492857143,-0.0091572729523809,1.2,4.06,0,2021,7,183,-0.4999999999999997,-0.8660254037844388,0,0,0,1,0,0,0,0,0,0
2021-07-02,C54762,0.2201839843611111,23.25,0.0,0.0,0.0,4.65,0.2326918384166666,-0.0125078540555555,1.4,4.06,0,2021,7,183,-0.4999999999999997,-0.8660254037844388,0,0,0,0,1,0,0,0,0,0
2021-07-02,C55D7C,0.2076026351666666,23.916666666666668,0.0,0.0,0.0,4.65,0.2177050105277777,-0.0101023753611111,1.6,4.06,0,2021,7,183,-0.4999999999999997,-0.8660254037844388,0,0,0,0,0,0,0,1,0,0
2021-07-02,C58157,0.3021624722777777,25.666666666666668,0.0,0.0,0.0,4.66,0.3134610550277777,-0.01129858275,1.0,3.79,0,2021,7,183,-0.4999999999999997,-0.8660254037844388,0,0,0,0,0,0,0,0,0,1
2021-07-03,012384F3720B710DEE,0.1716670705833333,,0.0,0.0,0.6,3.78,0.1818716991944444,-0.0102046286111111,0.0,4.58,0,2021,7,184,-0.4999999999999997,-0.8660254037844388,1,0,0,0,0,0,0,0,0,0
2021-07-03,2F71D1,0.2201558585263157,23.05263157894737,0.0,0.0,2.46,4.24,0.2280073754047619,-0.0078515168784461,0.0,4.15,0,2021,7,184,-0.4999999999999997,-0.8660254037844388,0,1,0,0,0,0,0,0,0,0
2021-07-03,C535CA,0.2174641735999999,24.6,4.2000003,0.0,4.2,4.69,0.2234062763333333,-0.0059421027333333,0.0,4.65,0,2021,7,184,-0.4999999999999997,-0.8660254037844388,0,0,0,1,0,0,0,0,0,0
2021-07-03,C54762,0.2094734160555555,24.75,2.6000001,0.0,2.6,4.69,0.2201839843611111,-0.0107105683055555,0.0,4.65,0,2021,7,184,-0.4999999999999997,-0.8660254037844388,0,0,0,0,1,0,0,0,0,0
2021-07-03,C55D7C,0.1981714505555555,25.75,3.2,0.0,3.2,4.69,0.2076026351666666,-0.0094311846111111,0.0,4.65,0,2021,7,184,-0.4999999999999997,-0.8660254037844388,0,0,0,0,0,0,0,1,0,0
2021-07-03,C58157,0.3024825568611111,23.83333333333333,0.0,0.0,17.6,4.4,0.3021624722777777,0.0003200845833333,0.0,4.66,0,2021,7,184,-0.4999999999999997,-0.8660254037844388,0,0,0,0,0,0,0,0,0,1
2021-07-04,012384F3720B710DEE,0.1784726105,,0.0,0.0,10.8,3.84,0.1716670705833333,0.0068055399166666,0.6,3.78,0,2021,7,185,-0.4999999999999997,-0.8660254037844388,1,0,0,0,0,0,0,0,0,0
2021-07-04,2F71D1,0.2220094461296296,22.77777777777778,0.0,0.0,6.93,4.27,0.2201558585263157,0.0018535876033138,2.46,4.24,0,2021,7,185,-0.4999999999999997,-0.8660254037844388,0,1,0,0,0,0,0,0,0,0
2021-07-04,C535CA,0.2182045834666666,25.6,13.0,0.0,13.0,4.68,0.2174641735999999,0.0007404098666667,4.2,4.69,0,2021,7,185,-0.4999999999999997,-0.8660254037844388,0,0,0,1,0,0,0,0,0,0
2021-07-04,C54762,0.2141612658611111,24.666666666666668,8.4000001,0.0,8.4,4.68,0.2094734160555555,0.0046878498055555,2.6,4.69,0,2021,7,185,-0.4999999999999997,-0.8660254037844388,0,0,0,0,1,0,0,0,0,0
2021-07-04,C55D7C,0.2004471724444444,25.166666666666668,8.600000099999999,0.0,8.6,4.68,0.1981714505555555,0.0022757218888888,3.2,4.69,0,2021,7,185,-0.4999999999999997,-0.8660254037844388,0,0,0,0,0,0,0,1,0,0
2021-07-04,C58157,0.3214265933611111,25.916666666666668,0.0,0.0,8.8,4.51,0.3024825568611111,0.0189440365,17.6,4.4,0,2021,7,185,-0.4999999999999997,-0.8660254037844388,0,0,0,0,0,0,0,0,0,1
2021-07-05,012384F3720B710DEE,0.1867002479722222,,0.0,0.0,8.6,4.01,0.1784726105,0.0082276374722222,10.8,3.84,0,2021,7,186,-0.4999999999999997,-0.8660254037844388,1,0,0,0,0,0,0,0,0,0
2021-07-05,2F71D1,0.2295093056875,21.8125,0.0,0.0,5.21,4.04,0.2220094461296296,0.0074998595578703,6.93,4.27,0,2021,7,186,-0.4999999999999997,-0.8660254037844388,0,1,0,0,0,0,0,0,0,0
2021-07-05,C54762,0.218986190051282,22.76923076923077,6.4,0.0,6.4,4.05,0.2141612658611111,0.0048249241901709,8.4,4.68,0,2021,7,186,-0.4999999999999997,-0.8660254037844388,0,0,0,0,1,0,0,0,0,0
2021-07-05,C55D7C,0.2042552336388888,22.58333333333333,6.4,0.0,6.4,4.05,0.2004471724444444,0.0038080611944444,8.6,4.68,0,2021,7,186,-0.4999999999999997,-0.8660254037844388,0,0,0,0,0,0,0,1,0,0
2021-07-05,C58157,0.3175290155555555,24.58333333333333,0.0,0.0,4.0,4.14,0.3214265933611111,-0.0038975778055555,8.8,4.51,0,2021,7,186,-0.4999999999999997,-0.8660254037844388,0,0,0,0,0,0,0,0,0,1
2021-07-06,012384F3720B710DEE,0.1819132903055555,,0.0,0.0,2.4,3.49,0.1867002479722222,-0.0047869576666666,8.6,4.01,0,2021,7,187,-0.4999999999999997,-0.8660254037844388,1,0,0,0,0,0,0,0,0,0
2021-07-06,2F71D1,0.2293497072777778,21.666666666666668,0.0,0.0,2.02,3.71,0.2295093056875,-0.0001595984097222,5.21,4.04,0,2021,7,187,-0.4999999999999997,-0.8660254037844388,0,1,0,0,0,0,0,0,0,0
2021-07-06,C54762,0.2104207149444444,23.916666666666668,0.4,0.0,0.4,3.64,0.218986190051282,-0.0085654751068376,6.4,4.05,0,2021,7,187,-0.4999999999999997,-0.8660254037844388,0,0,0,0,1,0,0,0,0,0
2021-07-06,C55D7C,0.1984097023888889,24.416666666666668,0.4,0.0,0.4,3.64,0.2042552336388888,-0.0058455312499999,6.4,4.05,0,2021,7,187,-0.4999999999999997,-0.8660254037844388,0,0,0,0,0,0,0,1,0,0
2021-07-06,C58157,0.3115360622777778,24.83333333333333,0.0,0.0,3.6,3.77,0.3175290155555555,-0.0059929532777777,4.0,4.14,0,2021,7,187,-0.4999999999999997,-0.8660254037844388,0,0,0,0,0,0,0,0,0,1
2021-07-07,012384F3720B710DEE,0.1734219481111111,,0.0,0.0,0.0,2.99,0.1819132903055555,-0.0084913421944444,2.4,3.49,0,2021,7,188,-0.4999999999999997,-0.8660254037844388,1,0,0,0,0,0,0,0,0,0
2021-07-07,2F71D1,0.2249995876666666,24.0,0.0,0.0,0.1,2.83,0.2293497072777778,-0.0043501196111111,2.02,3.71,0,2021,7,188,-0.4999999999999997,-0.8660254037844388,0,1,0,0,0,0,0,0,0,0
2021-07-07,C535CA,0.2192805753333333,20.0,7.0,0.0,7.0,2.92,0.2182045834666666,0.0010759918666666,13.0,4.68,0,2021,7,188,-0.4999999999999997,-0.8660254037844388,0,0,0,1,0,0,0,0,0,0
2021-07-07,C54762,0.1988095836944444,23.58333333333333,0.0,0.0,0.0,2.92,0.2104207149444444,-0.01161113125,0.4,3.64,0,2021,7,188,-0.4999999999999997,-0.8660254037844388,0,0,0,0,1,0,0,0,0,0
2021-07-07,C55D7C,0.1887836313055555,24.33333333333333,0.0,0.0,0.0,2.92,0.1984097023888889,-0.0096260710833333,0.4,3.64,0,2021,7,188,-0.4999999999999997,-0.8660254037844388,0,0,0,0,0,0,0,1,0,0
2021-07-07,C58157,0.3075845373333333,26.166666666666668,0.0,0.0,0.2,3.0,0.3115360622777778,-0.0039515249444445,3.6,3.77,0,2021,7,188,-0.4999999999999997,-0.8660254037844388,0,0,0,0,0,0,0,0,0,1
2021-07-08,012384F3720B710DEE,0.1645790505555555,,0.0,0.0,0.0,4.11,0.1734219481111111,-0.0088428975555555,0.0,2.99,0,2021,7,189,-0.4999999999999997,-0.8660254037844388,1,0,0,0,0,0,0,0,0,0
2021-07-08,2F71D1,0.2201540991363636,25.09090909090909,0.0,0.0,0.0,4.6,0.2249995876666666,-0.004845488530303,0.1,2.83,0,2021,7,189,-0.4999999999999997,-0.8660254037844388,0,1,0,0,0,0,0,0,0,0
2021-07-08,C535CA,0.2113701034444444,20.33333333333333,4.0,0.0,4.0,4.57,0.2192805753333333,-0.0079104718888889,7.0,2.92,0,2021,7,189,-0.4999999999999997,-0.8660254037844388,0,0,0,1,0,0,0,0,0,0
2021-07-08,C54762,0.1931259131944444,24.916666666666668,5.4,0.0,5.4,4.57,0.1988095836944444,-0.0056836705,0.0,2.92,0,2021,7,189,-0.4999999999999997,-0.8660254037844388,0,0,0,0,1,0,0,0,0,0
2021-07-08,C55D7C,0.1821112458055555,25.75,5.0,0.0,5.0,4.57,0.1887836313055555,-0.0066723854999999,0.0,2.92,0,2021,7,189,-0.4999999999999997,-0.8660254037844388,0,0,0,0,0,0,0,1,0,0
2021-07-08,C58157,0.3009536521666666,26.166666666666668,0.0,0.0,0.0,4.45,0.3075845373333333,-0.0066308851666666,0.2,3.0,0,2021,7,189,-0.4999999999999997,-0.8660254037844388,0,0,0,0,0,0,0,0,0,1
2021-07-09,012384F3720B710DEE,0.1623114645,,0.0,0.0,0.0,3.73,0.1645790505555555,-0.0022675860555555,0.0,4.11,0,2021,7,190,-0.4999999999999997,-0.8660254037844388,1,0,0,0,0,0,0,0,0,0
2021-07-09,2F71D1,0.2158005489122806,24.31578947368421,0.0,0.0,0.0,3.92,0.2201540991363636,-0.0043535502240829,0.0,4.6,0,2021,7,190,-0.4999999999999997,-0.8660254037844388,0,1,0,0,0,0,0,0,0,0
2021-07-09,C535CA,0.2054658895,20.0,0.0,0.0,0.0,4.04,0.2113701034444444,-0.0059042139444444,4.0,4.57,0,2021,7,190,-0.4999999999999997,-0.8660254037844388,0,0,0,1,0,0,0,0,0,0
2021-07-09,C54762,0.1937176484722222,24.416666666666668,0.0,0.0,0.0,4.04,0.1931259131944444,0.0005917352777777,5.4,4.57,0,2021,7,190,-0.4999999999999997,-0.8660254037844388,0,0,0,0,1,0,0,0,0,0
2021-07-09,C55D7C,0.1809243143333333,25.0,0.0,0.0,0.0,4.04,0.1821112458055555,-0.0011869314722222,5.0,4.57,0,2021,7,190,-0.4999999999999997,-0.8660254037844388,0,0,0,0,0,0,0,1,0,0
2021-07-09,C58157,0.2953795096111111,26.08333333333333,0.0,0.0,0.0,4.3,0.3009536521666666,-0.0055741425555555,0.0,4.45,0,2021,7,190,-0.4999999999999997,-0.8660254037844388,0,0,0,0,0,0,0,0,0,1
2021-07-10,012384F3720B710DEE,0.1705749477777778,,0.0,0.0,5.2,4.11,0.1623114645,0.0082634832777777,0.0,3.73,0,2021,7,191,-0.4999999999999997,-0.8660254037844388,1,0,0,0,0,0,0,0,0,0
2021-07-10,2F71D1,0.2168070330196078,23.41176470588235,0.0,0.0,14.96,3.67,0.2158005489122806,0.0010064841073271,0.0,3.92,0,2021,7,191,-0.4999999999999997,-0.8660254037844388,0,1,0,0,0,0,0,0,0,0
2021-07-10,C535CA,0.2026733979999999,18.0,0.0,0.0,0.0,2.92,0.2054658895,-0.0027924915,0.0,4.04,0,2021,7,191,-0.4999999999999997,-0.8660254037844388,0,0,0,1,0,0,0,0,0,0
2021-07-10,C54762,0.1869085189722222,23.916666666666668,4.199999999999999,0.0,4.2,2.92,0.1937176484722222,-0.0068091294999999,0.0,4.04,0,2021,7,191,-0.4999999999999997,-0.8660254037844388,0,0,0,0,1,0,0,0,0,0
2021-07-10,C55D7C,0.1756159063611111,24.5,4.6000003000000005,0.0,4.6,2.92,0.1809243143333333,-0.0053084079722222,0.0,4.04,0,2021,7,191,-0.4999999999999997,-0.8660254037844388,0,0,0,0,0,0,0,1,0,0
2021-07-10,C58157,0.2933004027777777,25.58333333333333,0.0,0.0,12.6,3.76,0.2953795096111111,-0.0020791068333333,0.0,4.3,0,2021,7,191,-0.4999999999999997,-0.8660254037844388,0,0,0,0,0,0,0,0,0,1
2021-07-11,012384F3720B710DEE,0.1871952245,,0.0,0.0,0.2,4.6,0.1705749477777778,0.0166202767222222,5.2,4.11,0,2021,7,192,-0.4999999999999997,-0.8660254037844388,1,0,0,0,0,0,0,0,0,0
2021-07-11,2F71D1,0.2345123617948717,21.384615384615383,0.0,0.0,0.06,4.17,0.2168070330196078,0.0177053287752639,14.96,3.67,0,2021,7,192,-0.4999999999999997,-0.8660254037844388,0,1,0,0,0,0,0,0,0,0
2021-07-11,C535CA,0.1968187453333333,31.0,4.8,0.0,4.8,2.66,0.2026733979999999,-0.0058546526666666,0.0,2.92,0,2021,7,192,-0.4999999999999997,-0.8660254037844388,0,0,0,1,0,0,0,0,0,0
2021-07-11,C54762,0.1892814924444444,24.75,0.0,0.0,0.0,2.66,0.1869085189722222,0.0023729734722222,4.2,2.92,0,2021,7,192,-0.4999999999999997,-0.8660254037844388,0,0,0,0,1,0,0,0,0,0
2021-07-11,C55D7C,0.1746189715833333,25.83333333333333,0.0,0.0,0.0,2.66,0.1756159063611111,-0.0009969347777777,4.6,2.92,0,2021,7,192,-0.4999999999999997,-0.8660254037844388,0,0,0,0,0,0,0,1,0,0
2021-07-11,C58157,0.301520999974359,25.07692307692308,0.0,0.0,0.2,4.3,0.2933004027777777,0.0082205971965812,12.6,3.76,0,2021,7,192,-0.4999999999999997,-0.8660254037844388,0,0,0,0,0,0,0,0,0,1
2021-07-12,012384F3720B710DEE,0.1801101023611111,,0.0,0.0,0.0,4.3,0.1871952245,-0.0070851221388889,0.2,4.6,0,2021,7,193,-0.4999999999999997,-0.8660254037844388,1,0,0,0,0,0,0,0,0,0
2021-07-12,2F71D1,0.2290457264848484,21.272727272727277,0.0,0.0,2.7,4.68,0.2345123617948717,-0.0054666353100233,0.06,4.17,0,2021,7,193,-0.4999999999999997,-0.8660254037844388,0,1,0,0,0,0,0,0,0,0
2021-07-12,C535CA,0.1875823663333333,24.0,0.0,0.0,0.0,4.42,0.1968187453333333,-0.009236379,4.8,2.66,0,2021,7,193,-0.4999999999999997,-0.8660254037844388,0,0,0,1,0,0,0,0,0,0
2021-07-12,C54762,0.1824780233333333,24.5,0.0,0.0,0.0,4.42,0.1892814924444444,-0.0068034691111111,0.0,2.66,0,2021,7,193,-0.4999999999999997,-0.8660254037844388,0,0,0,0,1,0,0,0,0,0
2021-07-12,C55D7C,0.1700670523589743,25.846153846153847,0.0,0.0,0.0,4.42,0.1746189715833333,-0.004551919224359,0.0,2.66,0,2021,7,193,-0.4999999999999997,-0.8660254037844388,0,0,0,0,0,0,0,1,0,0
2021-07-12,C58157,0.2969305443888889,26.0,0.0,0.0,0.0,4.85,0.301520999974359,-0.0045904555854701,0.2,4.3,0,2021,7,193,-0.4999999999999997,-0.8660254037844388,0,0,0,0,0,0,0,0,0,1
2021-07-13,012384F3720B710DEE,0.1756623936666666,,0.0,0.0,0.0,5.19,0.1801101023611111,-0.0044477086944444,0.0,4.3,0,2021,7,194,-0.4999999999999997,-0.8660254037844388,1,0,0,0,0,0,0,0,0,0
2021-07-13,2F71D1,0.2277378062857142,18.857142857142858,0.0,0.0,2.15,4.55,0.2290457264848484,-0.0013079201991341,2.7,4.68,0,2021,7,194,-0.4999999999999997,-0.8660254037844388,0,1,0,0,0,0,0,0,0,0
2021-07-13,C535CA,0.186518294,22.0,0.0,0.0,0.0,4.09,0.1875823663333333,-0.0010640723333333,0.0,4.42,0,2021,7,194,-0.4999999999999997,-0.8660254037844388,0,0,0,1,0,0,0,0,0,0
2021-07-13,C54762,0.1885346762051282,24.307692307692307,9.6,0.0,9.6,4.09,0.1824780233333333,0.0060566528717948,0.0,4.42,0,2021,7,194,-0.4999999999999997,-0.8660254037844388,0,0,0,0,1,0,0,0,0,0
2021-07-13,C55D7C,0.1692615240833333,23.83333333333333,10.4000001,0.0,10.4,4.09,0.1700670523589743,-0.0008055282756409,0.0,4.42,0,2021,7,194,-0.4999999999999997,-0.8660254037844388,0,0,0,0,0,0,0,1,0,0
2021-07-13,C58157,0.2944547978717949,24.307692307692307,0.0,0.0,5.4,6.37,0.2969305443888889,-0.0024757465170939,0.0,4.85,0,2021,7,194,-0.4999999999999997,-0.8660254037844388,0,0,0,0,0,0,0,0,0,1
2021-07-14,012384F3720B710DEE,0.1701102865833333,,0.0,0.0,0.0,4.43,0.1756623936666666,-0.0055521070833333,0.0,5.19,0,2021,7,195,-0.4999999999999997,-0.8660254037844388,1,0,0,0,0,0,0,0,0,0
2021-07-14,C54762,0.2251999616944444,23.166666666666668,19.8000001,0.0,19.8,4.62,0.1885346762051282,0.0366652854893162,9.6,4.09,0,2021,7,195,-0.4999999999999997,-0.8660254037844388,0,0,0,0,1,0,0,0,0,0
2021-07-14,C55D7C,0.19722277025,23.0,20.0000001,0.0,20.0,4.62,0.1692615240833333,0.0279612461666666,10.4,4.09,0,2021,7,195,-0.4999999999999997,-0.8660254037844388,0,0,0,0,0,0,0,1,0,0
2021-07-14,C58157,0.2977876628888888,23.25,0.0,0.0,1.6,4.51,0.2944547978717949,0.0033328650170939,5.4,6.37,0,2021,7,195,-0.4999999999999997,-0.8660254037844388,0,0,0,0,0,0,0,0,0,1
2021-07-15,012384F3720B710DEE,0.1662095314444444,,0.0,0.0,0.0,3.95,0.1701102865833333,-0.0039007551388889,0.0,4.43,0,2021,7,196,-0.4999999999999997,-0.8660254037844388,1,0,0,0,0,0,0,0,0,0
2021-07-15,C54762,0.2634703353589743,23.76923076923077,38.6,0.0,38.6,4.0,0.2251999616944444,0.0382703736645299,19.8,4.62,0,2021,7,196,-0.4999999999999997,-0.8660254037844388,0,0,0,0,1,0,0,0,0,0
2021-07-15,C55D7C,0.2409561537222222,23.33333333333333,40.2000005,0.0,40.2,4.0,0.19722277025,0.0437333834722222,20.0,4.62,0,2021,7,196,-0.4999999999999997,-0.8660254037844388,0,0,0,0,0,0,0,1,0,0
2021-07-15,C58157,0.3220206616666666,23.214285714285715,0.0,0.0,73.2,4.18,0.2977876628888888,0.0242329987777777,1.6,4.51,0,2021,7,196,-0.4999999999999997,-0.8660254037844388,0,0,0,0,0,0,0,0,0,1
2021-07-16,012384F3720B710DEE,0.1568736301111111,,0.0,0.0,0.2,4.73,0.1662095314444444,-0.0093359013333333,0.0,3.95,0,2021,7,197,-0.4999999999999997,-0.8660254037844388,1,0,0,0,0,0,0,0,0,0
2021-07-16,2F71D1,0.2617906668,21.8,0.0,0.0,0.1,4.68,0.2277378062857142,0.0340528605142857,2.15,4.55,0,2021,7,197,-0.4999999999999997,-0.8660254037844388,0,1,0,0,0,0,0,0,0,0
2021-07-16,C54762,0.2455722814722222,23.5,3.6000001,0.0,3.6,4.08,0.2634703353589743,-0.0178980538867521,38.6,4.0,0,2021,7,197,-0.4999999999999997,-0.8660254037844388,0,0,0,0,1,0,0,0,0,0
2021-07-16,C55D7C,0.230230748,23.923076923076923,3.8,0.0,3.8,4.08,0.2409561537222222,-0.0107254057222222,40.2,4.0,0,2021,7,197,-0.4999999999999997,-0.8660254037844388,0,0,0,0,0,0,0,1,0,0
2021-07-16,C58157,0.3239169727179487,24.692307692307693,0.0,0.0,0.0,1.52,0.3220206616666666,0.001896311051282,73.2,4.18,0,2021,7,197,-0.4999999999999997,-0.8660254037844388,0,0,0,0,0,0,0,0,0,1
2021-07-17,012384F3720B710DEE,0.1432508135641025,,0.0,0.0,0.0,4.58,0.1568736301111111,-0.0136228165470085,0.2,4.73,0,2021,7,198,-0.4999999999999997,-0.8660254037844388,1,0,0,0,0,0,0,0,0,0
2021-07-17,2F71D1,0.2511024316060606,27.727272727272727,0.0,0.0,0.0,4.79,0.2617906668,-0.0106882351939394,0.1,4.68,0,2021,7,198,-0.4999999999999997,-0.8660254037844388,0,1,0,0,0,0,0,0,0,0
2021-07-17,C54762,0.2265437350833333,26.25,0.0,0.0,0.0,4.76,0.2455722814722222,-0.0190285463888888,3.6,4.08,0,2021,7,198,-0.4999999999999997,-0.8660254037844388,0,0,0,0,1,0,0,0,0,0
2021-07-17,C55D7C,0.2148861832222222,27.0,0.0,0.0,0.0,4.76,0.230230748,-0.0153445647777777,3.8,4.08,0,2021,7,198,-0.4999999999999997,-0.8660254037844388,0,0,0,0,0,0,0,1,0,0
2021-07-17,C58157,0.31087692525,28.08333333333333,0.0,0.0,0.0,5.01,0.3239169727179487,-0.0130400474679487,0.0,1.52,0,2021,7,198,-0.4999999999999997,-0.8660254037844388,0,0,0,0,0,0,0,0,0,1
2021-07-18,012384F3720B710DEE,0.1302889413888888,,0.0,0.0,0.0,5.13,0.1432508135641025,-0.0129618721752136,0.0,4.58,0,2021,7,199,-0.4999999999999997,-0.8660254037844388,1,0,0,0,0,0,0,0,0,0
2021-07-18,2F71D1,0.2430112383333333,26.666666666666668,0.0,0.0,0.0,5.46,0.2511024316060606,-0.0080911932727272,0.0,4.79,0,2021,7,199,-0.4999999999999997,-0.8660254037844388,0,1,0,0,0,0,0,0,0,0
2021-07-18,C54762,0.2113856053888888,26.58333333333333,0.0,0.0,0.0,5.29,0.2265437350833333,-0.0151581296944444,0.0,4.76,0,2021,7,199,-0.4999999999999997,-0.8660254037844388,0,0,0,0,1,0,0,0,0,0
2021-07-18,C55D7C,0.2022497404722222,27.916666666666668,0.0,0.0,0.0,5.29,0.2148861832222222,-0.01263644275,0.0,4.76,0,2021,7,199,-0.4999999999999997,-0.8660254037844388,0,0,0,0,0,0,0,1,0,0
2021-07-18,C58157,0.3025807682777777,28.58333333333333,0.0,0.0,0.0,6.0,0.31087692525,-0.0082961569722222,0.0,5.01,0,2021,7,199,-0.4999999999999997,-0.8660254037844388,0,0,0,0,0,0,0,0,0,1
2021-07-19,012384F3720B710DEE,0.11965614725,,0.0,0.0,0.0,6.95,0.1302889413888888,-0.0106327941388888,0.0,5.13,0,2021,7,200,-0.4999999999999997,-0.8660254037844388,1,0,0,0,0,0,0,0,0,0
2021-07-19,2F71D1,0.2363805469803921,23.705882352941178,0.0,0.0,0.0,6.42,0.2430112383333333,-0.0066306913529412,0.0,5.46,0,2021,7,200,-0.4999999999999997,-0.8660254037844388,0,1,0,0,0,0,0,0,0,0
2021-07-19,C54762,0.2004320706666666,24.416666666666668,0.0,0.0,0.0,6.38,0.2113856053888888,-0.0109535347222222,0.0,5.29,0,2021,7,200,-0.4999999999999997,-0.8660254037844388,0,0,0,0,1,0,0,0,0,0
2021-07-19,C55D7C,0.1938297309333333,24.33333333333333,0.0,0.0,0.0,6.38,0.2022497404722222,-0.0084200095388888,0.0,5.29,0,2021,7,200,-0.4999999999999997,-0.8660254037844388,0,0,0,0,0,0,0,1,0,0
2021-07-19,C58157,0.2956624031666666,27.916666666666668,0.0,0.0,0.0,7.6,0.3025807682777777,-0.0069183651111111,0.0,6.0,0,2021,7,200,-0.4999999999999997,-0.8660254037844388,0,0,0,0,0,0,0,0,0,1
2021-07-20,012384F3720B710DEE,0.1105092290277777,,0.0,0.0,0.0,2.7,0.11965614725,-0.0091469182222222,0.0,6.95,0,2021,7,201,-0.4999999999999997,-0.8660254037844388,1,0,0,0,0,0,0,0,0,0
2021-07-20,2F71D1,0.2310519495964912,25.157894736842103,0.0,0.0,0.0,3.41,0.2363805469803921,-0.0053285973839009,0.0,6.42,0,2021,7,201,-0.4999999999999997,-0.8660254037844388,0,1,0,0,0,0,0,0,0,0
2021-07-20,C54762,0.1918092507222222,23.166666666666668,0.0,0.0,0.0,4.57,0.2004320706666666,-0.0086228199444444,0.0,6.38,0,2021,7,201,-0.4999999999999997,-0.8660254037844388,0,0,0,0,1,0,0,0,0,0
2021-07-20,C58157,0.2891819362222222,28.166666666666668,0.0,0.0,0.0,3.6,0.2956624031666666,-0.0064804669444444,0.0,7.6,0,2021,7,201,-0.4999999999999997,-0.8660254037844388,0,0,0,0,0,0,0,0,0,1
2021-07-21,012384F3720B710DEE,0.1008043219166666,,0.0,0.0,0.0,1.63,0.1105092290277777,-0.0097049071111111,0.0,2.7,0,2021,7,202,-0.4999999999999997,-0.8660254037844388,1,0,0,0,0,0,0,0,0,0
2021-07-21,2F71D1,0.2262684263174603,25.285714285714285,0.0,0.0,0.0,1.26,0.2310519495964912,-0.0047835232790308,0.0,3.41,0,2021,7,202,-0.4999999999999997,-0.8660254037844388,0,1,0,0,0,0,0,0,0,0
2021-07-21,C535CA,0.1928281221666666,17.0,74.0,0.0,74.0,1.15,0.186518294,0.0063098281666666,0.0,4.09,0,2021,7,202,-0.4999999999999997,-0.8660254037844388,0,0,0,1,0,0,0,0,0,0
2021-07-21,C54762,0.1826465888055555,24.416666666666668,0.0,0.0,0.0,1.15,0.1918092507222222,-0.0091626619166666,0.0,4.57,0,2021,7,202,-0.4999999999999997,-0.8660254037844388,0,0,0,0,1,0,0,0,0,0
2021-07-21,C58157,0.28300447575,27.916666666666668,0.0,0.0,0.0,1.35,0.2891819362222222,-0.0061774604722221,0.0,3.6,0,2021,7,202,-0.4999999999999997,-0.8660254037844388,0,0,0,0,0,0,0,0,0,1
2021-07-22,012384F3720B710DEE,0.0925084434722222,,0.0,20.0,0.0,2.55,0.1008043219166666,-0.0082958784444444,0.0,1.63,1,2021,7,203,-0.4999999999999997,-0.8660254037844388,1,0,0,0,0,0,0,0,0,0
2021-07-22,2F71D1,0.2209788847301587,26.047619047619047,0.0,0.0,0.0,3.05,0.2262684263174603,-0.0052895415873016,0.0,1.26,0,2021,7,203,-0.4999999999999997,-0.8660254037844388,0,1,0,0,0,0,0,0,0,0
2021-07-22,C535CA,0.186717425,18.0,0.0,0.0,0.0,3.54,0.1928281221666666,-0.0061106971666666,74.0,1.15,0,2021,7,203,-0.4999999999999997,-0.8660254037844388,0,0,0,1,0,0,0,0,0,0
2021-07-22,C54762,0.1730053135,25.666666666666668,0.0,0.0,0.0,3.54,0.1826465888055555,-0.0096412753055555,0.0,1.15,0,2021,7,203,-0.4999999999999997,-0.8660254037844388,0,0,0,0,1,0,0,0,0,0
2021-07-22,C58157,0.2770189723333333,28.0,0.0,0.0,0.0,3.12,0.28300447575,-0.0059855034166667,0.0,1.35,0,2021,7,203,-0.4999999999999997,-0.8660254037844388,0,0,0,0,0,0,0,0,0,1
2021-07-23,012384F3720B710DEE,0.1057878231388888,,0.0,0.0,0.0,4.09,0.0925084434722222,0.0132793796666666,0.0,2.55,0,2021,7,204,-0.4999999999999997,-0.8660254037844388,1,0,0,0,0,0,0,0,0,0
2021-07-23,2F71D1,0.2168568280138889,25.541666666666668,0.0,0.0,0.0,4.55,0.2209788847301587,-0.0041220567162698,0.0,3.05,0,2021,7,204,-0.4999999999999997,-0.8660254037844388,0,1,0,0,0,0,0,0,0,0
2021-07-23,C54762,0.1609161999166666,24.5,0.0,0.0,0.0,4.53,0.1730053135,-0.0120891135833333,0.0,3.54,0,2021,7,204,-0.4999999999999997,-0.8660254037844388,0,0,0,0,1,0,0,0,0,0
2021-07-23,C58157,0.2707836698333333,27.08333333333333,0.0,0.0,0.0,4.19,0.2770189723333333,-0.0062353024999999,0.0,3.12,0,2021,7,204,-0.4999999999999997,-0.8660254037844388,0,0,0,0,0,0,0,0,0,1
2021-07-24,012384F3720B710DEE,0.10396250925,,0.0,0.0,0.0,5.8,0.1057878231388888,-0.0018253138888888,0.0,4.09,0,2021,7,205,-0.4999999999999997,-0.8660254037844388,1,0,0,0,0,0,0,0,0,0
2021-07-24,2F71D1,0.2144219499019607,22.176470588235293,0.0,0.0,5.1,5.41,0.2168568280138889,-0.0024348781119281,0.0,4.55,0,2021,7,205,-0.4999999999999997,-0.8660254037844388,0,1,0,0,0,0,0,0,0,0
2021-07-24,C535CA,0.1560421556666666,26.0,6.6,0.0,6.6,5.0,0.186717425,-0.0306752693333333,0.0,3.54,0,2021,7,205,-0.4999999999999997,-0.8660254037844388,0,0,0,1,0,0,0,0,0,0
2021-07-24,C54762,0.1560593348333333,23.0,7.0,0.0,7.0,5.0,0.1609161999166666,-0.0048568650833333,0.0,4.53,0,2021,7,205,-0.4999999999999997,-0.8660254037844388,0,0,0,0,1,0,0,0,0,0
2021-07-24,C58157,0.2663017051111111,24.58333333333333,0.0,0.0,6.8,5.64,0.2707836698333333,-0.0044819647222222,0.0,4.19,0,2021,7,205,-0.4999999999999997,-0.8660254037844388,0,0,0,0,0,0,0,0,0,1
2021-07-25,012384F3720B710DEE,0.1030781933333333,,0.0,0.0,3.4,3.91,0.10396250925,-0.0008843159166666,0.0,5.8,0,2021,7,206,-0.4999999999999997,-0.8660254037844388,1,0,0,0,0,0,0,0,0,0
2021-07-25,2F71D1,0.2131416938484848,21.454545454545453,0.0,0.0,0.4,4.01,0.2144219499019607,-0.0012802560534759,5.1,5.41,0,2021,7,206,-0.4999999999999997,-0.8660254037844388,0,1,0,0,0,0,0,0,0,0
2021-07-25,C54762,0.1732127641666666,25.58333333333333,0.4,0.0,0.4,3.98,0.1560593348333333,0.0171534293333333,7.0,5.0,0,2021,7,206,-0.4999999999999997,-0.8660254037844388,0,0,0,0,1,0,0,0,0,0
2021-07-25,C58157,0.2708604247222222,26.916666666666668,0.0,0.0,5.6,4.88,0.2663017051111111,0.004558719611111,6.8,5.64,0,2021,7,206,-0.4999999999999997,-0.8660254037844388,0,0,0,0,0,0,0,0,0,1
2021-07-26,012384F3720B710DEE,0.1445390493333333,,0.0,0.0,10.4,2.95,0.1030781933333333,0.041460856,3.4,3.91,0,2021,7,207,-0.4999999999999997,-0.8660254037844388,1,0,0,0,0,0,0,0,0,0
2021-07-26,2F71D1,0.2132182195757575,22.0,0.0,0.0,10.99,2.55,0.2131416938484848,7.652572727270823e-05,0.4,4.01,0,2021,7,207,-0.4999999999999997,-0.8660254037844388,0,1,0,0,0,0,0,0,0,0
2021-07-26,C54762,0.1674272116388888,24.58333333333333,1.2,0.0,1.2,3.05,0.1732127641666666,-0.0057855525277777,0.4,3.98,0,2021,7,207,-0.4999999999999997,-0.8660254037844388,0,0,0,0,1,0,0,0,0,0
2021-07-26,C55D7C,0.16297812,28.571428571428573,2.0000001000000003,0.0,2.0,3.05,,,0.0,3.98,0,2021,7,207,-0.4999999999999997,-0.8660254037844388,0,0,0,0,0,0,0,1,0,0
2021-07-26,C58157,0.2762336956388889,26.08333333333333,0.0,0.0,6.2,3.25,0.2708604247222222,0.0053732709166666,5.6,4.88,0,2021,7,207,-0.4999999999999997,-0.8660254037844388,0,0,0,0,0,0,0,0,0,1
2021-07-27,012384F3720B710DEE,0.1902771243055555,,0.0,0.0,8.8,3.51,0.1445390493333333,0.0457380749722222,10.4,2.95,0,2021,7,208,-0.4999999999999997,-0.8660254037844388,1,0,0,0,0,0,0,0,0,0
2021-07-27,2F71D1,0.2194238836666666,20.0,0.0,0.0,10.95,3.72,0.2132182195757575,0.006205664090909,10.99,2.55,0,2021,7,208,-0.4999999999999997,-0.8660254037844388,0,1,0,0,0,0,0,0,0,0
2021-07-27,C54762,0.1626139141388889,24.33333333333333,3.6,0.0,3.6,3.76,0.1674272116388888,-0.0048132974999999,1.2,3.05,0,2021,7,208,-0.4999999999999997,-0.8660254037844388,0,0,0,0,1,0,0,0,0,0
2021-07-27,C55D7C,0.1611721468611111,24.916666666666668,4.2000003,0.0,4.2,3.76,0.16297812,-0.0018059731388888,2.0,3.05,0,2021,7,208,-0.4999999999999997,-0.8660254037844388,0,0,0,0,0,0,0,1,0,0
2021-07-27,C58157,0.2836851658333333,25.666666666666668,0.0,0.0,4.4,3.85,0.2762336956388889,0.0074514701944444,6.2,3.25,0,2021,7,208,-0.4999999999999997,-0.8660254037844388,0,0,0,0,0,0,0,0,0,1
2021-07-28,012384F3720B710DEE,0.1858359818055555,,0.0,0.0,1.6,4.23,0.1902771243055555,-0.0044411424999999,8.8,3.51,0,2021,7,209,-0.4999999999999997,-0.8660254037844388,1,0,0,0,0,0,0,0,0,0
2021-07-28,2F71D1,0.2144794334666667,20.166666666666668,0.0,0.0,0.47,4.33,0.2194238836666666,-0.0049444501999999,10.95,3.72,0,2021,7,209,-0.4999999999999997,-0.8660254037844388,0,1,0,0,0,0,0,0,0,0
2021-07-28,C54762,0.1639260855277778,24.33333333333333,0.4,0.0,0.4,4.77,0.1626139141388889,0.0013121713888888,3.6,3.76,0,2021,7,209,-0.4999999999999997,-0.8660254037844388,0,0,0,0,1,0,0,0,0,0
2021-07-28,C55D7C,0.1612975991944444,24.916666666666668,0.8,0.0,0.8,4.77,0.1611721468611111,0.0001254523333333,4.2,3.76,0,2021,7,209,-0.4999999999999997,-0.8660254037844388,0,0,0,0,0,0,0,1,0,0
2021-07-28,C58157,0.2866773743888889,25.83333333333333,0.0,0.0,1.8,4.63,0.2836851658333333,0.0029922085555555,4.4,3.85,0,2021,7,209,-0.4999999999999997,-0.8660254037844388,0,0,0,0,0,0,0,0,0,1
2021-07-29,012384F3720B710DEE,0.1743550629444444,,0.0,0.0,0.0,4.11,0.1858359818055555,-0.0114809188611111,1.6,4.23,0,2021,7,210,-0.4999999999999997,-0.8660254037844388,1,0,0,0,0,0,0,0,0,0
2021-07-29,2F71D1,0.1872983823111111,20.933333333333334,0.0,0.0,0.0,4.78,0.2144794334666667,-0.0271810511555556,0.47,4.33,0,2021,7,210,-0.4999999999999997,-0.8660254037844388,0,1,0,0,0,0,0,0,0,0
2021-07-29,C54762,0.1541429696944444,23.08333333333333,0.2,0.0,0.2,4.16,0.1639260855277778,-0.0097831158333333,0.4,4.77,0,2021,7,210,-0.4999999999999997,-0.8660254037844388,0,0,0,0,1,0,0,0,0,0
2021-07-29,C55D7C,0.1588975789722222,23.83333333333333,0.4,0.0,0.4,4.16,0.1612975991944444,-0.0024000202222222,0.8,4.77,0,2021,7,210,-0.4999999999999997,-0.8660254037844388,0,0,0,0,0,0,0,1,0,0
2021-07-29,C58157,0.2817357810277778,25.75,0.0,0.0,0.2,4.8,0.2866773743888889,-0.0049415933611111,1.8,4.63,0,2021,7,210,-0.4999999999999997,-0.8660254037844388,0,0,0,0,0,0,0,0,0,1
2021-07-30,012384F3720B710DEE,0.1606276250277777,,0.0,0.0,3.4,3.77,0.1743550629444444,-0.0137274379166666,0.0,4.11,0,2021,7,211,-0.4999999999999997,-0.8660254037844388,1,0,0,0,0,0,0,0,0,0
2021-07-30,2F71D1,0.1792332854583333,19.9375,0.0,0.0,1.85,3.74,0.1872983823111111,-0.0080650968527777,0.0,4.78,0,2021,7,211,-0.4999999999999997,-0.8660254037844388,0,1,0,0,0,0,0,0,0,0
2021-07-30,C54762,0.1410894413055555,24.83333333333333,0.0,0.0,0.0,3.84,0.1541429696944444,-0.0130535283888888,0.2,4.16,0,2021,7,211,-0.4999999999999997,-0.8660254037844388,0,0,0,0,1,0,0,0,0,0
2021-07-30,C55D7C,0.1561085711944444,25.666666666666668,0.0,0.0,0.0,3.84,0.1588975789722222,-0.0027890077777777,0.4,4.16,0,2021,7,211,-0.4999999999999997,-0.8660254037844388,0,0,0,0,0,0,0,1,0,0
2021-07-30,C58157,0.2761084508611111,25.25,0.0,0.0,2.0,4.01,0.2817357810277778,-0.0056273301666666,0.2,4.8,0,2021,7,211,-0.4999999999999997,-0.8660254037844388,0,0,0,0,0,0,0,0,0,1
2021-07-31,012384F3720B710DEE,0.15150566575,,0.0,0.0,0.2,3.41,0.1606276250277777,-0.0091219592777777,3.4,3.77,0,2021,7,212,-0.4999999999999997,-0.8660254037844388,1,0,0,0,0,0,0,0,0,0
2021-07-31,2F71D1,0.1741695706,19.4,0.0,0.0,5.61,3.38,0.1792332854583333,-0.0050637148583333,1.85,3.74,0,2021,7,212,-0.4999999999999997,-0.8660254037844388,0,1,0,0,0,0,0,0,0,0
2021-07-31,C54762,0.1259918493611111,23.916666666666668,0.0,0.0,0.0,3.45,0.1410894413055555,-0.0150975919444444,0.0,3.84,0,2021,7,212,-0.4999999999999997,-0.8660254037844388,0,0,0,0,1,0,0,0,0,0
2021-07-31,C55D7C,0.1531357341666666,24.33333333333333,0.0,0.0,0.0,3.45,0.1561085711944444,-0.0029728370277777,0.0,3.84,0,2021,7,212,-0.4999999999999997,-0.8660254037844388,0,0,0,0,0,0,0,1,0,0
2021-07-31,C58157,0.27266180975,24.666666666666668,0.0,0.0,2.0,4.19,0.2761084508611111,-0.003446641111111,2.0,4.01,0,2021,7,212,-0.4999999999999997,-0.8660254037844388,0,0,0,0,0,0,0,0,0,1
2021-08-01,012384F3720B710DEE,0.1511512046111111,,0.0,0.0,5.8,3.92,0.15150566575,-0.0003544611388888,0.2,3.41,0,2021,8,213,-0.8660254037844385,-0.5000000000000004,1,0,0,0,0,0,0,0,0,0
2021-08-01,2F71D1,0.1765197667777777,18.166666666666668,0.0,0.0,8.67,4.0,0.1741695706,0.0023501961777777,5.61,3.38,0,2021,8,213,-0.8660254037844385,-0.5000000000000004,0,1,0,0,0,0,0,0,0,0
2021-08-01,C54762,0.1179845837777777,21.58333333333333,5.2,0.0,5.2,3.8,0.1259918493611111,-0.0080072655833333,0.0,3.45,0,2021,8,213,-0.8660254037844385,-0.5000000000000004,0,0,0,0,1,0,0,0,0,0
2021-08-01,C55D7C,0.1509478438055555,21.25,5.800000300000001,0.0,5.8,3.8,0.1531357341666666,-0.0021878903611111,0.0,3.45,0,2021,8,213,-0.8660254037844385,-0.5000000000000004,0,0,0,0,0,0,0,1,0,0
2021-08-01,C58157,0.2774759280833334,23.166666666666668,0.0,0.0,10.4,3.13,0.27266180975,0.0048141183333333,2.0,4.19,0,2021,8,213,-0.8660254037844385,-0.5000000000000004,0,0,0,0,0,0,0,0,0,1
2021-08-02,012384F3720B710DEE,0.177506835,,0.0,0.0,3.8,4.98,0.1511512046111111,0.0263556303888888,5.8,3.92,0,2021,8,214,-0.8660254037844385,-0.5000000000000004,1,0,0,0,0,0,0,0,0,0
2021-08-02,2F71D1,0.1847990714,17.7,0.0,0.0,0.49,4.72,0.1765197667777777,0.0082793046222222,8.67,4.0,0,2021,8,214,-0.8660254037844385,-0.5000000000000004,0,1,0,0,0,0,0,0,0,0
2021-08-02,C535CA,0.0976924656666666,16.0,16.4,0.0,16.4,4.37,0.1560421556666666,-0.0583496899999999,6.6,5.0,0,2021,8,214,-0.8660254037844385,-0.5000000000000004,0,0,0,1,0,0,0,0,0,0
2021-08-02,C54762,0.1251202303611111,21.5,1.2,0.0,1.2,4.37,0.1179845837777777,0.0071356465833333,5.2,3.8,0,2021,8,214,-0.8660254037844385,-0.5000000000000004,0,0,0,0,1,0,0,0,0,0
2021-08-02,C55D7C,0.1541037764722222,21.25,1.0,0.0,1.0,4.37,0.1509478438055555,0.0031559326666666,5.8,3.8,0,2021,8,214,-0.8660254037844385,-0.5000000000000004,0,0,0,0,0,0,0,1,0,0
2021-08-02,C58157,0.2937297607777778,23.75,0.0,0.0,7.2,4.85,0.2774759280833334,0.0162538326944444,10.4,3.13,0,2021,8,214,-0.8660254037844385,-0.5000000000000004,0,0,0,0,0,0,0,0,0,1
2021-08-03,012384F3720B710DEE,0.1718759048611111,,0.0,0.0,2.8,5.19,0.177506835,-0.0056309301388888,3.8,4.98,0,2021,8,215,-0.8660254037844385,-0.5000000000000004,1,0,0,0,0,0,0,0,0,0
2021-08-03,2F71D1,0.1857156959761904,19.571428571428573,0.0,0.0,2.62,5.07,0.1847990714,0.0009166245761904,0.49,4.72,0,2021,8,215,-0.8660254037844385,-0.5000000000000004,0,1,0,0,0,0,0,0,0,0
2021-08-03,C535CA,0.0980416763333333,15.0,0.0,0.0,0.0,4.99,0.0976924656666666,0.0003492106666666,16.4,4.37,0,2021,8,215,-0.8660254037844385,-0.5000000000000004,0,0,0,1,0,0,0,0,0,0
2021-08-03,C54762,0.1502379179444444,20.416666666666668,5.8000001,0.0,5.8,4.99,0.1251202303611111,0.0251176875833333,1.2,4.37,0,2021,8,215,-0.8660254037844385,-0.5000000000000004,0,0,0,0,1,0,0,0,0,0
2021-08-03,C55D7C,0.1574135576944444,20.58333333333333,5.6,0.0,5.6,4.99,0.1541037764722222,0.0033097812222222,1.0,4.37,0,2021,8,215,-0.8660254037844385,-0.5000000000000004,0,0,0,0,0,0,0,1,0,0
2021-08-03,C58157,0.3000513406944444,24.58333333333333,0.0,0.0,6.4,5.13,0.2937297607777778,0.0063215799166666,7.2,4.85,0,2021,8,215,-0.8660254037844385,-0.5000000000000004,0,0,0,0,0,0,0,0,0,1
2021-08-04,012384F3720B710DEE,0.1605210417777778,,0.0,0.0,24.6,3.69,0.1718759048611111,-0.0113548630833333,2.8,5.19,0,2021,8,216,-0.8660254037844385,-0.5000000000000004,1,0,0,0,0,0,0,0,0,0
2021-08-04,2F71D1,0.1847959471944444,17.0,0.0,0.0,1.88,3.46,0.1857156959761904,-0.000919748781746,2.62,5.07,0,2021,8,216,-0.8660254037844385,-0.5000000000000004,0,1,0,0,0,0,0,0,0,0
2021-08-04,C54762,0.1640902495277777,23.33333333333333,0.0,0.0,0.0,3.45,0.1502379179444444,0.0138523315833333,5.8,4.99,0,2021,8,216,-0.8660254037844385,-0.5000000000000004,0,0,0,0,1,0,0,0,0,0
2021-08-04,C55D7C,0.1593729048611111,23.75,0.0,0.0,0.0,3.45,0.1574135576944444,0.0019593471666666,5.6,4.99,0,2021,8,216,-0.8660254037844385,-0.5000000000000004,0,0,0,0,0,0,0,1,0,0
2021-08-04,C58157,0.29833403225,24.75,0.0,0.0,1.2,3.58,0.3000513406944444,-0.0017173084444444,6.4,5.13,0,2021,8,216,-0.8660254037844385,-0.5000000000000004,0,0,0,0,0,0,0,0,0,1
2021-08-05,012384F3720B710DEE,0.16206113825,,0.0,0.0,0.6,4.11,0.1605210417777778,0.0015400964722221,24.6,3.69,0,2021,8,217,-0.8660254037844385,-0.5000000000000004,1,0,0,0,0,0,0,0,0,0
2021-08-05,2F71D1,0.1819802564561403,24.473684210526315,0.0,0.0,0.0,3.9,0.1847959471944444,-0.002815690738304,1.88,3.46,0,2021,8,217,-0.8660254037844385,-0.5000000000000004,0,1,0,0,0,0,0,0,0,0
2021-08-05,C54762,0.1547908601111111,25.166666666666668,0.0,0.0,0.0,2.94,0.1640902495277777,-0.0092993894166666,0.0,3.45,0,2021,8,217,-0.8660254037844385,-0.5000000000000004,0,0,0,0,1,0,0,0,0,0
2021-08-05,C55D7C,0.1555563818333333,25.666666666666668,0.0,0.0,0.0,2.94,0.1593729048611111,-0.0038165230277777,0.0,3.45,0,2021,8,217,-0.8660254037844385,-0.5000000000000004,0,0,0,0,0,0,0,1,0,0
2021-08-05,C58157,0.2954456963888889,26.58333333333333,0.0,0.0,0.0,3.09,0.29833403225,-0.002888335861111,1.2,3.58,0,2021,8,217,-0.8660254037844385,-0.5000000000000004,0,0,0,0,0,0,0,0,0,1
2021-08-06,012384F3720B710DEE,0.1591087909444444,,0.0,0.0,12.0,3.69,0.16206113825,-0.0029523473055555,0.6,4.11,0,2021,8,218,-0.8660254037844385,-0.5000000000000004,1,0,0,0,0,0,0,0,0,0
2021-08-06,2F71D1,0.1787418002941176,24.529411764705884,0.0,0.0,5.91,3.65,0.1819802564561403,-0.0032384561620227,0.0,3.9,0,2021,8,218,-0.8660254037844385,-0.5000000000000004,0,1,0,0,0,0,0,0,0,0
2021-08-06,C54762,0.1453234077222222,24.58333333333333,2.6,0.0,2.6,3.57,0.1547908601111111,-0.0094674523888889,0.0,2.94,0,2021,8,218,-0.8660254037844385,-0.5000000000000004,0,0,0,0,1,0,0,0,0,0
2021-08-06,C55D7C,0.1522523772777777,24.75,2.4,0.0,2.4,3.57,0.1555563818333333,-0.0033040045555555,0.0,2.94,0,2021,8,218,-0.8660254037844385,-0.5000000000000004,0,0,0,0,0,0,0,1,0,0
2021-08-06,C58157,0.2929596269722222,26.25,0.0,0.0,5.6,3.92,0.2954456963888889,-0.0024860694166666,0.0,3.09,0,2021,8,218,-0.8660254037844385,-0.5000000000000004,0,0,0,0,0,0,0,0,0,1
2021-08-07,012384F3720B710DEE,0.1565967017777777,,0.0,0.0,6.6,4.25,0.1591087909444444,-0.0025120891666666,12.0,3.69,0,2021,8,219,-0.8660254037844385,-0.5000000000000004,1,0,0,0,0,0,0,0,0,0
2021-08-07,2F71D1,0.1774954127536231,22.695652173913043,0.0,0.0,3.72,4.38,0.1787418002941176,-0.0012463875404944,5.91,3.65,0,2021,8,219,-0.8660254037844385,-0.5000000000000004,0,1,0,0,0,0,0,0,0,0
2021-08-07,C54762,0.1604502686666666,23.166666666666668,7.4,0.0,7.4,4.22,0.1453234077222222,0.0151268609444444,2.6,3.57,0,2021,8,219,-0.8660254037844385,-0.5000000000000004,0,0,0,0,1,0,0,0,0,0
2021-08-07,C55D7C,0.1555185291944444,23.5,9.0000003,0.0,9.0,4.22,0.1522523772777777,0.0032661519166666,2.4,3.57,0,2021,8,219,-0.8660254037844385,-0.5000000000000004,0,0,0,0,0,0,0,1,0,0
2021-08-07,C58157,0.2985276511111111,24.08333333333333,0.0,0.0,14.0,4.58,0.2929596269722222,0.0055680241388889,5.6,3.92,0,2021,8,219,-0.8660254037844385,-0.5000000000000004,0,0,0,0,0,0,0,0,0,1
2021-08-08,012384F3720B710DEE,0.1671870972222222,,0.0,0.0,2.0,4.07,0.1565967017777777,0.0105903954444444,6.6,4.25,0,2021,8,220,-0.8660254037844385,-0.5000000000000004,1,0,0,0,0,0,0,0,0,0
2021-08-08,2F71D1,0.1752755323333333,21.08695652173913,0.0,0.0,1.31,4.12,0.1774954127536231,-0.0022198804202898,3.72,4.38,0,2021,8,220,-0.8660254037844385,-0.5000000000000004,0,1,0,0,0,0,0,0,0,0
2021-08-08,C54762,0.1617961538888888,22.666666666666668,0.2,0.0,0.2,4.44,0.1604502686666666,0.0013458852222222,7.4,4.22,0,2021,8,220,-0.8660254037844385,-0.5000000000000004,0,0,0,0,1,0,0,0,0,0
2021-08-08,C55D7C,0.1566425614722222,22.5,0.4,0.0,0.4,4.44,0.1555185291944444,0.0011240322777777,9.0,4.22,0,2021,8,220,-0.8660254037844385,-0.5000000000000004,0,0,0,0,0,0,0,1,0,0
2021-08-08,C58157,0.3112967384166666,24.0,0.0,0.0,1.6,4.62,0.2985276511111111,0.0127690873055555,14.0,4.58,0,2021,8,220,-0.8660254037844385,-0.5000000000000004,0,0,0,0,0,0,0,0,0,1
2021-08-09,012384F3720B710DEE,0.1712621639444444,,0.0,0.0,1.8,4.8,0.1671870972222222,0.0040750667222222,2.0,4.07,0,2021,8,221,-0.8660254037844385,-0.5000000000000004,1,0,0,0,0,0,0,0,0,0
2021-08-09,2F71D1,0.1744318215942029,21.43478260869565,0.0,0.0,7.68,4.93,0.1752755323333333,-0.0008437107391304,1.31,4.12,0,2021,8,221,-0.8660254037844385,-0.5000000000000004,0,1,0,0,0,0,0,0,0,0
2021-08-09,C535CA,0.1030209443333333,26.0,19.2,0.0,19.2,5.24,0.0980416763333333,0.004979268,0.0,4.99,0,2021,8,221,-0.8660254037844385,-0.5000000000000004,0,0,0,1,0,0,0,0,0,0
2021-08-09,C54762,0.1587719664722222,22.166666666666668,10.4000001,0.0,10.4,5.24,0.1617961538888888,-0.0030241874166666,0.2,4.44,0,2021,8,221,-0.8660254037844385,-0.5000000000000004,0,0,0,0,1,0,0,0,0,0
2021-08-09,C55D7C,0.1543526028888888,22.0,10.0000001,0.0,10.0,5.24,0.1566425614722222,-0.0022899585833333,0.4,4.44,0,2021,8,221,-0.8660254037844385,-0.5000000000000004,0,0,0,0,0,0,0,1,0,0
2021-08-09,C58157,0.3048053172222222,23.58333333333333,0.0,0.0,3.0,5.16,0.3112967384166666,-0.0064914211944444,1.6,4.62,0,2021,8,221,-0.8660254037844385,-0.5000000000000004,0,0,0,0,0,0,0,0,0,1
2021-08-10,012384F3720B710DEE,0.1777252344722222,,0.0,0.0,5.2,5.28,0.1712621639444444,0.0064630705277777,1.8,4.8,0,2021,8,222,-0.8660254037844385,-0.5000000000000004,1,0,0,0,0,0,0,0,0,0
2021-08-10,2F71D1,0.1765201577536232,21.39130434782609,0.0,0.0,1.01,5.26,0.1744318215942029,0.0020883361594203,7.68,4.93,0,2021,8,222,-0.8660254037844385,-0.5000000000000004,0,1,0,0,0,0,0,0,0,0
2021-08-10,C54762,0.2000331405555555,22.75,4.2000001000000005,0.0,4.2,5.97,0.1587719664722222,0.0412611740833333,10.4,5.24,0,2021,8,222,-0.8660254037844385,-0.5000000000000004,0,0,0,0,1,0,0,0,0,0
2021-08-10,C55D7C,0.1684346410277778,22.666666666666668,4.8,0.0,4.8,5.97,0.1543526028888888,0.0140820381388889,10.0,5.24,0,2021,8,222,-0.8660254037844385,-0.5000000000000004,0,0,0,0,0,0,0,1,0,0
2021-08-10,C58157,0.3101264815,24.25,0.0,0.0,10.4,5.95,0.3048053172222222,0.0053211642777777,3.0,5.16,0,2021,8,222,-0.8660254037844385,-0.5000000000000004,0,0,0,0,0,0,0,0,0,1
2021-08-11,012384F3720B710DEE,0.1797928092222222,,0.0,0.0,0.0,5.04,0.1777252344722222,0.0020675747499999,5.2,5.28,0,2021,8,223,-0.8660254037844385,-0.5000000000000004,1,0,0,0,0,0,0,0,0,0
2021-08-11,2F71D1,0.1754399504202898,23.26086956521739,0.0,0.0,0.03,5.44,0.1765201577536232,-0.0010802073333333,1.01,5.26,0,2021,8,223,-0.8660254037844385,-0.5000000000000004,0,1,0,0,0,0,0,0,0,0
2021-08-11,C535CA,0.1736177869999999,20.0,17.0,0.0,17.0,5.34,0.1030209443333333,0.0705968426666666,19.2,5.24,0,2021,8,223,-0.8660254037844385,-0.5000000000000004,0,0,0,1,0,0,0,0,0,0
2021-08-11,C54762,0.19428962875,23.75,0.2,0.0,0.2,5.34,0.2000331405555555,-0.0057435118055555,4.2,5.97,0,2021,8,223,-0.8660254037844385,-0.5000000000000004,0,0,0,0,1,0,0,0,0,0
2021-08-11,C55D7C,0.1681318843888889,23.916666666666668,0.0,0.0,0.0,5.34,0.1684346410277778,-0.0003027566388889,4.8,5.97,0,2021,8,223,-0.8660254037844385,-0.5000000000000004,0,0,0,0,0,0,0,1,0,0
2021-08-11,C58157,0.311114318,26.58333333333333,0.0,0.0,0.2,5.89,0.3101264815,0.0009878365,10.4,5.95,0,2021,8,223,-0.8660254037844385,-0.5000000000000004,0,0,0,0,0,0,0,0,0,1
2021-08-12,012384F3720B710DEE,0.1643427299230769,,0.0,0.0,0.0,5.31,0.1797928092222222,-0.0154500792991452,0.0,5.04,0,2021,8,224,-0.8660254037844385,-0.5000000000000004,1,0,0,0,0,0,0,0,0,0
2021-08-12,2F71D1,0.1724871260350877,21.26315789473684,0.0,0.0,0.0,5.64,0.1754399504202898,-0.0029528243852021,0.03,5.44,0,2021,8,224,-0.8660254037844385,-0.5000000000000004,0,1,0,0,0,0,0,0,0,0
2021-08-12,C535CA,0.1742533406666666,18.666666666666668,0.0,0.0,0.0,5.46,0.1736177869999999,0.0006355536666666,17.0,5.34,0,2021,8,224,-0.8660254037844385,-0.5000000000000004,0,0,0,1,0,0,0,0,0,0
2021-08-12,C54762,0.1855593195277778,25.25,0.0,0.0,0.0,5.46,0.19428962875,-0.0087303092222222,0.2,5.34,0,2021,8,224,-0.8660254037844385,-0.5000000000000004,0,0,0,0,1,0,0,0,0,0
2021-08-12,C55D7C,0.1616820875,26.25,0.0,0.0,0.0,5.46,0.1681318843888889,-0.0064497968888889,0.0,5.34,0,2021,8,224,-0.8660254037844385,-0.5000000000000004,0,0,0,0,0,0,0,1,0,0
2021-08-12,C58157,0.3040846513055555,26.666666666666668,0.0,0.0,0.0,6.43,0.311114318,-0.0070296666944444,0.2,5.89,0,2021,8,224,-0.8660254037844385,-0.5000000000000004,0,0,0,0,0,0,0,0,0,1
2021-08-13,012384F3720B710DEE,0.1502575287777778,,0.0,0.0,0.0,5.15,0.1643427299230769,-0.0140852011452991,0.0,5.31,0,2021,8,225,-0.8660254037844385,-0.5000000000000004,1,0,0,0,0,0,0,0,0,0
2021-08-13,2F71D1,0.1685637699761904,19.857142857142858,0.0,0.0,0.0,4.98,0.1724871260350877,-0.0039233560588972,0.0,5.64,0,2021,8,225,-0.8660254037844385,-0.5000000000000004,0,1,0,0,0,0,0,0,0,0
2021-08-13,C535CA,0.1707203393333333,21.0,0.0,0.0,0.0,5.0,0.1742533406666666,-0.0035330013333333,0.0,5.46,0,2021,8,225,-0.8660254037844385,-0.5000000000000004,0,0,0,1,0,0,0,0,0,0
2021-08-13,C54762,0.1756425712222222,24.58333333333333,0.0,0.0,0.0,5.0,0.1855593195277778,-0.0099167483055555,0.0,5.46,0,2021,8,225,-0.8660254037844385,-0.5000000000000004,0,0,0,0,1,0,0,0,0,0
2021-08-13,C55D7C,0.1562276393888889,25.75,0.0,0.0,0.0,5.0,0.1616820875,-0.005454448111111,0.0,5.46,0,2021,8,225,-0.8660254037844385,-0.5000000000000004,0,0,0,0,0,0,0,1,0,0
2021-08-13,C58157,0.298955838,27.166666666666668,0.0,0.0,0.0,5.85,0.3040846513055555,-0.0051288133055555,0.0,6.43,0,2021,8,225,-0.8660254037844385,-0.5000000000000004,0,0,0,0,0,0,0,0,0,1
2021-08-14,012384F3720B710DEE,0.1351822808888888,,0.0,0.0,0.0,4.35,0.1502575287777778,-0.0150752478888889,0.0,5.15,0,2021,8,226,-0.8660254037844385,-0.5000000000000004,1,0,0,0,0,0,0,0,0,0
2021-08-14,2F71D1,0.1627920851969697,22.90909090909091,0.0,0.0,0.0,4.47,0.1685637699761904,-0.0057716847792207,0.0,4.98,0,2021,8,226,-0.8660254037844385,-0.5000000000000004,0,1,0,0,0,0,0,0,0,0
2021-08-14,C54762,0.1632315981666666,23.25,0.0,0.0,0.0,4.37,0.1756425712222222,-0.0124109730555555,0.0,5.0,0,2021,8,226,-0.8660254037844385,-0.5000000000000004,0,0,0,0,1,0,0,0,0,0
2021-08-14,C55D7C,0.1519300374722222,25.08333333333333,0.0,0.0,0.0,4.37,0.1562276393888889,-0.0042976019166666,0.0,5.0,0,2021,8,226,-0.8660254037844385,-0.5000000000000004,0,0,0,0,0,0,0,1,0,0
2021-08-14,C58157,0.2931313309444444,26.33333333333333,0.0,0.0,0.0,4.82,0.298955838,-0.0058245070555555,0.0,5.85,0,2021,8,226,-0.8660254037844385,-0.5000000000000004,0,0,0,0,0,0,0,0,0,1
2021-08-15,012384F3720B710DEE,0.1217675878055555,,0.0,0.0,0.0,4.57,0.1351822808888888,-0.0134146930833333,0.0,4.35,0,2021,8,227,-0.8660254037844385,-0.5000000000000004,1,0,0,0,0,0,0,0,0,0
2021-08-15,2F71D1,0.1563600231052631,21.42105263157895,0.0,0.0,0.03,3.43,0.1627920851969697,-0.0064320620917065,0.0,4.47,0,2021,8,227,-0.8660254037844385,-0.5000000000000004,0,1,0,0,0,0,0,0,0,0
2021-08-15,C535CA,0.153629631,27.0,0.0,0.0,0.0,2.21,0.1707203393333333,-0.0170907083333333,0.0,5.0,0,2021,8,227,-0.8660254037844385,-0.5000000000000004,0,0,0,1,0,0,0,0,0,0
2021-08-15,C54762,0.1497817442777777,26.166666666666668,0.0,0.0,0.0,2.21,0.1632315981666666,-0.0134498538888888,0.0,4.37,0,2021,8,227,-0.8660254037844385,-0.5000000000000004,0,0,0,0,1,0,0,0,0,0
2021-08-15,C55D7C,0.1478931312777777,27.5,0.0,0.0,0.0,2.21,0.1519300374722222,-0.0040369061944444,0.0,4.37,0,2021,8,227,-0.8660254037844385,-0.5000000000000004,0,0,0,0,0,0,0,1,0,0
2021-08-15,C58157,0.2873390368055555,27.5,0.0,0.0,0.0,3.77,0.2931313309444444,-0.0057922941388888,0.0,4.82,0,2021,8,227,-0.8660254037844385,-0.5000000000000004,0,0,0,0,0,0,0,0,0,1
2021-08-16,012384F3720B710DEE,0.1134175243333333,,0.0,0.0,3.6,3.51,0.1217675878055555,-0.0083500634722222,0.0,4.57,0,2021,8,228,-0.8660254037844385,-0.5000000000000004,1,0,0,0,0,0,0,0,0,0
2021-08-16,2F71D1,0.150830089015873,19.52380952380953,0.0,0.0,3.84,3.62,0.1563600231052631,-0.0055299340893901,0.03,3.43,0,2021,8,228,-0.8660254037844385,-0.5000000000000004,0,1,0,0,0,0,0,0,0,0
2021-08-16,C54762,0.1397999997777778,20.666666666666668,3.4,0.0,3.4,3.45,0.1497817442777777,-0.0099817444999999,0.0,2.21,0,2021,8,228,-0.8660254037844385,-0.5000000000000004,0,0,0,0,1,0,0,0,0,0
2021-08-16,C55D7C,0.1453486721111111,21.0,4.6,0.0,4.6,3.45,0.1478931312777777,-0.0025444591666666,0.0,2.21,0,2021,8,228,-0.8660254037844385,-0.5000000000000004,0,0,0,0,0,0,0,1,0,0
2021-08-16,C58157,0.2830937499166666,22.25,0.0,0.0,3.2,3.98,0.2873390368055555,-0.0042452868888889,0.0,3.77,0,2021,8,228,-0.8660254037844385,-0.5000000000000004,0,0,0,0,0,0,0,0,0,1
2021-08-17,012384F3720B710DEE,0.1152505881111111,,0.0,0.0,1.8,1.5,0.1134175243333333,0.0018330637777777,3.6,3.51,0,2021,8,229,-0.8660254037844385,-0.5000000000000004,1,0,0,0,0,0,0,0,0,0
2021-08-17,2F71D1,0.1506017737166666,18.2,0.0,0.0,4.34,1.74,0.150830089015873,-0.0002283152992063,3.84,3.62,0,2021,8,229,-0.8660254037844385,-0.5000000000000004,0,1,0,0,0,0,0,0,0,0
2021-08-17,C54762,0.1416212667777777,19.5,4.8,0.0,4.8,1.97,0.1397999997777778,0.0018212669999999,3.4,3.45,0,2021,8,229,-0.8660254037844385,-0.5000000000000004,0,0,0,0,1,0,0,0,0,0
2021-08-17,C55D7C,0.1484035478611111,19.33333333333333,5.4,0.0,5.4,1.97,0.1453486721111111,0.0030548757499999,4.6,3.45,0,2021,8,229,-0.8660254037844385,-0.5000000000000004,0,0,0,0,0,0,0,1,0,0
2021-08-17,C58157,0.2837764713076923,19.692307692307693,0.0,0.0,3.6,2.51,0.2830937499166666,0.0006827213910257,3.2,3.98,0,2021,8,229,-0.8660254037844385,-0.5000000000000004,0,0,0,0,0,0,0,0,0,1
2021-08-18,012384F3720B710DEE,0.1176936381944444,,0.0,0.0,0.4,2.56,0.1152505881111111,0.0024430500833333,1.8,1.5,0,2021,8,230,-0.8660254037844385,-0.5000000000000004,1,0,0,0,0,0,0,0,0,0
2021-08-18,2F71D1,0.1511584120701754,21.84210526315789,0.0,0.0,0.48,3.04,0.1506017737166666,0.0005566383535087,4.34,1.74,0,2021,8,230,-0.8660254037844385,-0.5000000000000004,0,1,0,0,0,0,0,0,0,0
2021-08-18,C535CA,0.145576092,25.0,12.2,0.0,12.2,2.8,0.153629631,-0.0080535389999999,0.0,2.21,0,2021,8,230,-0.8660254037844385,-0.5000000000000004,0,0,0,1,0,0,0,0,0,0
2021-08-18,C54762,0.1582956583888889,22.25,3.0,0.0,3.0,2.8,0.1416212667777777,0.0166743916111111,4.8,1.97,0,2021,8,230,-0.8660254037844385,-0.5000000000000004,0,0,0,0,1,0,0,0,0,0
2021-08-18,C55D7C,0.1552454029722222,22.416666666666668,2.2,0.0,2.2,2.8,0.1484035478611111,0.0068418551111111,5.4,1.97,0,2021,8,230,-0.8660254037844385,-0.5000000000000004,0,0,0,0,0,0,0,1,0,0
2021-08-18,C58157,0.2862825993611111,23.666666666666668,0.0,0.0,0.8,2.59,0.2837764713076923,0.0025061280534187,3.6,2.51,0,2021,8,230,-0.8660254037844385,-0.5000000000000004,0,0,0,0,0,0,0,0,0,1
2021-08-19,012384F3720B710DEE,0.1157774794444444,,0.0,0.0,0.0,1.78,0.1176936381944444,-0.00191615875,0.4,2.56,0,2021,8,231,-0.8660254037844385,-0.5000000000000004,1,0,0,0,0,0,0,0,0,0
2021-08-19,2F71D1,0.1505631006111111,20.33333333333333,0.0,0.0,0.0,2.1,0.1511584120701754,-0.0005953114590643,0.48,3.04,0,2021,8,231,-0.8660254037844385,-0.5000000000000004,0,1,0,0,0,0,0,0,0,0
2021-08-19,C535CA,0.1481032323888888,22.5,0.0,0.0,0.0,2.38,0.145576092,0.0025271403888888,12.2,2.8,0,2021,8,231,-0.8660254037844385,-0.5000000000000004,0,0,0,1,0,0,0,0,0,0
2021-08-19,C55D7C,0.1554289283333333,23.166666666666668,0.0,0.0,0.0,2.38,0.1552454029722222,0.0001835253611111,2.2,2.8,0,2021,8,231,-0.8660254037844385,-0.5000000000000004,0,0,0,0,0,0,0,1,0,0
2021-08-19,C58157,0.2854647445128205,24.46153846153846,0.0,0.0,0.0,2.34,0.2862825993611111,-0.0008178548482906,0.8,2.59,0,2021,8,231,-0.8660254037844385,-0.5000000000000004,0,0,0,0,0,0,0,0,0,1
2021-08-20,012384F3720B710DEE,0.1115711954166666,,0.0,0.0,0.0,3.34,0.1157774794444444,-0.0042062840277777,0.0,1.78,0,2021,8,232,-0.8660254037844385,-0.5000000000000004,1,0,0,0,0,0,0,0,0,0
2021-08-20,2F71D1,0.1503472565925926,23.05555555555556,0.0,0.0,0.63,3.34,0.1505631006111111,-0.0002158440185185,0.0,2.1,0,2021,8,232,-0.8660254037844385,-0.5000000000000004,0,1,0,0,0,0,0,0,0,0
2021-08-20,C535CA,0.1495454337083333,23.125,0.2,0.0,0.2,3.08,0.1481032323888888,0.0014422013194444,0.0,2.38,0,2021,8,232,-0.8660254037844385,-0.5000000000000004,0,0,0,1,0,0,0,0,0,0
2021-08-20,C55D7C,0.1523237948611111,23.416666666666668,0.4,0.0,0.4,3.08,0.1554289283333333,-0.0031051334722222,0.0,2.38,0,2021,8,232,-0.8660254037844385,-0.5000000000000004,0,0,0,0,0,0,0,1,0,0
2021-08-20,C58157,0.2841985446111111,25.5,0.0,0.0,2.6,3.72,0.2854647445128205,-0.0012661999017093,0.0,2.34,0,2021,8,232,-0.8660254037844385,-0.5000000000000004,0,0,0,0,0,0,0,0,0,1
2021-08-21,012384F3720B710DEE,0.1086866824444444,,0.0,0.0,15.2,2.85,0.1115711954166666,-0.0028845129722222,0.0,3.34,0,2021,8,233,-0.8660254037844385,-0.5000000000000004,1,0,0,0,0,0,0,0,0,0
2021-08-21,2F71D1,0.1511418152820512,19.615384615384617,0.0,0.0,24.71,3.0,0.1503472565925926,0.0007945586894586,0.63,3.34,0,2021,8,233,-0.8660254037844385,-0.5000000000000004,0,1,0,0,0,0,0,0,0,0
2021-08-21,C535CA,0.1492259097037037,24.666666666666668,1.2,0.0,1.2,3.08,0.1495454337083333,-0.0003195240046296,0.2,3.08,0,2021,8,233,-0.8660254037844385,-0.5000000000000004,0,0,0,1,0,0,0,0,0,0
2021-08-21,C55D7C,0.1485747002777777,26.25,1.0,0.0,1.0,3.08,0.1523237948611111,-0.0037490945833333,0.4,3.08,0,2021,8,233,-0.8660254037844385,-0.5000000000000004,0,0,0,0,0,0,0,1,0,0
2021-08-21,C58157,0.2840146874444444,26.666666666666668,0.0,0.0,7.8,3.07,0.2841985446111111,-0.0001838571666666,2.6,3.72,0,2021,8,233,-0.8660254037844385,-0.5000000000000004,0,0,0,0,0,0,0,0,0,1
2021-08-22,012384F3720B710DEE,0.1292540233333333,,0.0,0.0,2.8,3.6,0.1086866824444444,0.0205673408888888,15.2,2.85,0,2021,8,234,-0.8660254037844385,-0.5000000000000004,1,0,0,0,0,0,0,0,0,0
2021-08-22,2F71D1,0.1836127680138889,22.0,0.0,0.0,6.67,3.29,0.1511418152820512,0.0324709527318376,24.71,3.0,0,2021,8,234,-0.8660254037844385,-0.5000000000000004,0,1,0,0,0,0,0,0,0,0
2021-08-22,C535CA,0.1537650440833333,25.25,8.2,0.0,8.2,2.99,0.1492259097037037,0.0045391343796296,1.2,3.08,0,2021,8,234,-0.8660254037844385,-0.5000000000000004,0,0,0,1,0,0,0,0,0,0
2021-08-22,C55D7C,0.1526407495555555,23.83333333333333,8.6,0.0,8.6,2.99,0.1485747002777777,0.0040660492777777,1.0,3.08,0,2021,8,234,-0.8660254037844385,-0.5000000000000004,0,0,0,0,0,0,0,1,0,0
2021-08-22,C58157,0.2955926839722222,24.58333333333333,0.0,0.0,5.2,3.57,0.2840146874444444,0.0115779965277777,7.8,3.07,0,2021,8,234,-0.8660254037844385,-0.5000000000000004,0,0,0,0,0,0,0,0,0,1
2021-08-23,012384F3720B710DEE,0.1436366785,,0.0,0.0,0.4,3.55,0.1292540233333333,0.0143826551666666,2.8,3.6,0,2021,8,235,-0.8660254037844385,-0.5000000000000004,1,0,0,0,0,0,0,0,0,0
2021-08-23,2F71D1,0.1901599931388889,22.416666666666668,0.0,0.0,0.75,3.67,0.1836127680138889,0.006547225125,6.67,3.29,0,2021,8,235,-0.8660254037844385,-0.5000000000000004,0,1,0,0,0,0,0,0,0,0
2021-08-23,C535CA,0.1621855925555555,22.33333333333333,2.0,0.0,2.0,3.81,0.1537650440833333,0.0084205484722222,8.2,2.99,0,2021,8,235,-0.8660254037844385,-0.5000000000000004,0,0,0,1,0,0,0,0,0,0
2021-08-23,C55D7C,0.1551964809444444,23.166666666666668,2.2,0.0,2.2,3.81,0.1526407495555555,0.0025557313888889,8.6,2.99,0,2021,8,235,-0.8660254037844385,-0.5000000000000004,0,0,0,0,0,0,0,1,0,0
2021-08-23,C58157,0.3051693397222222,24.58333333333333,0.0,0.0,3.6,3.98,0.2955926839722222,0.0095766557499999,5.2,3.57,0,2021,8,235,-0.8660254037844385,-0.5000000000000004,0,0,0,0,0,0,0,0,0,1
2021-08-24,012384F3720B710DEE,0.1419764893333333,,0.0,0.0,0.0,3.16,0.1436366785,-0.0016601891666666,0.4,3.55,0,2021,8,236,-0.8660254037844385,-0.5000000000000004,1,0,0,0,0,0,0,0,0,0
2021-08-24,2F71D1,0.1873693864861111,20.95833333333333,0.0,0.0,0.0,3.57,0.1901599931388889,-0.0027906066527777,0.75,3.67,0,2021,8,236,-0.8660254037844385,-0.5000000000000004,0,1,0,0,0,0,0,0,0,0
2021-08-24,C535CA,0.1664549537777777,20.83333333333333,0.0,0.0,0.0,4.21,0.1621855925555555,0.0042693612222222,2.0,3.81,0,2021,8,236,-0.8660254037844385,-0.5000000000000004,0,0,0,1,0,0,0,0,0,0
2021-08-24,C55D7C,0.1544008452777777,22.58333333333333,0.0,0.0,0.0,4.21,0.1551964809444444,-0.0007956356666666,2.2,3.81,0,2021,8,236,-0.8660254037844385,-0.5000000000000004,0,0,0,0,0,0,0,1,0,0
2021-08-24,C58157,0.3018230386666666,24.0,0.0,0.0,0.0,4.09,0.3051693397222222,-0.0033463010555555,3.6,3.98,0,2021,8,236,-0.8660254037844385,-0.5000000000000004,0,0,0,0,0,0,0,0,0,1
2021-08-25,012384F3720B710DEE,0.1320058411388888,,0.0,0.0,0.0,3.9,0.1419764893333333,-0.0099706481944444,0.0,3.16,0,2021,8,237,-0.8660254037844385,-0.5000000000000004,1,0,0,0,0,0,0,0,0,0
2021-08-25,2F71D1,0.1802443693043478,21.26086956521739,0.0,0.0,0.03,4.05,0.1873693864861111,-0.0071250171817632,0.0,3.57,0,2021,8,237,-0.8660254037844385,-0.5000000000000004,0,1,0,0,0,0,0,0,0,0
2021-08-25,C535CA,0.16726093925,18.75,0.0,0.0,0.0,4.21,0.1664549537777777,0.0008059854722222,0.0,4.21,0,2021,8,237,-0.8660254037844385,-0.5000000000000004,0,0,0,1,0,0,0,0,0,0
2021-08-25,C55D7C,0.1507945631666666,22.666666666666668,0.0,0.0,0.0,4.21,0.1544008452777777,-0.0036062821111111,0.0,4.21,0,2021,8,237,-0.8660254037844385,-0.5000000000000004,0,0,0,0,0,0,0,1,0,0
2021-08-25,C58157,0.2959349767222222,23.58333333333333,0.0,0.0,0.0,4.71,0.3018230386666666,-0.0058880619444444,0.0,4.09,0,2021,8,237,-0.8660254037844385,-0.5000000000000004,0,0,0,0,0,0,0,0,0,1
2021-08-26,012384F3720B710DEE,0.1229807816666666,,0.0,0.0,0.6,3.08,0.1320058411388888,-0.0090250594722222,0.0,3.9,0,2021,8,238,-0.8660254037844385,-0.5000000000000004,1,0,0,0,0,0,0,0,0,0
2021-08-26,2F71D1,0.1734154712272727,21.363636363636363,0.0,0.0,0.4,2.36,0.1802443693043478,-0.006828898077075,0.03,4.05,0,2021,8,238,-0.8660254037844385,-0.5000000000000004,0,1,0,0,0,0,0,0,0,0
2021-08-26,C535CA,0.1668750751428571,21.857142857142858,0.4,0.0,0.4,1.68,0.16726093925,-0.0003858641071428,0.0,4.21,0,2021,8,238,-0.8660254037844385,-0.5000000000000004,0,0,0,1,0,0,0,0,0,0
2021-08-26,C55D7C,0.1466992159722222,21.83333333333333,0.4,0.0,0.4,1.68,0.1507945631666666,-0.0040953471944444,0.0,4.21,0,2021,8,238,-0.8660254037844385,-0.5000000000000004,0,0,0,0,0,0,0,1,0,0
2021-08-26,C58157,0.2912159234166667,23.33333333333333,0.0,0.0,0.6,2.71,0.2959349767222222,-0.0047190533055554,0.0,4.71,0,2021,8,238,-0.8660254037844385,-0.5000000000000004,0,0,0,0,0,0,0,0,0,1
2021-08-27,012384F3720B710DEE,0.1179094184722222,,0.0,0.0,0.4,2.76,0.1229807816666666,-0.0050713631944444,0.6,3.08,0,2021,8,239,-0.8660254037844385,-0.5000000000000004,1,0,0,0,0,0,0,0,0,0
2021-08-27,2F71D1,0.1686667224583333,19.45833333333333,0.0,0.0,0.0,2.42,0.1734154712272727,-0.0047487487689394,0.4,2.36,0,2021,8,239,-0.8660254037844385,-0.5000000000000004,0,1,0,0,0,0,0,0,0,0
2021-08-27,C535CA,0.16643527525,19.375,0.6,0.0,0.6,1.74,0.1668750751428571,-0.0004397998928571,0.4,1.68,0,2021,8,239,-0.8660254037844385,-0.5000000000000004,0,0,0,1,0,0,0,0,0,0
2021-08-27,C55D7C,0.1446576213055555,20.58333333333333,0.6000000000000001,0.0,0.6,1.74,0.1466992159722222,-0.0020415946666666,0.4,1.68,0,2021,8,239,-0.8660254037844385,-0.5000000000000004,0,0,0,0,0,0,0,1,0,0
2021-08-27,C58157,0.2883990601944444,21.58333333333333,0.0,0.0,0.2,2.66,0.2912159234166667,-0.0028168632222222,0.6,2.71,0,2021,8,239,-0.8660254037844385,-0.5000000000000004,0,0,0,0,0,0,0,0,0,1
2021-08-28,012384F3720B710DEE,0.1125949696111111,,0.0,0.0,1.4,4.26,0.1179094184722222,-0.005314448861111,0.4,2.76,0,2021,8,240,-0.8660254037844385,-0.5000000000000004,1,0,0,0,0,0,0,0,0,0
2021-08-28,2F71D1,0.1640454588,19.55,0.0,0.0,0.92,4.11,0.1686667224583333,-0.0046212636583333,0.0,2.42,0,2021,8,240,-0.8660254037844385,-0.5000000000000004,0,1,0,0,0,0,0,0,0,0
2021-08-28,C535CA,0.1657343510833333,21.0,2.6000001,0.0,2.6,4.26,0.16643527525,-0.0007009241666666,0.6,1.74,0,2021,8,240,-0.8660254037844385,-0.5000000000000004,0,0,0,1,0,0,0,0,0,0
2021-08-28,C55D7C,0.1430428883611111,21.83333333333333,1.6,0.0,1.6,4.26,0.1446576213055555,-0.0016147329444444,0.6,1.74,0,2021,8,240,-0.8660254037844385,-0.5000000000000004,0,0,0,0,0,0,0,1,0,0
2021-08-28,C58157,0.2856274197777778,23.25,0.0,0.0,1.6,4.3,0.2883990601944444,-0.0027716404166666,0.2,2.66,0,2021,8,240,-0.8660254037844385,-0.5000000000000004,0,0,0,0,0,0,0,0,0,1
2021-08-29,012384F3720B710DEE,0.1118683453055555,,0.0,0.0,0.2,3.75,0.1125949696111111,-0.0007266243055555,1.4,4.26,0,2021,8,241,-0.8660254037844385,-0.5000000000000004,1,0,0,0,0,0,0,0,0,0
2021-08-29,2F71D1,0.1599419074583333,19.5,0.0,0.0,0.17,3.32,0.1640454588,-0.0041035513416666,0.92,4.11,0,2021,8,241,-0.8660254037844385,-0.5000000000000004,0,1,0,0,0,0,0,0,0,0
2021-08-29,C535CA,0.1649527615555555,21.166666666666668,5.0,0.0,5.0,3.44,0.1657343510833333,-0.0007815895277777,2.6,4.26,0,2021,8,241,-0.8660254037844385,-0.5000000000000004,0,0,0,1,0,0,0,0,0,0
2021-08-29,C55D7C,0.1421650634166666,20.5,4.4,0.0,4.4,3.44,0.1430428883611111,-0.0008778249444444,1.6,4.26,0,2021,8,241,-0.8660254037844385,-0.5000000000000004,0,0,0,0,0,0,0,1,0,0
2021-08-29,C58157,0.2850187388717948,21.46153846153846,0.0,0.0,0.4,3.82,0.2856274197777778,-0.0006086809059829,1.6,4.3,0,2021,8,241,-0.8660254037844385,-0.5000000000000004,0,0,0,0,0,0,0,0,0,1
2021-08-30,012384F3720B710DEE,0.1136097026666666,,0.0,15.0,0.6,3.62,0.1118683453055555,0.0017413573611111,0.2,3.75,1,2021,8,242,-0.8660254037844385,-0.5000000000000004,1,0,0,0,0,0,0,0,0,0
2021-08-30,2F71D1,0.1575132563043478,22.347826086956523,0.0,0.0,0.0,3.61,0.1599419074583333,-0.0024286511539855,0.17,3.32,0,2021,8,242,-0.8660254037844385,-0.5000000000000004,0,1,0,0,0,0,0,0,0,0
2021-08-30,C535CA,0.1659207227777777,22.916666666666668,5.2,0.0,5.2,4.33,0.1649527615555555,0.0009679612222222,5.0,3.44,0,2021,8,242,-0.8660254037844385,-0.5000000000000004,0,0,0,1,0,0,0,0,0,0
2021-08-30,C55D7C,0.14531505125,22.916666666666668,4.4000003,0.0,4.4,4.33,0.1421650634166666,0.0031499878333333,4.4,3.44,0,2021,8,242,-0.8660254037844385,-0.5000000000000004,0,0,0,0,0,0,0,1,0,0
2021-08-30,C58157,0.2844820159444444,24.416666666666668,0.0,0.0,0.0,4.35,0.2850187388717948,-0.0005367229273504,0.4,3.82,0,2021,8,242,-0.8660254037844385,-0.5000000000000004,0,0,0,0,0,0,0,0,0,1
2021-08-31,012384F3720B710DEE,0.1248870535833333,,0.0,0.0,0.0,3.93,0.1136097026666666,0.0112773509166666,0.6,3.62,0,2021,8,243,-0.8660254037844385,-0.5000000000000004,1,0,0,0,0,0,0,0,0,0
2021-08-31,2F71D1,0.1539256693492063,20.714285714285715,0.0,0.0,0.0,3.73,0.1575132563043478,-0.0035875869551414,0.0,3.61,0,2021,8,243,-0.8660254037844385,-0.5000000000000004,0,1,0,0,0,0,0,0,0,0
2021-08-31,C535CA,0.1717408657777777,21.33333333333333,0.2,0.0,0.2,3.72,0.1659207227777777,0.005820143,5.2,4.33,0,2021,8,243,-0.8660254037844385,-0.5000000000000004,0,0,0,1,0,0,0,0,0,0
2021-08-31,C55D7C,0.1506971718888889,21.916666666666668,0.0,0.0,0.0,3.72,0.14531505125,0.0053821206388889,4.4,4.33,0,2021,8,243,-0.8660254037844385,-0.5000000000000004,0,0,0,0,0,0,0,1,0,0
2021-08-31,C58157,0.2823538066666666,25.33333333333333,0.0,0.0,0.0,3.86,0.2844820159444444,-0.0021282092777777,0.0,4.35,0,2021,8,243,-0.8660254037844385,-0.5000000000000004,0,0,0,0,0,0,0,0,0,1
2021-09-01,012384F3720B710DEE,0.1237057701944444,,0.0,0.0,0.0,4.22,0.1248870535833333,-0.0011812833888888,0.0,3.93,0,2021,9,244,-1.0,-1.8369701987210297e-16,1,0,0,0,0,0,0,0,0,0
2021-09-01,2F71D1,0.1497786073015873,20.857142857142858,0.0,0.0,0.0,4.05,0.1539256693492063,-0.004147062047619,0.0,3.73,0,2021,9,244,-1.0,-1.8369701987210297e-16,0,1,0,0,0,0,0,0,0,0
2021-09-01,C535CA,0.1761375429999999,18.75,0.0,0.0,0.0,4.08,0.1717408657777777,0.0043966772222222,0.2,3.72,0,2021,9,244,-1.0,-1.8369701987210297e-16,0,0,0,1,0,0,0,0,0,0
2021-09-01,C55D7C,0.15067988375,21.33333333333333,0.0,0.0,0.0,4.08,0.1506971718888889,-1.728813888890457e-05,0.0,3.72,0,2021,9,244,-1.0,-1.8369701987210297e-16,0,0,0,0,0,0,0,1,0,0
2021-09-01,C58157,0.2797112722222222,23.25,0.0,0.0,0.0,4.21,0.2823538066666666,-0.0026425344444444,0.0,3.86,0,2021,9,244,-1.0,-1.8369701987210297e-16,0,0,0,0,0,0,0,0,0,1
2021-09-02,012384F3720B710DEE,0.1175250506944444,,0.0,0.0,0.0,3.26,0.1237057701944444,-0.0061807195,0.0,4.22,0,2021,9,245,-1.0,-1.8369701987210297e-16,1,0,0,0,0,0,0,0,0,0
2021-09-02,2F71D1,0.146250925530303,22.40909090909091,0.0,0.0,0.0,3.87,0.1497786073015873,-0.0035276817712842,0.0,4.05,0,2021,9,245,-1.0,-1.8369701987210297e-16,0,1,0,0,0,0,0,0,0,0
2021-09-02,C535CA,0.1766687601333333,20.2,0.0,0.0,0.0,4.25,0.1761375429999999,0.0005312171333333,0.0,4.08,0,2021,9,245,-1.0,-1.8369701987210297e-16,0,0,0,1,0,0,0,0,0,0
2021-09-02,C55D7C,0.1480948075277778,22.5,0.0,0.0,0.0,4.25,0.15067988375,-0.0025850762222222,0.0,4.08,0,2021,9,245,-1.0,-1.8369701987210297e-16,0,0,0,0,0,0,0,1,0,0
2021-09-02,C58157,0.2771713692222222,25.25,0.0,0.0,0.0,3.86,0.2797112722222222,-0.0025399029999999,0.0,4.21,0,2021,9,245,-1.0,-1.8369701987210297e-16,0,0,0,0,0,0,0,0,0,1
2021-09-03,012384F3720B710DEE,0.1337450528055555,,0.0,0.0,0.0,2.28,0.1175250506944444,0.0162200021111111,0.0,3.26,0,2021,9,246,-1.0,-1.8369701987210297e-16,1,0,0,0,0,0,0,0,0,0
2021-09-03,2F71D1,0.1674518892333333,21.35,0.0,14.0,0.0,3.05,0.146250925530303,0.0212009637030302,0.0,3.87,1,2021,9,246,-1.0,-1.8369701987210297e-16,0,1,0,0,0,0,0,0,0,0
2021-09-03,C535CA,0.1761551799166666,23.5,0.0,0.0,0.0,3.26,0.1766687601333333,-0.0005135802166666,0.0,4.25,0,2021,9,246,-1.0,-1.8369701987210297e-16,0,0,0,1,0,0,0,0,0,0
2021-09-03,C55D7C,0.1442672971388889,23.83333333333333,0.0,0.0,0.0,3.26,0.1480948075277778,-0.0038275103888888,0.0,4.25,0,2021,9,246,-1.0,-1.8369701987210297e-16,0,0,0,0,0,0,0,1,0,0
2021-09-03,C58157,0.273981269,25.25,0.0,0.0,0.0,2.4,0.2771713692222222,-0.0031901002222222,0.0,3.86,0,2021,9,246,-1.0,-1.8369701987210297e-16,0,0,0,0,0,0,0,0,0,1
2021-09-04,012384F3720B710DEE,0.1345078002222222,,0.0,0.0,0.0,3.22,0.1337450528055555,0.0007627474166666,0.0,2.28,0,2021,9,247,-1.0,-1.8369701987210297e-16,1,0,0,0,0,0,0,0,0,0
2021-09-04,2F71D1,0.1985168580701754,20.05263157894737,0.0,0.0,0.0,3.36,0.1674518892333333,0.0310649688368421,0.0,3.05,0,2021,9,247,-1.0,-1.8369701987210297e-16,0,1,0,0,0,0,0,0,0,0
2021-09-04,C535CA,0.1753722107777777,19.666666666666668,0.0,0.0,0.0,3.12,0.1761551799166666,-0.0007829691388888,0.0,3.26,0,2021,9,247,-1.0,-1.8369701987210297e-16,0,0,0,1,0,0,0,0,0,0
2021-09-04,C55D7C,0.1405673008055555,21.166666666666668,0.0,0.0,0.0,3.12,0.1442672971388889,-0.0036999963333333,0.0,3.26,0,2021,9,247,-1.0,-1.8369701987210297e-16,0,0,0,0,0,0,0,1,0,0
2021-09-04,C58157,0.2714229550277777,23.33333333333333,0.0,0.0,0.0,3.46,0.273981269,-0.0025583139722222,0.0,2.4,0,2021,9,247,-1.0,-1.8369701987210297e-16,0,0,0,0,0,0,0,0,0,1
2021-09-05,012384F3720B710DEE,0.1197491515833333,,0.0,0.0,,3.32,0.1345078002222222,-0.0147586486388888,0.0,3.22,0,2021,9,248,-1.0,-1.8369701987210297e-16,1,0,0,0,0,0,0,0,0,0
2021-09-05,2F71D1,0.1943428810144927,21.17391304347826,0.0,0.0,0.0,3.43,0.1985168580701754,-0.0041739770556826,0.0,3.36,0,2021,9,248,-1.0,-1.8369701987210297e-16,0,1,0,0,0,0,0,0,0,0
2021-09-05,C535CA,0.1738416028095238,24.285714285714285,0.0,0.0,0.0,3.34,0.1753722107777777,-0.0015306079682539,0.0,3.12,0,2021,9,248,-1.0,-1.8369701987210297e-16,0,0,0,1,0,0,0,0,0,0
2021-09-05,C55D7C,0.137447313,23.33333333333333,0.0,0.0,0.0,3.34,0.1405673008055555,-0.0031199878055555,0.0,3.12,0,2021,9,248,-1.0,-1.8369701987210297e-16,0,0,0,0,0,0,0,1,0,0
2021-09-05,C58157,0.269341915,26.5,0.0,0.0,0.0,3.99,0.2714229550277777,-0.0020810400277777,0.0,3.46,0,2021,9,248,-1.0,-1.8369701987210297e-16,0,0,0,0,0,0,0,0,0,1
2021-09-06,012384F3720B710DEE,0.0979543153611111,,0.0,0.0,0.03,2.95,0.1197491515833333,-0.0217948362222222,,3.32,0,2021,9,249,-1.0,-1.8369701987210297e-16,1,0,0,0,0,0,0,0,0,0
2021-09-06,2F71D1,0.1872217406851851,21.5,0.0,0.0,0.0,3.02,0.1943428810144927,-0.0071211403293075,0.0,3.43,0,2021,9,249,-1.0,-1.8369701987210297e-16,0,1,0,0,0,0,0,0,0,0
2021-09-06,C535CA,0.17261345225,20.0,0.0,0.0,0.0,3.6,0.1738416028095238,-0.0012281505595237,0.0,3.34,0,2021,9,249,-1.0,-1.8369701987210297e-16,0,0,0,1,0,0,0,0,0,0
2021-09-06,C55D7C,0.1338433423333333,23.83333333333333,0.0,0.0,0.0,3.6,0.137447313,-0.0036039706666666,0.0,3.34,0,2021,9,249,-1.0,-1.8369701987210297e-16,0,0,0,0,0,0,0,1,0,0
2021-09-06,C58157,0.2663993600277778,25.25,0.0,0.0,0.0,3.5,0.269341915,-0.0029425549722221,0.0,3.99,0,2021,9,249,-1.0,-1.8369701987210297e-16,0,0,0,0,0,0,0,0,0,1
2021-09-07,012384F3720B710DEE,0.0823695518055555,,0.0,0.0,0.0,2.48,0.0979543153611111,-0.0155847635555555,0.03,2.95,0,2021,9,250,-1.0,-1.8369701987210297e-16,1,0,0,0,0,0,0,0,0,0
2021-09-07,2F71D1,0.2056052044074074,21.88888888888889,0.0,15.0,0.0,2.82,0.1872217406851851,0.0183834637222222,0.0,3.02,1,2021,9,250,-1.0,-1.8369701987210297e-16,0,1,0,0,0,0,0,0,0,0
2021-09-07,C535CA,0.1711909376,23.9,0.0,0.0,0.0,2.74,0.17261345225,-0.0014225146499999,0.0,3.6,0,2021,9,250,-1.0,-1.8369701987210297e-16,0,0,0,1,0,0,0,0,0,0
2021-09-07,C55D7C,0.1302971882857143,23.428571428571427,0.0,0.0,0.0,2.74,0.1338433423333333,-0.003546154047619,0.0,3.6,0,2021,9,250,-1.0,-1.8369701987210297e-16,0,0,0,0,0,0,0,1,0,0
2021-09-07,C58157,0.2636023547777777,26.83333333333333,0.0,0.0,0.0,2.81,0.2663993600277778,-0.00279700525,0.0,3.5,0,2021,9,250,-1.0,-1.8369701987210297e-16,0,0,0,0,0,0,0,0,0,1
2021-09-08,012384F3720B710DEE,0.0716432054333333,,0.0,0.0,0.0,2.04,0.0823695518055555,-0.0107263463722222,0.0,2.48,0,2021,9,251,-1.0,-1.8369701987210297e-16,1,0,0,0,0,0,0,0,0,0
2021-09-08,2F71D1,0.2129397947647058,22.0,0.0,0.0,0.0,2.07,0.2056052044074074,0.0073345903572984,0.0,2.82,0,2021,9,251,-1.0,-1.8369701987210297e-16,0,1,0,0,0,0,0,0,0,0
2021-09-08,C55D7C,0.1248723957777777,25.416666666666668,0.0,0.0,0.0,1.94,0.1302971882857143,-0.0054247925079365,0.0,2.74,0,2021,9,251,-1.0,-1.8369701987210297e-16,0,0,0,0,0,0,0,1,0,0
2021-09-08,C58157,0.2605536925,27.25,0.0,0.0,0.0,2.19,0.2636023547777777,-0.0030486622777777,0.0,2.81,0,2021,9,251,-1.0,-1.8369701987210297e-16,0,0,0,0,0,0,0,0,0,1
2021-09-09,012384F3720B710DEE,0.0762303518611111,,0.0,0.0,16.55,1.66,0.0716432054333333,0.0045871464277777,0.0,2.04,0,2021,9,252,-1.0,-1.8369701987210297e-16,1,0,0,0,0,0,0,0,0,0
2021-09-09,2F71D1,0.2029381566190476,23.761904761904763,0.0,0.0,0.61,1.4,0.2129397947647058,-0.0100016381456582,0.0,2.07,0,2021,9,252,-1.0,-1.8369701987210297e-16,0,1,0,0,0,0,0,0,0,0
2021-09-09,C55D7C,0.119901541,26.08333333333333,0.0,0.0,0.0,1.47,0.1248723957777777,-0.0049708547777777,0.0,1.94,0,2021,9,252,-1.0,-1.8369701987210297e-16,0,0,0,0,0,0,0,1,0,0
2021-09-09,C58157,0.2575718399722222,25.83333333333333,0.0,0.0,0.2,1.62,0.2605536925,-0.0029818525277777,0.0,2.19,0,2021,9,252,-1.0,-1.8369701987210297e-16,0,0,0,0,0,0,0,0,0,1
2021-09-10,012384F3720B710DEE,0.1130326943333333,,0.0,0.0,0.19,1.74,0.0762303518611111,0.0368023424722222,16.55,1.66,0,2021,9,253,-1.0,-1.8369701987210297e-16,1,0,0,0,0,0,0,0,0,0
2021-09-10,2F71D1,0.1952646229305555,23.875,0.0,0.0,1.73,1.02,0.2029381566190476,-0.007673533688492,0.61,1.4,0,2021,9,253,-1.0,-1.8369701987210297e-16,0,1,0,0,0,0,0,0,0,0
2021-09-10,C55D7C,0.1166880581944444,25.08333333333333,9.0,0.0,9.0,1.08,0.119901541,-0.0032134828055555,0.0,1.47,0,2021,9,253,-1.0,-1.8369701987210297e-16,0,0,0,0,0,0,0,1,0,0
2021-09-10,C58157,0.2562641008611111,26.0,0.0,0.0,5.8,1.85,0.2575718399722222,-0.001307739111111,0.2,1.62,0,2021,9,253,-1.0,-1.8369701987210297e-16,0,0,0,0,0,0,0,0,0,1
2021-09-11,2F71D1,0.1913646893787879,22.0,0.0,0.0,0.33,2.14,0.1952646229305555,-0.0038999335517676,1.73,1.02,0,2021,9,254,-1.0,-1.8369701987210297e-16,0,1,0,0,0,0,0,0,0,0
2021-09-11,C55D7C,0.1211129699444444,23.08333333333333,0.2,0.0,0.2,2.01,0.1166880581944444,0.0044249117499999,9.0,1.08,0,2021,9,254,-1.0,-1.8369701987210297e-16,0,0,0,0,0,0,0,1,0,0
2021-09-11,C58157,0.2581364224722222,24.25,0.0,0.0,1.8,2.06,0.2562641008611111,0.0018723216111111,5.8,1.85,0,2021,9,254,-1.0,-1.8369701987210297e-16,0,0,0,0,0,0,0,0,0,1
2021-09-12,2F71D1,0.1874809408888889,19.05555555555556,0.0,0.0,0.0,2.56,0.1913646893787879,-0.003883748489899,0.33,2.14,0,2021,9,255,-1.0,-1.8369701987210297e-16,0,1,0,0,0,0,0,0,0,0
2021-09-12,C55D7C,0.12660201925,23.25,0.0,0.0,0.0,2.51,0.1211129699444444,0.0054890493055555,0.2,2.01,0,2021,9,255,-1.0,-1.8369701987210297e-16,0,0,0,0,0,0,0,1,0,0
2021-09-12,C58157,0.2600385895555555,24.5,0.0,0.0,0.0,2.82,0.2581364224722222,0.0019021670833332,1.8,2.06,0,2021,9,255,-1.0,-1.8369701987210297e-16,0,0,0,0,0,0,0,0,0,1
2021-09-13,2F71D1,0.1999081122962963,20.27777777777778,0.0,15.0,1.7,1.78,0.1874809408888889,0.0124271714074074,0.0,2.56,1,2021,9,256,-1.0,-1.8369701987210297e-16,0,1,0,0,0,0,0,0,0,0
2021-09-13,C55D7C,0.1257959545833333,22.25,0.0,0.0,0.0,1.66,0.12660201925,-0.0008060646666666,0.0,2.51,0,2021,9,256,-1.0,-1.8369701987210297e-16,0,0,0,0,0,0,0,1,0,0
2021-09-13,C58157,0.2598121331111111,22.916666666666668,0.0,0.0,0.0,1.26,0.2600385895555555,-0.0002264564444444,0.0,2.82,0,2021,9,256,-1.0,-1.8369701987210297e-16,0,0,0,0,0,0,0,0,0,1
2021-09-14,2F71D1,0.2257332416666667,20.61111111111111,0.0,0.0,0.0,0.68,0.1999081122962963,0.0258251293703703,1.7,1.78,0,2021,9,257,-1.0,-1.8369701987210297e-16,0,1,0,0,0,0,0,0,0,0
2021-09-14,C55D7C,0.1235040674166666,22.83333333333333,0.0,0.0,0.0,0.57,0.1257959545833333,-0.0022918871666666,0.0,1.66,0,2021,9,257,-1.0,-1.8369701987210297e-16,0,0,0,0,0,0,0,1,0,0
2021-09-14,C58157,0.2590156069444444,23.5,0.0,0.0,0.2,0.54,0.2598121331111111,-0.0007965261666667,0.0,1.26,0,2021,9,257,-1.0,-1.8369701987210297e-16,0,0,0,0,0,0,0,0,0,1
2021-09-15,2F71D1,0.2201963870499999,22.8,0.0,0.0,0.56,1.35,0.2257332416666667,-0.0055368546166667,0.0,0.68,0,2021,9,258,-1.0,-1.8369701987210297e-16,0,1,0,0,0,0,0,0,0,0
2021-09-15,C55D7C,0.12094804625,23.75,4.8000001,0.0,4.8,1.38,0.1235040674166666,-0.0025560211666666,0.0,0.57,0,2021,9,258,-1.0,-1.8369701987210297e-16,0,0,0,0,0,0,0,1,0,0
2021-09-15,C58157,0.26394379775,25.416666666666668,0.0,0.0,11.0,1.29,0.2590156069444444,0.0049281908055556,0.2,0.54,0,2021,9,258,-1.0,-1.8369701987210297e-16,0,0,0,0,0,0,0,0,0,1
2021-09-16,2F71D1,0.2156304838235294,19.176470588235293,0.0,0.0,0.0,1.36,0.2201963870499999,-0.0045659032264705,0.56,1.35,0,2021,9,259,-1.0,-1.8369701987210297e-16,0,1,0,0,0,0,0,0,0,0
2021-09-16,C55D7C,0.1245167816111111,21.08333333333333,0.0,0.0,0.0,1.31,0.12094804625,0.0035687353611111,4.8,1.38,0,2021,9,259,-1.0,-1.8369701987210297e-16,0,0,0,0,0,0,0,1,0,0
2021-09-16,C58157,0.2709778686666667,22.83333333333333,0.0,0.0,0.0,1.4,0.26394379775,0.0070340709166666,11.0,1.29,0,2021,9,259,-1.0,-1.8369701987210297e-16,0,0,0,0,0,0,0,0,0,1
2021-09-17,2F71D1,0.2070174962539682,19.857142857142858,0.0,0.0,0.0,1.16,0.2156304838235294,-0.0086129875695611,0.0,1.36,0,2021,9,260,-1.0,-1.8369701987210297e-16,0,1,0,0,0,0,0,0,0,0
2021-09-17,C55D7C,0.1233150924166666,21.83333333333333,0.0,0.0,0.0,1.48,0.1245167816111111,-0.0012016891944444,0.0,1.31,0,2021,9,260,-1.0,-1.8369701987210297e-16,0,0,0,0,0,0,0,1,0,0
2021-09-17,C58157,0.2703992380833333,23.666666666666668,0.0,0.0,0.0,0.99,0.2709778686666667,-0.0005786305833333,0.0,1.4,0,2021,9,260,-1.0,-1.8369701987210297e-16,0,0,0,0,0,0,0,0,0,1
2021-09-18,2F71D1,0.1993206724166666,18.8,0.0,0.0,0.0,1.16,0.2070174962539682,-0.0076968238373015,0.0,1.16,0,2021,9,261,-1.0,-1.8369701987210297e-16,0,1,0,0,0,0,0,0,0,0
2021-09-18,C55D7C,0.1202218567777777,21.5,0.0,0.0,0.0,0.6,0.1233150924166666,-0.0030932356388888,0.0,1.48,0,2021,9,261,-1.0,-1.8369701987210297e-16,0,0,0,0,0,0,0,1,0,0
2021-09-18,C58157,0.2685869098888889,23.58333333333333,0.0,0.0,0.0,1.59,0.2703992380833333,-0.0018123281944444,0.0,0.99,0,2021,9,261,-1.0,-1.8369701987210297e-16,0,0,0,0,0,0,0,0,0,1
2021-09-19,2F71D1,0.1919780167916666,19.3125,0.0,0.0,0.03,1.49,0.1993206724166666,-0.007342655625,0.0,1.16,0,2021,9,262,-1.0,-1.8369701987210297e-16,0,1,0,0,0,0,0,0,0,0
2021-09-19,C55D7C,0.1165329489444444,20.916666666666668,0.0,0.0,0.0,1.6,0.1202218567777777,-0.0036889078333333,0.0,0.6,0,2021,9,262,-1.0,-1.8369701987210297e-16,0,0,0,0,0,0,0,1,0,0
2021-09-19,C58157,0.2665434021111111,24.08333333333333,0.0,0.0,0.0,1.64,0.2685869098888889,-0.0020435077777777,0.0,1.59,0,2021,9,262,-1.0,-1.8369701987210297e-16,0,0,0,0,0,0,0,0,0,1
2021-09-20,2F71D1,0.2006479183137255,17.352941176470587,0.0,15.0,0.0,1.18,0.1919780167916666,0.0086699015220588,0.03,1.49,1,2021,9,263,-1.0,-1.8369701987210297e-16,0,1,0,0,0,0,0,0,0,0
2021-09-20,C55D7C,0.1147762521428571,17.714285714285715,0.0,0.0,0.0,1.22,0.1165329489444444,-0.0017566968015872,0.0,1.6,0,2021,9,263,-1.0,-1.8369701987210297e-16,0,0,0,0,0,0,0,1,0,0
2021-09-20,C58157,0.2646844966388889,22.0,0.0,0.0,0.0,1.34,0.2665434021111111,-0.0018589054722222,0.0,1.64,0,2021,9,263,-1.0,-1.8369701987210297e-16,0,0,0,0,0,0,0,0,0,1
2021-09-21,2F71D1,0.2209692852888888,14.2,0.0,0.0,0.0,1.51,0.2006479183137255,0.0203213669751633,0.0,1.18,0,2021,9,264,-1.0,-1.8369701987210297e-16,0,1,0,0,0,0,0,0,0,0
2021-09-21,C58157,0.2627379756944444,20.666666666666668,0.0,0.0,0.0,1.5,0.2646844966388889,-0.0019465209444444,0.0,1.34,0,2021,9,264,-1.0,-1.8369701987210297e-16,0,0,0,0,0,0,0,0,0,1
2021-09-22,2F71D1,0.21523145975,14.5625,0.0,0.0,1.08,1.73,0.2209692852888888,-0.0057378255388888,0.0,1.51,0,2021,9,265,-1.0,-1.8369701987210297e-16,0,1,0,0,0,0,0,0,0,0
2021-09-22,C58157,0.2607482444722222,20.166666666666668,0.0,0.0,0.0,1.88,0.2627379756944444,-0.0019897312222222,0.0,1.5,0,2021,9,265,-1.0,-1.8369701987210297e-16,0,0,0,0,0,0,0,0,0,1
2021-09-23,2F71D1,0.2088919233921568,17.352941176470587,0.0,0.0,2.35,1.2,0.21523145975,-0.0063395363578431,1.08,1.73,0,2021,9,266,-1.0,-1.8369701987210297e-16,0,1,0,0,0,0,0,0,0,0
2021-09-23,C58157,0.2590980051388888,21.08333333333333,0.0,0.0,0.0,1.43,0.2607482444722222,-0.0016502393333333,0.0,1.88,0,2021,9,266,-1.0,-1.8369701987210297e-16,0,0,0,0,0,0,0,0,0,1
2021-09-24,2F71D1,0.2013311855,22.214285714285715,0.0,0.0,2.08,0.59,0.2088919233921568,-0.0075607378921568,2.35,1.2,0,2021,9,267,-1.0,-1.8369701987210297e-16,0,1,0,0,0,0,0,0,0,0
2021-09-24,C58157,0.2576549262222222,23.916666666666668,0.0,0.0,0.0,0.71,0.2590980051388888,-0.0014430789166666,0.0,1.43,0,2021,9,267,-1.0,-1.8369701987210297e-16,0,0,0,0,0,0,0,0,0,1
2021-09-25,2F71D1,0.1929178275151515,19.272727272727277,0.0,0.0,0.0,1.56,0.2013311855,-0.0084133579848484,2.08,0.59,0,2021,9,268,-1.0,-1.8369701987210297e-16,0,1,0,0,0,0,0,0,0,0
2021-09-25,C58157,0.2562256178055555,24.666666666666668,0.0,0.0,0.0,1.35,0.2576549262222222,-0.0014293084166667,0.0,0.71,0,2021,9,268,-1.0,-1.8369701987210297e-16,0,0,0,0,0,0,0,0,0,1
2021-09-26,2F71D1,0.1869544817692307,22.0,0.0,0.0,0.25,0.85,0.1929178275151515,-0.0059633457459207,0.0,1.56,0,2021,9,269,-1.0,-1.8369701987210297e-16,0,1,0,0,0,0,0,0,0,0
2021-09-26,C58157,0.2548029136111111,24.33333333333333,0.0,0.0,0.4,0.72,0.2562256178055555,-0.0014227041944444,0.0,1.35,0,2021,9,269,-1.0,-1.8369701987210297e-16,0,0,0,0,0,0,0,0,0,1
2021-09-27,2F71D1,0.1810976801904762,19.357142857142858,0.0,0.0,2.1,0.98,0.1869544817692307,-0.0058568015787545,0.25,0.85,0,2021,9,270,-1.0,-1.8369701987210297e-16,0,1,0,0,0,0,0,0,0,0
2021-09-27,C58157,0.2539220294722222,21.83333333333333,0.0,0.0,0.8,0.95,0.2548029136111111,-0.0008808841388888,0.4,0.72,0,2021,9,270,-1.0,-1.8369701987210297e-16,0,0,0,0,0,0,0,0,0,1
2021-09-28,2F71D1,0.1779870234666666,17.133333333333333,0.0,0.0,0.0,1.11,0.1810976801904762,-0.0031106567238095,2.1,0.98,0,2021,9,271,-1.0,-1.8369701987210297e-16,0,1,0,0,0,0,0,0,0,0
2021-09-28,C58157,0.2534900508055556,20.08333333333333,0.0,0.0,0.0,1.34,0.2539220294722222,-0.0004319786666666,0.8,0.95,0,2021,9,271,-1.0,-1.8369701987210297e-16,0,0,0,0,0,0,0,0,0,1
2021-09-29,2F71D1,0.1734718583333333,16.6,0.0,0.0,7.7,1.13,0.1779870234666666,-0.0045151651333333,0.0,1.11,0,2021,9,272,-1.0,-1.8369701987210297e-16,0,1,0,0,0,0,0,0,0,0
2021-09-29,C58157,0.2528524538055555,19.666666666666668,0.0,0.0,2.6,1.2,0.2534900508055556,-0.000637597,0.0,1.34,0,2021,9,272,-1.0,-1.8369701987210297e-16,0,0,0,0,0,0,0,0,0,1
2021-09-30,2F71D1,0.1727531685714285,14.3,0.0,0.0,0.0,1.42,0.1734718583333333,-0.0007186897619047,7.7,1.13,0,2021,9,273,-1.0,-1.8369701987210297e-16,0,1,0,0,0,0,0,0,0,0
2021-09-30,C58157,0.2531189315555556,17.166666666666668,0.0,0.0,0.0,1.48,0.2528524538055555,0.00026647775,2.6,1.2,0,2021,9,273,-1.0,-1.8369701987210297e-16,0,0,0,0,0,0,0,0,0,1
2021-10-01,C58157,0.2529707843333333,19.58333333333333,0.0,,2.4,1.82,0.2531189315555556,-0.0001481472222222,0.0,1.48,0,2021,10,274,-0.8660254037844386,0.5000000000000001,0,0,0,0,0,0,0,0,0,1
2021-10-02,C58157,0.2528265791944444,20.33333333333333,0.0,,3.6,0.63,0.2529707843333333,-0.0001442051388889,2.4,1.82,0,2021,10,275,-0.8660254037844386,0.5000000000000001,0,0,0,0,0,0,0,0,0,1
2021-10-03,C58157,0.2826735278055555,20.33333333333333,0.0,,34.8,1.08,0.2528265791944444,0.029846948611111,3.6,0.63,0,2021,10,276,-0.8660254037844386,0.5000000000000001,0,0,0,0,0,0,0,0,0,1
2021-10-04,C58157,0.2959833317777777,20.75,0.0,,0.0,1.39,0.2826735278055555,0.0133098039722222,34.8,1.08,0,2021,10,277,-0.8660254037844386,0.5000000000000001,0,0,0,0,0,0,0,0,0,1
2022-04-17,C54986,0.0496359651387789,20.166666666666668,0.0,0.0,,3.46,,,,3.08,0,2022,4,107,0.8660254037844387,-0.4999999999999998,0,0,0,0,0,1,0,0,0,0
2022-04-20,C54986,0.0817090518576999,20.25,0.0,0.0,,3.89,,,,2.52,0,2022,4,110,0.8660254037844387,-0.4999999999999998,0,0,0,0,0,1,0,0,0,0
2022-04-21,C54986,0.0687564378627003,20.4,0.0,0.0,,3.71,0.0817090518576999,-0.0129526139949995,,3.89,0,2022,4,111,0.8660254037844387,-0.4999999999999998,0,0,0,0,0,1,0,0,0,0
2022-04-22,C54986,0.0725832468098617,20.666666666666668,0.0,0.0,,2.77,0.0687564378627003,0.0038268089471613,,3.71,0,2022,4,112,0.8660254037844387,-0.4999999999999998,0,0,0,0,0,1,0,0,0,0
2022-05-04,C54762,0.1330941550277777,24.923076923076923,0.2,0.0,,,,,,,0,2022,5,124,0.49999999999999994,-0.8660254037844387,0,0,0,0,1,0,0,0,0,0
2022-05-04,C55D7C,0.1381651974545454,20.692307692307693,0.0,0.0,0.0,3.48,,,0.0,1.95,0,2022,5,124,0.49999999999999994,-0.8660254037844387,0,0,0,0,0,0,0,1,0,0
2022-05-05,C54762,0.13246949256,20.4,0.0,0.0,,,0.1330941550277777,-0.0006246624677777,,,0,2022,5,125,0.49999999999999994,-0.8660254037844387,0,0,0,0,1,0,0,0,0,0
2022-05-05,C55D7C,0.1379901286833333,17.727272727272727,0.0,0.0,0.0,1.93,0.1381651974545454,-0.0001750687712121,0.0,3.48,0,2022,5,125,0.49999999999999994,-0.8660254037844387,0,0,0,0,0,0,0,1,0,0
2022-05-06,C54762,0.1309723552222222,21.666666666666668,0.0,0.0,,,0.13246949256,-0.0014971373377778,,,0,2022,5,126,0.49999999999999994,-0.8660254037844387,0,0,0,0,1,0,0,0,0,0
2022-05-06,C55D7C,0.1370794956833333,17.083333333333332,0.0,0.0,0.0,3.12,0.1379901286833333,-0.0009106329999999,0.0,1.93,0,2022,5,126,0.49999999999999994,-0.8660254037844387,0,0,0,0,0,0,0,1,0,0
2022-05-07,C54762,0.1299261812083333,22.83333333333333,0.0,0.0,,,0.1309723552222222,-0.0010461740138888,,,0,2022,5,127,0.49999999999999994,-0.8660254037844387,0,0,0,0,1,0,0,0,0,0
2022-05-07,C55D7C,0.1354761760277777,21.541666666666668,0.0,0.0,0.0,2.89,0.1370794956833333,-0.0016033196555555,0.0,3.12,0,2022,5,127,0.49999999999999994,-0.8660254037844387,0,0,0,0,0,0,0,1,0,0
2022-05-08,C54762,0.1293891952777777,21.83333333333333,0.0,0.0,,,0.1299261812083333,-0.0005369859305555,,,0,2022,5,128,0.49999999999999994,-0.8660254037844387,0,0,0,0,1,0,0,0,0,0
2022-05-08,C55D7C,0.1337133355972222,21.375,0.0,0.0,0.0,3.83,0.1354761760277777,-0.0017628404305555,0.0,2.89,0,2022,5,128,0.49999999999999994,-0.8660254037844387,0,0,0,0,0,0,0,1,0,0
2022-05-09,C54762,0.1297290077916666,24.83333333333333,0.0,0.0,,,0.1293891952777777,0.0003398125138888,,,0,2022,5,129,0.49999999999999994,-0.8660254037844387,0,0,0,0,1,0,0,0,0,0
2022-05-09,C55D7C,0.1312585264814814,16.625,0.0,0.0,0.0,3.98,0.1337133355972222,-0.0024548091157407,0.0,3.83,0,2022,5,129,0.49999999999999994,-0.8660254037844387,0,0,0,0,0,0,0,1,0,0
2022-05-10,C54762,0.1288176558055555,25.95833333333333,0.0,0.0,,,0.1297290077916666,-0.000911351986111,,,0,2022,5,130,0.49999999999999994,-0.8660254037844387,0,0,0,0,1,0,0,0,0,0
2022-05-10,C55D7C,0.1287266638166666,20.791666666666668,12.0,0.0,12.0,3.62,0.1312585264814814,-0.0025318626648148,0.0,3.98,0,2022,5,130,0.49999999999999994,-0.8660254037844387,0,0,0,0,0,0,0,1,0,0
2022-05-10,C58157,0.1752584972083333,27.58333333333333,0.0,0.0,0.0,4.13,,,0.0,4.18,0,2022,5,130,0.49999999999999994,-0.8660254037844387,0,0,0,0,0,0,0,0,0,1
2022-05-11,C54762,0.1279793158194444,27.291666666666668,1.0,0.0,,,0.1288176558055555,-0.0008383399861111,,,0,2022,5,131,0.49999999999999994,-0.8660254037844387,0,0,0,0,1,0,0,0,0,0
2022-05-11,C55D7C,0.1883680049583333,25.125,9.0,0.0,9.0,4.9,0.1287266638166666,0.0596413411416666,12.0,3.62,0,2022,5,131,0.49999999999999994,-0.8660254037844387,0,0,0,0,0,0,0,1,0,0
2022-05-11,C58157,0.1768356638333333,27.291666666666668,0.0,3.27,0.0,5.31,0.1752584972083333,0.001577166625,0.0,4.13,1,2022,5,131,0.49999999999999994,-0.8660254037844387,0,0,0,0,0,0,0,0,0,1
2022-05-12,C54762,0.1276440841944444,22.5,0.8,0.0,,,0.1279793158194444,-0.000335231625,,,0,2022,5,132,0.49999999999999994,-0.8660254037844387,0,0,0,0,1,0,0,0,0,0
2022-05-12,C54986,0.1995341808079191,23.27777777777778,0.0,0.0,0.0,3.9,,,0.0,4.83,0,2022,5,132,0.49999999999999994,-0.8660254037844387,0,0,0,0,0,1,0,0,0,0
2022-05-12,C55D7C,0.1816360497916666,21.375,1.8000001,0.0,1.8,3.5,0.1883680049583333,-0.0067319551666666,9.0,4.9,0,2022,5,132,0.49999999999999994,-0.8660254037844387,0,0,0,0,0,0,0,1,0,0
2022-05-12,C58157,0.1781093874444444,24.041666666666668,0.0,4.18,0.4,3.39,0.1768356638333333,0.0012737236111111,0.0,5.31,1,2022,5,132,0.49999999999999994,-0.8660254037844387,0,0,0,0,0,0,0,0,0,1
2022-05-13,C54762,0.1287941859166666,21.58333333333333,0.0,0.0,,,0.1276440841944444,0.0011501017222222,,,0,2022,5,133,0.49999999999999994,-0.8660254037844387,0,0,0,0,1,0,0,0,0,0
2022-05-13,C54986,0.1992236105252665,19.33333333333333,0.0,0.0,0.0,3.66,0.1995341808079191,-0.0003105702826526,0.0,3.9,0,2022,5,133,0.49999999999999994,-0.8660254037844387,0,0,0,0,0,1,0,0,0,0
2022-05-13,C55D7C,0.1717866282222222,13.75,0.0,0.0,0.0,3.69,0.1816360497916666,-0.0098494215694444,1.8,3.5,0,2022,5,133,0.49999999999999994,-0.8660254037844387,0,0,0,0,0,0,0,1,0,0
2022-05-13,C58157,0.1824992801805555,22.041666666666668,0.0,4.84,0.0,3.94,0.1781093874444444,0.0043898927361111,0.4,3.39,1,2022,5,133,0.49999999999999994,-0.8660254037844387,0,0,0,0,0,0,0,0,0,1
2022-05-14,C54762,0.1263594725277777,24.33333333333333,0.0,0.0,,,0.1287941859166666,-0.0024347133888888,,,0,2022,5,134,0.49999999999999994,-0.8660254037844387,0,0,0,0,1,0,0,0,0,0
2022-05-14,C54986,0.1989281912974199,21.58333333333333,0.0,0.0,0.0,4.14,0.1992236105252665,-0.0002954192278465,0.0,3.66,0,2022,5,134,0.49999999999999994,-0.8660254037844387,0,0,0,0,0,1,0,0,0,0
2022-05-14,C55D7C,0.1598812185648148,16.583333333333332,0.0,0.0,0.0,4.14,0.1717866282222222,-0.0119054096574074,0.0,3.69,0,2022,5,134,0.49999999999999994,-0.8660254037844387,0,0,0,0,0,0,0,1,0,0
2022-05-14,C58157,0.1908930176805555,23.916666666666668,0.0,2.96,0.0,4.25,0.1824992801805555,0.0083937374999999,0.0,3.94,1,2022,5,134,0.49999999999999994,-0.8660254037844387,0,0,0,0,0,0,0,0,0,1
2022-05-15,C54762,0.1228481030694444,26.20833333333333,0.0,0.0,,,0.1263594725277777,-0.0035113694583333,,,0,2022,5,135,0.49999999999999994,-0.8660254037844387,0,0,0,0,1,0,0,0,0,0
2022-05-15,C54986,0.1985397735054304,25.33333333333333,0.0,0.0,0.0,4.83,0.1989281912974199,-0.0003884177919895,0.0,4.14,0,2022,5,135,0.49999999999999994,-0.8660254037844387,0,0,0,0,0,1,0,0,0,0
2022-05-15,C55D7C,0.1504850774696969,23.541666666666668,0.0,0.0,0.0,4.55,0.1598812185648148,-0.0093961410951178,0.0,4.14,0,2022,5,135,0.49999999999999994,-0.8660254037844387,0,0,0,0,0,0,0,1,0,0
2022-05-15,C58157,0.1948667520555555,26.33333333333333,0.0,4.63,0.0,5.21,0.1908930176805555,0.003973734375,0.0,4.25,1,2022,5,135,0.49999999999999994,-0.8660254037844387,0,0,0,0,0,0,0,0,0,1
2022-05-16,C54762,0.1178169917916666,25.58333333333333,0.0,0.0,,,0.1228481030694444,-0.0050311112777777,,,0,2022,5,136,0.49999999999999994,-0.8660254037844387,0,0,0,0,1,0,0,0,0,0
2022-05-16,C54986,0.1979361580819441,24.0,0.0,0.0,0.0,4.12,0.1985397735054304,-0.0006036154234862,0.0,4.83,0,2022,5,136,0.49999999999999994,-0.8660254037844387,0,0,0,0,0,1,0,0,0,0
2022-05-16,C55D7C,0.1437403409583333,25.20833333333333,0.0,0.0,0.0,3.24,0.1504850774696969,-0.0067447365113636,0.0,4.55,0,2022,5,136,0.49999999999999994,-0.8660254037844387,0,0,0,0,0,0,0,1,0,0
2022-05-16,C58157,0.1997454963055555,26.625,0.0,2.71,0.0,4.12,0.1948667520555555,0.00487874425,0.0,5.21,1,2022,5,136,0.49999999999999994,-0.8660254037844387,0,0,0,0,0,0,0,0,0,1
2022-05-17,C54762,0.1158708958472222,26.416666666666668,0.0,0.0,,,0.1178169917916666,-0.0019460959444444,,,0,2022,5,137,0.49999999999999994,-0.8660254037844387,0,0,0,0,1,0,0,0,0,0
2022-05-17,C54986,0.1974814560205258,27.217391304347824,0.0,0.0,0.01,4.74,0.1979361580819441,-0.0004547020614183,0.0,4.12,0,2022,5,137,0.49999999999999994,-0.8660254037844387,0,0,0,0,0,1,0,0,0,0
2022-05-17,C55D7C,0.1390812866527777,25.916666666666668,0.0,0.0,0.0,2.87,0.1437403409583333,-0.0046590543055555,0.0,3.24,0,2022,5,137,0.49999999999999994,-0.8660254037844387,0,0,0,0,0,0,0,1,0,0
2022-05-17,C58157,0.2005423521805555,27.375,0.0,4.19,0.0,4.51,0.1997454963055555,0.000796855875,0.0,4.12,1,2022,5,137,0.49999999999999994,-0.8660254037844387,0,0,0,0,0,0,0,0,0,1
2022-05-18,C54762,0.1094812964166666,28.791666666666668,0.0,0.0,,,0.1158708958472222,-0.0063895994305555,,,0,2022,5,138,0.49999999999999994,-0.8660254037844387,0,0,0,0,1,0,0,0,0,0
2022-05-18,C54986,0.1967277622938442,26.791666666666668,0.0,0.0,1.0,4.79,0.1974814560205258,-0.0007536937266816,0.01,4.74,0,2022,5,138,0.49999999999999994,-0.8660254037844387,0,0,0,0,0,1,0,0,0,0
2022-05-18,C55D7C,0.1330021206666666,24.0,0.0,0.0,0.0,4.34,0.1390812866527777,-0.0060791659861111,0.0,2.87,0,2022,5,138,0.49999999999999994,-0.8660254037844387,0,0,0,0,0,0,0,1,0,0
2022-05-18,C58157,0.2023793025555555,29.125,0.0,3.51,0.0,4.55,0.2005423521805555,0.0018369503749999,0.0,4.51,1,2022,5,138,0.49999999999999994,-0.8660254037844387,0,0,0,0,0,0,0,0,0,1
2022-05-19,C535CA,0.1127418519523809,25.95,0.4,0.0,0.4,2.9,,,0.0,4.54,0,2022,5,139,0.49999999999999994,-0.8660254037844387,0,0,0,1,0,0,0,0,0,0
2022-05-19,C54762,0.1408565779027777,26.375,22.6000004,0.0,,,0.1094812964166666,0.0313752814861111,,,0,2022,5,139,0.49999999999999994,-0.8660254037844387,0,0,0,0,1,0,0,0,0,0
2022-05-19,C54986,0.1959207154291909,23.0,0.0,0.0,13.0,2.71,0.1967277622938442,-0.0008070468646532,1.0,4.79,0,2022,5,139,0.49999999999999994,-0.8660254037844387,0,0,0,0,0,1,0,0,0,0
2022-05-19,C55D7C,0.1290006819444444,26.25,6.6,0.0,6.6,3.99,0.1330021206666666,-0.0040014387222222,0.0,4.34,0,2022,5,139,0.49999999999999994,-0.8660254037844387,0,0,0,0,0,0,0,1,0,0
2022-05-19,C58157,0.2111729477083333,26.666666666666668,0.0,0.0,2.0,4.45,0.2023793025555555,0.0087936451527778,0.0,4.55,0,2022,5,139,0.49999999999999994,-0.8660254037844387,0,0,0,0,0,0,0,0,0,1
2022-05-20,C535CA,0.1139831408412698,21.761904761904763,7.6,0.0,7.6,1.89,0.1127418519523809,0.0012412888888888,0.4,2.9,0,2022,5,140,0.49999999999999994,-0.8660254037844387,0,0,0,1,0,0,0,0,0,0
2022-05-20,C54762,0.1693581506944444,22.875,7.6,0.0,,,0.1408565779027777,0.0285015727916666,,,0,2022,5,140,0.49999999999999994,-0.8660254037844387,0,0,0,0,1,0,0,0,0,0
2022-05-20,C54986,0.1973230221547252,18.541666666666668,0.0,0.0,6.0,1.93,0.1959207154291909,0.0014023067255343,13.0,2.71,0,2022,5,140,0.49999999999999994,-0.8660254037844387,0,0,0,0,0,1,0,0,0,0
2022-05-20,C55D7C,0.1321702124027778,22.041666666666668,9.2,0.0,9.2,2.13,0.1290006819444444,0.0031695304583333,6.6,3.99,0,2022,5,140,0.49999999999999994,-0.8660254037844387,0,0,0,0,0,0,0,1,0,0
2022-05-20,C58157,0.2200854344583333,22.08333333333333,0.0,0.0,6.5,1.96,0.2111729477083333,0.0089124867499999,2.0,4.45,0,2022,5,140,0.49999999999999994,-0.8660254037844387,0,0,0,0,0,0,0,0,0,1
2022-05-21,C535CA,0.1191194144603174,21.142857142857142,0.0,0.0,0.0,3.43,0.1139831408412698,0.0051362736190476,7.6,1.89,0,2022,5,141,0.49999999999999994,-0.8660254037844387,0,0,0,1,0,0,0,0,0,0
2022-05-21,C54762,0.1765860256388889,21.541666666666668,0.0,0.0,,,0.1693581506944444,0.0072278749444444,,,0,2022,5,141,0.49999999999999994,-0.8660254037844387,0,0,0,0,1,0,0,0,0,0
2022-05-21,C54986,0.1988306094308859,19.625,0.0,0.0,0.0,3.83,0.1973230221547252,0.0015075872761606,6.0,1.93,0,2022,5,141,0.49999999999999994,-0.8660254037844387,0,0,0,0,0,1,0,0,0,0
2022-05-21,C55D7C,0.1465005386944444,21.416666666666668,0.0,0.0,0.0,3.52,0.1321702124027778,0.0143303262916666,9.2,2.13,0,2022,5,141,0.49999999999999994,-0.8660254037844387,0,0,0,0,0,0,0,1,0,0
2022-05-21,C58157,0.2177744109166667,23.20833333333333,0.0,0.0,5.0,3.85,0.2200854344583333,-0.0023110235416666,6.5,1.96,0,2022,5,141,0.49999999999999994,-0.8660254037844387,0,0,0,0,0,0,0,0,0,1
2022-05-22,C535CA,0.119628039,21.42105263157895,0.0,0.0,0.0,4.23,0.1191194144603174,0.0005086245396825,0.0,3.43,0,2022,5,142,0.49999999999999994,-0.8660254037844387,0,0,0,1,0,0,0,0,0,0
2022-05-22,C54762,0.1665042007619047,25.666666666666668,0.0,0.0,,,0.1765860256388889,-0.0100818248769841,,,0,2022,5,142,0.49999999999999994,-0.8660254037844387,0,0,0,0,1,0,0,0,0,0
2022-05-22,C54986,0.1985820729975979,22.166666666666668,0.0,0.0,0.0,3.9,0.1988306094308859,-0.0002485364332879,0.0,3.83,0,2022,5,142,0.49999999999999994,-0.8660254037844387,0,0,0,0,0,1,0,0,0,0
2022-05-22,C55D7C,0.1425807768636363,22.45833333333333,0.0,0.0,0.0,4.38,0.1465005386944444,-0.003919761830808,0.0,3.52,0,2022,5,142,0.49999999999999994,-0.8660254037844387,0,0,0,0,0,0,0,1,0,0
2022-05-22,C58157,0.2083211557222222,24.666666666666668,0.0,0.0,0.0,4.29,0.2177744109166667,-0.0094532551944444,5.0,3.85,0,2022,5,142,0.49999999999999994,-0.8660254037844387,0,0,0,0,0,0,0,0,0,1
2022-05-23,C535CA,0.1187052423958333,24.125,5.0,0.0,5.0,1.77,0.119628039,-0.0009227966041666,0.0,4.23,0,2022,5,143,0.49999999999999994,-0.8660254037844387,0,0,0,1,0,0,0,0,0,0
2022-05-23,C54762,0.1584448196388889,24.5,3.2,0.0,,,0.1665042007619047,-0.0080593811230158,,,0,2022,5,143,0.49999999999999994,-0.8660254037844387,0,0,0,0,1,0,0,0,0,0
2022-05-23,C54986,0.1980848958790783,20.0,0.0,0.0,7.0,1.67,0.1985820729975979,-0.0004971771185196,0.0,3.9,0,2022,5,143,0.49999999999999994,-0.8660254037844387,0,0,0,0,0,1,0,0,0,0
2022-05-23,C55D7C,0.1367762887222222,24.58333333333333,3.2,0.0,3.2,2.83,0.1425807768636363,-0.0058044881414141,0.0,4.38,0,2022,5,143,0.49999999999999994,-0.8660254037844387,0,0,0,0,0,0,0,1,0,0
2022-05-23,C58157,0.2174457518194444,23.875,0.0,3.92,17.0,2.27,0.2083211557222222,0.0091245960972222,0.0,4.29,1,2022,5,143,0.49999999999999994,-0.8660254037844387,0,0,0,0,0,0,0,0,0,1
2022-05-24,C535CA,0.1197394569365079,19.666666666666668,0.6000000000000001,0.0,0.6,3.05,0.1187052423958333,0.0010342145406746,5.0,1.77,0,2022,5,144,0.49999999999999994,-0.8660254037844387,0,0,0,1,0,0,0,0,0,0
2022-05-24,C54762,0.1574818202916666,20.58333333333333,2.2,0.0,,,0.1584448196388889,-0.0009629993472222,,,0,2022,5,144,0.49999999999999994,-0.8660254037844387,0,0,0,0,1,0,0,0,0,0
2022-05-24,C54986,0.1992885159793463,18.375,0.0,0.0,4.0,3.15,0.1980848958790783,0.001203620100268,7.0,1.67,0,2022,5,144,0.49999999999999994,-0.8660254037844387,0,0,0,0,0,1,0,0,0,0
2022-05-24,C55D7C,0.1346518972333333,16.208333333333332,2.8000000000000003,0.0,2.8,2.73,0.1367762887222222,-0.0021243914888889,3.2,2.83,0,2022,5,144,0.49999999999999994,-0.8660254037844387,0,0,0,0,0,0,0,1,0,0
2022-05-24,C58157,0.2412674691944444,21.20833333333333,0.0,0.0,0.0,2.83,0.2174457518194444,0.0238217173749999,17.0,2.27,0,2022,5,144,0.49999999999999994,-0.8660254037844387,0,0,0,0,0,0,0,0,0,1
2022-05-25,C535CA,0.1203616723703703,20.27777777777778,0.0,0.0,0.0,3.19,0.1197394569365079,0.0006222154338624,0.6,3.05,0,2022,5,145,0.49999999999999994,-0.8660254037844387,0,0,0,1,0,0,0,0,0,0
2022-05-25,C54762,0.1543888216388889,20.95833333333333,0.0,0.0,,,0.1574818202916666,-0.0030929986527777,,,0,2022,5,145,0.49999999999999994,-0.8660254037844387,0,0,0,0,1,0,0,0,0,0
2022-05-25,C54986,0.1998533408826251,17.958333333333332,0.0,0.0,0.0,3.09,0.1992885159793463,0.0005648249032787,4.0,3.15,0,2022,5,145,0.49999999999999994,-0.8660254037844387,0,0,0,0,0,1,0,0,0,0
2022-05-25,C55D7C,0.1339700056666666,20.0,0.0,0.0,0.0,3.42,0.1346518972333333,-0.0006818915666666,2.8,2.73,0,2022,5,145,0.49999999999999994,-0.8660254037844387,0,0,0,0,0,0,0,1,0,0
2022-05-25,C58157,0.2342753281805555,21.041666666666668,0.0,0.0,5.0,3.62,0.2412674691944444,-0.0069921410138888,0.0,2.83,0,2022,5,145,0.49999999999999994,-0.8660254037844387,0,0,0,0,0,0,0,0,0,1
2022-05-26,C535CA,0.1191593630833333,22.6875,0.0,0.0,0.0,3.49,0.1203616723703703,-0.001202309287037,0.0,3.19,0,2022,5,146,0.49999999999999994,-0.8660254037844387,0,0,0,1,0,0,0,0,0,0
2022-05-26,C54762,0.1412376304722222,23.25,0.0,0.0,,,0.1543888216388889,-0.0131511911666666,,,0,2022,5,146,0.49999999999999994,-0.8660254037844387,0,0,0,0,1,0,0,0,0,0
2022-05-26,C54986,0.1994044226694536,20.541666666666668,0.0,0.0,0.0,3.35,0.1998533408826251,-0.0004489182131714,0.0,3.09,0,2022,5,146,0.49999999999999994,-0.8660254037844387,0,0,0,0,0,1,0,0,0,0
2022-05-26,C55D7C,0.1304683976249999,23.25,0.0,0.0,0.0,3.54,0.1339700056666666,-0.0035016080416666,0.0,3.42,0,2022,5,146,0.49999999999999994,-0.8660254037844387,0,0,0,0,0,0,0,1,0,0
2022-05-26,C58157,0.2238681500694444,23.875,0.0,0.0,0.0,3.53,0.2342753281805555,-0.010407178111111,5.0,3.62,0,2022,5,146,0.49999999999999994,-0.8660254037844387,0,0,0,0,0,0,0,0,0,1
2022-05-27,C535CA,0.1183275932857143,21.666666666666668,0.8,0.0,0.8,4.02,0.1191593630833333,-0.000831769797619,0.0,3.49,0,2022,5,147,0.49999999999999994,-0.8660254037844387,0,0,0,1,0,0,0,0,0,0
2022-05-27,C54762,0.1235549206388888,21.83333333333333,0.6000000000000001,0.0,,,0.1412376304722222,-0.0176827098333333,,,0,2022,5,147,0.49999999999999994,-0.8660254037844387,0,0,0,0,1,0,0,0,0,0
2022-05-27,C54986,0.1984317729275806,20.791666666666668,0.0,0.0,0.0,4.08,0.1994044226694536,-0.000972649741873,0.0,3.35,0,2022,5,147,0.49999999999999994,-0.8660254037844387,0,0,0,0,0,1,0,0,0,0
2022-05-27,C55D7C,0.1259017725277777,22.25,0.8,0.0,0.8,3.81,0.1304683976249999,-0.0045666250972222,0.0,3.54,0,2022,5,147,0.49999999999999994,-0.8660254037844387,0,0,0,0,0,0,0,1,0,0
2022-05-27,C58157,0.2170305424861111,23.041666666666668,0.0,0.0,4.0,3.65,0.2238681500694444,-0.0068376075833333,0.0,3.53,0,2022,5,147,0.49999999999999994,-0.8660254037844387,0,0,0,0,0,0,0,0,0,1
2022-05-28,C535CA,0.1179824233333333,17.75,0.0,0.0,0.0,3.67,0.1183275932857143,-0.0003451699523809,0.8,4.02,0,2022,5,148,0.49999999999999994,-0.8660254037844387,0,0,0,1,0,0,0,0,0,0
2022-05-28,C54762,0.1061214963055555,19.416666666666668,0.0,0.0,,,0.1235549206388888,-0.0174334243333333,,,0,2022,5,148,0.49999999999999994,-0.8660254037844387,0,0,0,0,1,0,0,0,0,0
2022-05-28,C54986,0.1974902418887916,17.708333333333332,0.0,0.0,0.0,3.38,0.1984317729275806,-0.0009415310387889,0.0,4.08,0,2022,5,148,0.49999999999999994,-0.8660254037844387,0,0,0,0,0,1,0,0,0,0
2022-05-28,C55D7C,0.1217563041319444,20.0,0.0,0.0,0.0,3.62,0.1259017725277777,-0.0041454683958333,0.8,3.81,0,2022,5,148,0.49999999999999994,-0.8660254037844387,0,0,0,0,0,0,0,1,0,0
2022-05-28,C58157,0.2193452952638888,20.375,0.0,7.93,0.0,3.71,0.2170305424861111,0.0023147527777777,4.0,3.65,1,2022,5,148,0.49999999999999994,-0.8660254037844387,0,0,0,0,0,0,0,0,0,1
2022-05-29,C535CA,0.1180161874545454,16.636363636363637,1.8,0.0,1.8,2.22,0.1179824233333333,3.376412121212924e-05,0.0,3.67,0,2022,5,149,0.49999999999999994,-0.8660254037844387,0,0,0,1,0,0,0,0,0,0
2022-05-29,C54762,0.0926512901388889,16.25,0.8,0.0,,,0.1061214963055555,-0.0134702061666666,,,0,2022,5,149,0.49999999999999994,-0.8660254037844387,0,0,0,0,1,0,0,0,0,0
2022-05-29,C54986,0.1969029503380789,15.833333333333334,0.0,0.0,2.0,2.57,0.1974902418887916,-0.0005872915507126,0.0,3.38,0,2022,5,149,0.49999999999999994,-0.8660254037844387,0,0,0,0,0,1,0,0,0,0
2022-05-29,C55D7C,0.1180966805925925,11.0,0.2,0.0,0.2,1.77,0.1217563041319444,-0.0036596235393518,0.0,3.62,0,2022,5,149,0.49999999999999994,-0.8660254037844387,0,0,0,0,0,0,0,1,0,0
2022-05-29,C58157,0.2354266591944444,17.833333333333332,0.0,13.75,0.0,2.37,0.2193452952638888,0.0160813639305555,0.0,3.71,1,2022,5,149,0.49999999999999994,-0.8660254037844387,0,0,0,0,0,0,0,0,0,1
2022-05-30,C535CA,0.1179429639074074,17.444444444444443,0.0,0.0,0.0,2.55,0.1180161874545454,-7.322354713805435e-05,1.8,2.22,0,2022,5,150,0.49999999999999994,-0.8660254037844387,0,0,0,1,0,0,0,0,0,0
2022-05-30,C54762,0.0855036463333333,18.45833333333333,0.0,0.0,,,0.0926512901388889,-0.0071476438055555,,,0,2022,5,150,0.49999999999999994,-0.8660254037844387,0,0,0,0,1,0,0,0,0,0
2022-05-30,C54986,0.1967218600562501,16.041666666666668,0.0,0.0,0.0,2.12,0.1969029503380789,-0.0001810902818288,2.0,2.57,0,2022,5,150,0.49999999999999994,-0.8660254037844387,0,0,0,0,0,1,0,0,0,0
2022-05-30,C55D7C,0.1155007654848484,17.208333333333332,0.0,0.0,0.0,2.63,0.1180966805925925,-0.0025959151077441,0.2,1.77,0,2022,5,150,0.49999999999999994,-0.8660254037844387,0,0,0,0,0,0,0,1,0,0
2022-05-30,C58157,0.2454418174861111,19.125,0.0,5.2,0.5,2.92,0.2354266591944444,0.0100151582916667,0.0,2.37,1,2022,5,150,0.49999999999999994,-0.8660254037844387,0,0,0,0,0,0,0,0,0,1
2022-05-31,C535CA,0.1171325133809523,19.38095238095238,0.4,0.0,0.4,3.16,0.1179429639074074,-0.000810450526455,0.0,2.55,0,2022,5,151,0.49999999999999994,-0.8660254037844387,0,0,0,1,0,0,0,0,0,0
2022-05-31,C54762,0.0779592108395061,19.814814814814813,0.2,0.0,,,0.0855036463333333,-0.0075444354938271,,,0,2022,5,151,0.49999999999999994,-0.8660254037844387,0,0,0,0,1,0,0,0,0,0
2022-05-31,C54986,0.1962778370016561,18.041666666666668,0.0,0.0,1.0,2.83,0.1967218600562501,-0.000444023054594,0.0,2.12,0,2022,5,151,0.49999999999999994,-0.8660254037844387,0,0,0,0,0,1,0,0,0,0
2022-05-31,C55D7C,0.1117194159090909,18.70833333333333,0.2,0.0,0.2,3.28,0.1155007654848484,-0.0037813495757575,0.0,2.63,0,2022,5,151,0.49999999999999994,-0.8660254037844387,0,0,0,0,0,0,0,1,0,0
2022-05-31,C58157,0.2448024913333333,21.33333333333333,0.0,0.0,0.0,3.72,0.2454418174861111,-0.0006393261527777,0.5,2.92,0,2022,5,151,0.49999999999999994,-0.8660254037844387,0,0,0,0,0,0,0,0,0,1
2022-06-01,C535CA,0.1170573586984126,19.09523809523809,0.0,0.0,0.0,3.24,0.1171325133809523,-7.515468253968538e-05,0.4,3.16,0,2022,6,152,1.2246467991473532e-16,-1.0,0,0,0,1,0,0,0,0,0,0
2022-06-01,C54762,0.0725782444814814,17.25,2.2,0.0,,,0.0779592108395061,-0.0053809663580246,,,0,2022,6,152,1.2246467991473532e-16,-1.0,0,0,0,0,1,0,0,0,0,0
2022-06-01,C54986,0.1957348556072929,18.20833333333333,0.0,0.0,0.0,3.51,0.1962778370016561,-0.0005429813943632,1.0,2.83,0,2022,6,152,1.2246467991473532e-16,-1.0,0,0,0,0,0,1,0,0,0,0
2022-06-01,C55D7C,0.1088279766333333,14.875,0.2,0.0,0.2,2.76,0.1117194159090909,-0.0028914392757575,0.2,3.28,0,2022,6,152,1.2246467991473532e-16,-1.0,0,0,0,0,0,0,0,1,0,0
2022-06-01,C58157,0.2369409693472222,19.75,0.0,0.0,0.0,3.82,0.2448024913333333,-0.0078615219861111,0.0,3.72,0,2022,6,152,1.2246467991473532e-16,-1.0,0,0,0,0,0,0,0,0,0,1
2022-06-02,C535CA,0.1168526710555555,18.58333333333333,0.0,0.0,0.0,4.13,0.1170573586984126,-0.0002046876428571,0.0,3.24,0,2022,6,153,1.2246467991473532e-16,-1.0,0,0,0,1,0,0,0,0,0,0
2022-06-02,C54986,0.1951138770237574,20.384615384615383,0.0,0.0,0.0,4.08,0.1957348556072929,-0.0006209785835354,0.0,3.51,0,2022,6,153,1.2246467991473532e-16,-1.0,0,0,0,0,0,1,0,0,0,0
2022-06-02,C55D7C,0.1680583752777777,13.5,41.400000000000006,0.0,41.4,4.27,0.1088279766333333,0.0592303986444444,0.2,2.76,0,2022,6,153,1.2246467991473532e-16,-1.0,0,0,0,0,0,0,0,1,0,0
2022-06-02,C58157,0.2289566545,21.75,0.0,0.0,0.0,4.41,0.2369409693472222,-0.0079843148472222,0.0,3.82,0,2022,6,153,1.2246467991473532e-16,-1.0,0,0,0,0,0,0,0,0,0,1
2022-06-03,C535CA,0.1157558801372549,23.764705882352946,0.0,0.0,0.0,4.7,0.1168526710555555,-0.0010967909183006,0.0,4.13,0,2022,6,154,1.2246467991473532e-16,-1.0,0,0,0,1,0,0,0,0,0,0
2022-06-03,C54986,0.194216157867759,24.791666666666668,0.0,0.0,0.0,4.9,0.1951138770237574,-0.0008977191559984,0.0,4.08,0,2022,6,154,1.2246467991473532e-16,-1.0,0,0,0,0,0,1,0,0,0,0
2022-06-03,C55D7C,0.2459764307121212,22.33333333333333,0.0,0.0,0.0,4.63,0.1680583752777777,0.0779180554343434,41.4,4.27,0,2022,6,154,1.2246467991473532e-16,-1.0,0,0,0,0,0,0,0,1,0,0
2022-06-03,C58157,0.22204162248,25.08,0.0,0.0,0.0,4.13,0.2289566545,-0.0069150320199999,0.0,4.41,0,2022,6,154,1.2246467991473532e-16,-1.0,0,0,0,0,0,0,0,0,0,1
2022-06-04,C535CA,0.1147064704,27.266666666666666,0.6,0.0,0.6,5.03,0.1157558801372549,-0.0010494097372548,0.0,4.7,0,2022,6,155,1.2246467991473532e-16,-1.0,0,0,0,1,0,0,0,0,0,0
2022-06-04,C54986,0.1932300557905766,25.875,0.0,0.0,0.0,5.15,0.194216157867759,-0.0009861020771823,0.0,4.9,0,2022,6,155,1.2246467991473532e-16,-1.0,0,0,0,0,0,1,0,0,0,0
2022-06-04,C55D7C,0.2211918876805555,26.291666666666668,0.0,0.0,0.0,5.22,0.2459764307121212,-0.0247845430315656,0.0,4.63,0,2022,6,155,1.2246467991473532e-16,-1.0,0,0,0,0,0,0,0,1,0,0
2022-06-04,C58157,0.216518091625,28.20833333333333,0.0,0.0,3.5,5.32,0.22204162248,-0.005523530855,0.0,4.13,0,2022,6,155,1.2246467991473532e-16,-1.0,0,0,0,0,0,0,0,0,0,1
2022-06-05,C535CA,0.1475365188333333,23.61111111111111,0.2,0.0,16.7,1.82,0.1147064704,0.0328300484333333,0.6,5.03,0,2022,6,156,1.2246467991473532e-16,-1.0,0,0,0,1,0,0,0,0,0,0
2022-06-05,C54986,0.216119383954158,20.83333333333333,0.0,0.0,40.0,1.49,0.1932300557905766,0.0228893281635814,0.0,5.15,0,2022,6,156,1.2246467991473532e-16,-1.0,0,0,0,0,0,1,0,0,0,0
2022-06-05,C55D7C,0.2256945138749999,23.70833333333333,25.800000000000004,0.0,25.8,1.57,0.2211918876805555,0.0045026261944444,0.0,5.22,0,2022,6,156,1.2246467991473532e-16,-1.0,0,0,0,0,0,0,0,1,0,0
2022-06-05,C58157,0.2372095117083333,24.45833333333333,0.0,0.0,27.0,1.41,0.216518091625,0.0206914200833333,3.5,5.32,0,2022,6,156,1.2246467991473532e-16,-1.0,0,0,0,0,0,0,0,0,0,1
2022-06-06,C535CA,0.2014949844696969,22.181818181818183,0.0,0.0,0.0,2.96,0.1475365188333333,0.0539584656363636,16.7,1.82,0,2022,6,157,1.2246467991473532e-16,-1.0,0,0,0,1,0,0,0,0,0,0
2022-06-06,C54986,0.2202864551527744,19.5,0.0,0.0,0.0,2.67,0.216119383954158,0.0041670711986163,40.0,1.49,0,2022,6,157,1.2246467991473532e-16,-1.0,0,0,0,0,0,1,0,0,0,0
2022-06-06,C55D7C,0.2461027588333333,22.375,0.6000000000000001,0.0,0.6,3.49,0.2256945138749999,0.0204082449583333,25.8,1.57,0,2022,6,157,1.2246467991473532e-16,-1.0,0,0,0,0,0,0,0,1,0,0
2022-06-06,C58157,0.2531396517916666,23.0,0.0,0.0,3.5,3.54,0.2372095117083333,0.0159301400833332,27.0,1.41,0,2022,6,157,1.2246467991473532e-16,-1.0,0,0,0,0,0,0,0,0,0,1
2022-06-07,C535CA,0.1852129857142857,20.52380952380953,0.2,0.0,0.2,2.6,0.2014949844696969,-0.0162819987554112,0.0,2.96,0,2022,6,158,1.2246467991473532e-16,-1.0,0,0,0,1,0,0,0,0,0,0
2022-06-07,C54986,0.211892557804956,19.5,0.0,0.0,1.0,2.74,0.2202864551527744,-0.0083938973478184,0.0,2.67,0,2022,6,158,1.2246467991473532e-16,-1.0,0,0,0,0,0,1,0,0,0,0
2022-06-07,C55D7C,0.2297793696944444,20.541666666666668,1.6,0.0,1.6,1.88,0.2461027588333333,-0.0163233891388888,0.6,3.49,0,2022,6,158,1.2246467991473532e-16,-1.0,0,0,0,0,0,0,0,1,0,0
2022-06-07,C58157,0.244090571625,22.20833333333333,0.0,0.0,3.5,2.22,0.2531396517916666,-0.0090490801666666,3.5,3.54,0,2022,6,158,1.2246467991473532e-16,-1.0,0,0,0,0,0,0,0,0,0,1
2022-06-08,C535CA,0.1936225494736842,20.26315789473684,0.2,0.0,12.2,1.63,0.1852129857142857,0.0084095637593984,0.2,2.6,0,2022,6,159,1.2246467991473532e-16,-1.0,0,0,0,1,0,0,0,0,0,0
2022-06-08,C54986,0.2127144584025785,19.291666666666668,0.0,0.0,12.0,1.98,0.211892557804956,0.0008219005976224,1.0,2.74,0,2022,6,159,1.2246467991473532e-16,-1.0,0,0,0,0,0,1,0,0,0,0
2022-06-08,C55D7C,0.2329101241666666,20.25,11.2000001,0.0,11.2,1.43,0.2297793696944444,0.0031307544722222,1.6,1.88,0,2022,6,159,1.2246467991473532e-16,-1.0,0,0,0,0,0,0,0,1,0,0
2022-06-08,C58157,0.2551669993055556,21.625,0.0,0.0,13.0,1.61,0.244090571625,0.0110764276805555,3.5,2.22,0,2022,6,159,1.2246467991473532e-16,-1.0,0,0,0,0,0,0,0,0,0,1
2022-06-09,C535CA,0.2095641423968254,21.428571428571427,0.0,0.0,0.0,3.58,0.1936225494736842,0.0159415929231411,12.2,1.63,0,2022,6,160,1.2246467991473532e-16,-1.0,0,0,0,1,0,0,0,0,0,0
2022-06-09,C54986,0.2140120739131797,20.625,0.0,0.0,0.12,3.79,0.2127144584025785,0.0012976155106012,12.0,1.98,0,2022,6,160,1.2246467991473532e-16,-1.0,0,0,0,0,0,1,0,0,0,0
2022-06-09,C55D7C,0.2373801671249999,21.25,0.4,0.0,0.4,2.55,0.2329101241666666,0.0044700429583333,11.2,1.43,0,2022,6,160,1.2246467991473532e-16,-1.0,0,0,0,0,0,0,0,1,0,0
2022-06-09,C58157,0.255892071875,23.83333333333333,0.0,0.0,0.0,3.36,0.2551669993055556,0.0007250725694444,13.0,1.61,0,2022,6,160,1.2246467991473532e-16,-1.0,0,0,0,0,0,0,0,0,0,1
2022-06-10,C535CA,0.1977495851594202,23.52173913043478,0.0,0.0,0.0,3.47,0.2095641423968254,-0.0118145572374051,0.0,3.58,0,2022,6,161,1.2246467991473532e-16,-1.0,0,0,0,1,0,0,0,0,0,0
2022-06-10,C54986,0.2081900567783785,23.25,0.0,0.0,0.0,3.48,0.2140120739131797,-0.0058220171348012,0.12,3.79,0,2022,6,161,1.2246467991473532e-16,-1.0,0,0,0,0,0,1,0,0,0,0
2022-06-10,C55D7C,0.2248051572962963,18.33333333333333,0.0,0.0,0.0,2.87,0.2373801671249999,-0.0125750098287036,0.4,2.55,0,2022,6,161,1.2246467991473532e-16,-1.0,0,0,0,0,0,0,0,1,0,0
2022-06-10,C58157,0.2435554465555555,25.875,0.0,0.0,0.0,3.87,0.255892071875,-0.0123366253194444,0.0,3.36,0,2022,6,161,1.2246467991473532e-16,-1.0,0,0,0,0,0,0,0,0,0,1
2022-06-11,C535CA,0.1860905839824561,25.0,0.0,0.0,0.0,4.53,0.1977495851594202,-0.0116590011769641,0.0,3.47,0,2022,6,162,1.2246467991473532e-16,-1.0,0,0,0,1,0,0,0,0,0,0
2022-06-11,C54986,0.204053667220866,24.125,0.0,0.0,0.0,4.8,0.2081900567783785,-0.0041363895575124,0.0,3.48,0,2022,6,162,1.2246467991473532e-16,-1.0,0,0,0,0,0,1,0,0,0,0
2022-06-11,C55D7C,0.2140165603194444,25.70833333333333,0.0,0.0,0.0,4.43,0.2248051572962963,-0.0107885969768518,0.0,2.87,0,2022,6,162,1.2246467991473532e-16,-1.0,0,0,0,0,0,0,0,1,0,0
2022-06-11,C58157,0.2351163529444444,26.25,0.0,0.0,0.0,4.37,0.2435554465555555,-0.008439093611111,0.0,3.87,0,2022,6,162,1.2246467991473532e-16,-1.0,0,0,0,0,0,0,0,0,0,1
2022-06-12,C535CA,0.1755837452962963,21.88888888888889,0.0,0.0,0.0,4.59,0.1860905839824561,-0.0105068386861598,0.0,4.53,0,2022,6,163,1.2246467991473532e-16,-1.0,0,0,0,1,0,0,0,0,0,0
2022-06-12,C54986,0.2000467616781379,21.625,0.0,0.0,0.03,4.59,0.204053667220866,-0.0040069055427281,0.0,4.8,0,2022,6,163,1.2246467991473532e-16,-1.0,0,0,0,0,0,1,0,0,0,0
2022-06-12,C55D7C,0.2009181096818181,22.0,0.0,0.0,0.0,4.62,0.2140165603194444,-0.0130984506376262,0.0,4.43,0,2022,6,163,1.2246467991473532e-16,-1.0,0,0,0,0,0,0,0,1,0,0
2022-06-12,C58157,0.2275555546666666,24.08333333333333,0.0,0.0,0.0,4.54,0.2351163529444444,-0.0075607982777777,0.0,4.37,0,2022,6,163,1.2246467991473532e-16,-1.0,0,0,0,0,0,0,0,0,0,1
2022-06-13,C535CA,0.1681351668148148,20.55555555555556,0.2,0.0,0.2,4.11,0.1755837452962963,-0.0074485784814814,0.0,4.59,0,2022,6,164,1.2246467991473532e-16,-1.0,0,0,0,1,0,0,0,0,0,0
2022-06-13,C54986,0.1968638820909866,21.20833333333333,0.0,0.0,0.0,4.31,0.2000467616781379,-0.0031828795871512,0.03,4.59,0,2022,6,164,1.2246467991473532e-16,-1.0,0,0,0,0,0,1,0,0,0,0
2022-06-13,C55D7C,0.1899100895,22.0,0.0,0.0,0.0,3.79,0.2009181096818181,-0.0110080201818181,0.0,4.62,0,2022,6,164,1.2246467991473532e-16,-1.0,0,0,0,0,0,0,0,1,0,0
2022-06-13,C58157,0.2208791898888888,22.916666666666668,0.0,0.0,0.0,3.88,0.2275555546666666,-0.0066763647777777,0.0,4.54,0,2022,6,164,1.2246467991473532e-16,-1.0,0,0,0,0,0,0,0,0,0,1
2022-06-14,C535CA,0.1630712175263158,20.63157894736842,0.0,0.0,0.0,4.73,0.1681351668148148,-0.005063949288499,0.2,4.11,0,2022,6,165,1.2246467991473532e-16,-1.0,0,0,0,1,0,0,0,0,0,0
2022-06-14,C54986,0.1942359180293228,22.58333333333333,0.0,0.0,0.06,4.54,0.1968638820909866,-0.0026279640616638,0.0,4.31,0,2022,6,165,1.2246467991473532e-16,-1.0,0,0,0,0,0,1,0,0,0,0
2022-06-14,C55D7C,0.1787167223055555,21.83333333333333,0.0,0.0,0.0,4.64,0.1899100895,-0.0111933671944444,0.0,3.79,0,2022,6,165,1.2246467991473532e-16,-1.0,0,0,0,0,0,0,0,1,0,0
2022-06-14,C58157,0.215337876125,23.666666666666668,0.0,0.0,0.0,4.53,0.2208791898888888,-0.0055413137638888,0.0,3.88,0,2022,6,165,1.2246467991473532e-16,-1.0,0,0,0,0,0,0,0,0,0,1
2022-06-15,C535CA,0.1574486914444444,25.33333333333333,0.0,0.0,0.0,5.25,0.1630712175263158,-0.0056225260818713,0.0,4.73,0,2022,6,166,1.2246467991473532e-16,-1.0,0,0,0,1,0,0,0,0,0,0
2022-06-15,C54986,0.1915461739670373,24.875,0.0,0.0,0.0,4.83,0.1942359180293228,-0.0026897440622855,0.06,4.54,0,2022,6,166,1.2246467991473532e-16,-1.0,0,0,0,0,0,1,0,0,0,0
2022-06-15,C55D7C,0.1667624072424242,23.75,0.0,0.0,0.0,5.24,0.1787167223055555,-0.0119543150631312,0.0,4.64,0,2022,6,166,1.2246467991473532e-16,-1.0,0,0,0,0,0,0,0,1,0,0
2022-06-15,C58157,0.2103502125277777,27.45833333333333,0.0,0.0,0.0,5.05,0.215337876125,-0.0049876635972222,0.0,4.53,0,2022,6,166,1.2246467991473532e-16,-1.0,0,0,0,0,0,0,0,0,0,1
2022-06-16,C535CA,0.1527701439565217,26.08695652173913,0.0,0.0,0.0,5.28,0.1574486914444444,-0.0046785474879227,0.0,5.25,0,2022,6,167,1.2246467991473532e-16,-1.0,0,0,0,1,0,0,0,0,0,0
2022-06-16,C54986,0.1891868207422736,26.45833333333333,0.0,0.0,0.09,4.88,0.1915461739670373,-0.0023593532247636,0.0,4.83,0,2022,6,167,1.2246467991473532e-16,-1.0,0,0,0,0,0,1,0,0,0,0
2022-06-16,C55D7C,0.1548582205,23.95833333333333,0.0,0.0,0.0,5.45,0.1667624072424242,-0.0119041867424242,0.0,5.24,0,2022,6,167,1.2246467991473532e-16,-1.0,0,0,0,0,0,0,0,1,0,0
2022-06-16,C58157,0.2055646430138888,28.166666666666668,0.0,0.0,0.0,5.05,0.2103502125277777,-0.0047855695138888,0.0,5.05,0,2022,6,167,1.2246467991473532e-16,-1.0,0,0,0,0,0,0,0,0,0,1
2022-06-17,C535CA,0.1478344283166666,29.85,0.0,0.0,0.0,5.63,0.1527701439565217,-0.004935715639855,0.0,5.28,0,2022,6,168,1.2246467991473532e-16,-1.0,0,0,0,1,0,0,0,0,0,0
2022-06-17,C54986,0.18643316440304,29.70833333333333,0.0,0.0,0.0,6.03,0.1891868207422736,-0.0027536563392335,0.09,4.88,0,2022,6,168,1.2246467991473532e-16,-1.0,0,0,0,0,0,1,0,0,0,0
2022-06-17,C55D7C,0.1422006903174603,26.08695652173913,0.0,0.0,0.0,5.34,0.1548582205,-0.0126575301825396,0.0,5.45,0,2022,6,168,1.2246467991473532e-16,-1.0,0,0,0,0,0,0,0,1,0,0
2022-06-17,C58157,0.2012068036527777,30.45833333333333,0.0,0.0,0.0,5.81,0.2055646430138888,-0.0043578393611111,0.0,5.05,0,2022,6,168,1.2246467991473532e-16,-1.0,0,0,0,0,0,0,0,0,0,1
2022-06-18,C535CA,0.1423205019,32.55,0.0,0.0,0.0,5.8,0.1478344283166666,-0.0055139264166666,0.0,5.63,0,2022,6,169,1.2246467991473532e-16,-1.0,0,0,0,1,0,0,0,0,0,0
2022-06-18,C54986,0.1834421381507094,29.70833333333333,0.0,0.0,0.01,5.79,0.18643316440304,-0.0029910262523306,0.0,6.03,0,2022,6,169,1.2246467991473532e-16,-1.0,0,0,0,0,0,1,0,0,0,0
2022-06-18,C55D7C,0.1267722555416666,33.041666666666664,0.0,0.0,0.0,6.08,0.1422006903174603,-0.0154284347757936,0.0,5.34,0,2022,6,169,1.2246467991473532e-16,-1.0,0,0,0,0,0,0,0,1,0,0
2022-06-18,C58157,0.1967308515466666,34.6,0.0,0.0,0.0,6.51,0.2012068036527777,-0.004475952106111,0.0,5.81,0,2022,6,169,1.2246467991473532e-16,-1.0,0,0,0,0,0,0,0,0,0,1
2022-06-19,C535CA,0.1364082175614035,23.63157894736842,0.2,0.0,0.2,2.9,0.1423205019,-0.0059122843385965,0.0,5.8,0,2022,6,170,1.2246467991473532e-16,-1.0,0,0,0,1,0,0,0,0,0,0
2022-06-19,C54986,0.1837000919612547,20.166666666666668,0.0,0.0,2.6,2.64,0.1834421381507094,0.0002579538105453,0.01,5.79,0,2022,6,170,1.2246467991473532e-16,-1.0,0,0,0,0,0,1,0,0,0,0
2022-06-19,C55D7C,0.1146821806944444,24.041666666666668,0.8,0.0,0.8,3.98,0.1267722555416666,-0.0120900748472222,0.0,6.08,0,2022,6,170,1.2246467991473532e-16,-1.0,0,0,0,0,0,0,0,1,0,0
2022-06-19,C58157,0.1947349499027777,24.291666666666668,0.0,0.0,2.5,3.87,0.1967308515466666,-0.0019959016438889,0.0,6.51,0,2022,6,170,1.2246467991473532e-16,-1.0,0,0,0,0,0,0,0,0,0,1
2022-06-20,C535CA,0.1324317070980392,21.294117647058822,0.2,0.0,0.2,4.34,0.1364082175614035,-0.0039765104633642,0.2,2.9,0,2022,6,171,1.2246467991473532e-16,-1.0,0,0,0,1,0,0,0,0,0,0
2022-06-20,C54986,0.1853571030220633,21.70833333333333,0.0,10.0,0.29,4.23,0.1837000919612547,0.0016570110608085,2.6,2.64,1,2022,6,171,1.2246467991473532e-16,-1.0,0,0,0,0,0,1,0,0,0,0
2022-06-20,C55D7C,0.1089913383333333,21.58333333333333,2.4,0.0,2.4,3.9,0.1146821806944444,-0.0056908423611111,0.8,3.98,0,2022,6,171,1.2246467991473532e-16,-1.0,0,0,0,0,0,0,0,1,0,0
2022-06-20,C58157,0.1946952259861111,24.875,0.0,14.96,0.0,3.67,0.1947349499027777,-3.972391666665076e-05,2.5,3.87,1,2022,6,171,1.2246467991473532e-16,-1.0,0,0,0,0,0,0,0,0,0,1
2022-06-21,C535CA,0.1288984966875,22.1875,0.0,0.0,0.0,2.85,0.1324317070980392,-0.0035332104105392,0.2,4.34,0,2022,6,172,1.2246467991473532e-16,-1.0,0,0,0,1,0,0,0,0,0,0
2022-06-21,C54986,0.1869284433075852,21.20833333333333,0.0,0.0,0.0,3.16,0.1853571030220633,0.0015713402855219,0.29,4.23,0,2022,6,172,1.2246467991473532e-16,-1.0,0,0,0,0,0,1,0,0,0,0
2022-06-21,C55D7C,0.1055712742380952,8.727272727272727,0.0,0.0,0.0,3.43,0.1089913383333333,-0.003420064095238,2.4,3.9,0,2022,6,172,1.2246467991473532e-16,-1.0,0,0,0,0,0,0,0,1,0,0
2022-06-21,C58157,0.1988595632499999,22.25,0.0,0.0,0.0,2.67,0.1946952259861111,0.0041643372638888,0.0,3.67,0,2022,6,172,1.2246467991473532e-16,-1.0,0,0,0,0,0,0,0,0,0,1
2022-06-22,C535CA,0.1244035642888889,25.0,0.0,0.0,0.0,5.33,0.1288984966875,-0.0044949323986111,0.0,2.85,0,2022,6,173,1.2246467991473532e-16,-1.0,0,0,0,1,0,0,0,0,0,0
2022-06-22,C54986,0.189591339944471,24.95833333333333,0.0,10.0,0.0,5.08,0.1869284433075852,0.0026628966368858,0.0,3.16,1,2022,6,173,1.2246467991473532e-16,-1.0,0,0,0,0,0,1,0,0,0,0
2022-06-22,C58157,0.2102307074305555,27.375,0.0,0.0,0.0,4.99,0.1988595632499999,0.0113711441805555,0.0,2.67,0,2022,6,173,1.2246467991473532e-16,-1.0,0,0,0,0,0,0,0,0,0,1
2022-06-23,C535CA,0.113636293125,31.375,0.0,0.0,0.0,5.67,0.1244035642888889,-0.0107672711638888,0.0,5.33,0,2022,6,174,1.2246467991473532e-16,-1.0,0,0,0,1,0,0,0,0,0,0
2022-06-23,C54986,0.1915251292761798,28.95833333333333,0.0,0.0,0.05,5.55,0.189591339944471,0.0019337893317087,0.0,5.08,0,2022,6,174,1.2246467991473532e-16,-1.0,0,0,0,0,0,1,0,0,0,0
2022-06-23,C58157,0.2007484132777778,31.541666666666668,0.0,0.0,13.0,5.4,0.2102307074305555,-0.0094822941527777,0.0,4.99,0,2022,6,174,1.2246467991473532e-16,-1.0,0,0,0,0,0,0,0,0,0,1
2022-06-24,C535CA,0.1329287950166666,25.4,0.2,0.0,44.7,2.86,0.113636293125,0.0192925018916666,0.0,5.67,0,2022,6,175,1.2246467991473532e-16,-1.0,0,0,0,1,0,0,0,0,0,0
2022-06-24,C54986,0.1925511900421999,24.58333333333333,0.0,10.0,5.8,3.11,0.1915251292761798,0.0010260607660201,0.05,5.55,1,2022,6,175,1.2246467991473532e-16,-1.0,0,0,0,0,0,1,0,0,0,0
2022-06-24,C58157,0.2214310256666666,27.125,0.0,0.0,7.0,3.15,0.2007484132777778,0.0206826123888888,13.0,5.4,0,2022,6,175,1.2246467991473532e-16,-1.0,0,0,0,0,0,0,0,0,0,1
2022-06-25,C535CA,0.1375108516333333,26.9,0.0,0.0,3.9,2.45,0.1329287950166666,0.0045820566166666,44.7,2.86,0,2022,6,176,1.2246467991473532e-16,-1.0,0,0,0,1,0,0,0,0,0,0
2022-06-25,C54986,0.1950521172383399,21.95833333333333,0.0,0.0,1.2,2.19,0.1925511900421999,0.00250092719614,5.8,3.11,0,2022,6,176,1.2246467991473532e-16,-1.0,0,0,0,0,0,1,0,0,0,0
2022-06-25,C58157,0.2236634463194444,25.58333333333333,0.0,0.0,4.5,2.72,0.2214310256666666,0.0022324206527778,7.0,3.15,0,2022,6,176,1.2246467991473532e-16,-1.0,0,0,0,0,0,0,0,0,0,1
2022-06-26,C535CA,0.1283069026666666,23.33333333333333,0.0,0.0,0.0,2.98,0.1375108516333333,-0.0092039489666666,3.9,2.45,0,2022,6,177,1.2246467991473532e-16,-1.0,0,0,0,1,0,0,0,0,0,0
2022-06-26,C54986,0.1926608930105978,22.83333333333333,0.0,0.0,0.02,3.6,0.1950521172383399,-0.002391224227742,1.2,2.19,0,2022,6,177,1.2246467991473532e-16,-1.0,0,0,0,0,0,1,0,0,0,0
2022-06-26,C58157,0.2215364832777777,24.95833333333333,0.0,0.0,0.5,2.64,0.2236634463194444,-0.0021269630416666,4.5,2.72,0,2022,6,177,1.2246467991473532e-16,-1.0,0,0,0,0,0,0,0,0,0,1
2022-06-27,C535CA,0.1238228484047619,22.285714285714285,0.0,0.0,6.92,2.0,0.1283069026666666,-0.0044840542619047,0.0,2.98,0,2022,6,178,1.2246467991473532e-16,-1.0,0,0,0,1,0,0,0,0,0,0
2022-06-27,C54762,0.1361569893555555,24.352941176470587,2.8,0.0,,,,,,,0,2022,6,178,1.2246467991473532e-16,-1.0,0,0,0,0,1,0,0,0,0,0
2022-06-27,C54986,0.1905205275552107,21.08333333333333,0.0,0.0,2.2,2.56,0.1926608930105978,-0.0021403654553871,0.02,3.6,0,2022,6,178,1.2246467991473532e-16,-1.0,0,0,0,0,0,1,0,0,0,0
2022-06-27,C58157,0.2184632161111111,23.625,0.0,0.0,4.5,2.3,0.2215364832777777,-0.0030732671666666,0.5,2.64,0,2022,6,178,1.2246467991473532e-16,-1.0,0,0,0,0,0,0,0,0,0,1
2022-06-28,C535CA,0.1250884250416666,22.5,0.0,0.0,0.0,4.65,0.1238228484047619,0.0012655766369047,6.92,2.0,0,2022,6,179,1.2246467991473532e-16,-1.0,0,0,0,1,0,0,0,0,0,0
2022-06-28,C54762,0.1366503152777777,26.666666666666668,0.0,0.0,,,0.1361569893555555,0.0004933259222222,,,0,2022,6,179,1.2246467991473532e-16,-1.0,0,0,0,0,1,0,0,0,0,0
2022-06-28,C54986,0.1881333119782079,24.58333333333333,0.0,0.0,,4.59,0.1905205275552107,-0.0023872155770028,2.2,2.56,0,2022,6,179,1.2246467991473532e-16,-1.0,0,0,0,0,0,1,0,0,0,0
2022-06-28,C58157,0.2167362824166666,25.58333333333333,0.0,0.0,0.0,4.53,0.2184632161111111,-0.0017269336944444,4.5,2.3,0,2022,6,179,1.2246467991473532e-16,-1.0,0,0,0,0,0,0,0,0,0,1
2022-06-29,C535CA,0.1180795607948718,24.153846153846157,0.0,0.0,0.0,4.88,0.1250884250416666,-0.0070088642467948,0.0,4.65,0,2022,6,180,1.2246467991473532e-16,-1.0,0,0,0,1,0,0,0,0,0,0
2022-06-29,C54762,0.1347706354583333,29.08333333333333,0.0,0.0,,,0.1366503152777777,-0.0018796798194444,,,0,2022,6,180,1.2246467991473532e-16,-1.0,0,0,0,0,1,0,0,0,0,0
2022-06-29,C54986,0.1846945640678439,25.625,0.0,10.0,0.02,4.87,0.1881333119782079,-0.0034387479103639,,4.59,1,2022,6,180,1.2246467991473532e-16,-1.0,0,0,0,0,0,1,0,0,0,0
2022-06-29,C58157,0.2065614165555555,29.125,0.0,0.0,0.0,4.95,0.2167362824166666,-0.010174865861111,0.0,4.53,0,2022,6,180,1.2246467991473532e-16,-1.0,0,0,0,0,0,0,0,0,0,1
2022-06-30,2F71D1,0.2338197121538461,23.0,0.0,0.0,12.76,1.45,,,0.0,4.73,0,2022,6,181,1.2246467991473532e-16,-1.0,0,1,0,0,0,0,0,0,0,0
2022-06-30,C535CA,0.1088518115882352,24.352941176470587,0.0,0.0,10.4,2.22,0.1180795607948718,-0.0092277492066365,0.0,4.88,0,2022,6,181,1.2246467991473532e-16,-1.0,0,0,0,1,0,0,0,0,0,0
2022-06-30,C54762,0.1315851915277777,26.666666666666668,6.4,0.0,,,0.1347706354583333,-0.0031854439305555,,,0,2022,6,181,1.2246467991473532e-16,-1.0,0,0,0,0,1,0,0,0,0,0
2022-06-30,C54986,0.1894762727273984,18.83333333333333,0.0,0.0,14.0,1.4,0.1846945640678439,0.0047817086595545,0.02,4.87,0,2022,6,181,1.2246467991473532e-16,-1.0,0,0,0,0,0,1,0,0,0,0
2022-06-30,C58157,0.206765678,23.75,0.0,0.0,12.0,1.9,0.2065614165555555,0.0002042614444444,0.0,4.95,0,2022,6,181,1.2246467991473532e-16,-1.0,0,0,0,0,0,0,0,0,0,1
2022-07-01,2F71D1,0.2567708500555555,23.20833333333333,0.0,0.0,0.0,4.0,0.2338197121538461,0.0229511379017094,12.76,1.45,0,2022,7,182,-0.4999999999999997,-0.8660254037844388,0,1,0,0,0,0,0,0,0,0
2022-07-01,C535CA,0.1232250459803921,21.823529411764707,0.0,0.0,0.0,3.71,0.1088518115882352,0.0143732343921568,10.4,2.22,0,2022,7,182,-0.4999999999999997,-0.8660254037844388,0,0,0,1,0,0,0,0,0,0
2022-07-01,C54762,0.1324843058472222,23.70833333333333,0.0,0.0,,,0.1315851915277777,0.0008991143194444,,,0,2022,7,182,-0.4999999999999997,-0.8660254037844388,0,0,0,0,1,0,0,0,0,0
2022-07-01,C54986,0.1944831588810129,20.666666666666668,0.0,0.0,0.26,3.31,0.1894762727273984,0.0050068861536145,14.0,1.4,0,2022,7,182,-0.4999999999999997,-0.8660254037844388,0,0,0,0,0,1,0,0,0,0
2022-07-01,C58157,0.2218974451388888,23.666666666666668,0.0,0.0,0.0,3.79,0.206765678,0.0151317671388888,12.0,1.9,0,2022,7,182,-0.4999999999999997,-0.8660254037844388,0,0,0,0,0,0,0,0,0,1
2022-07-02,2F71D1,0.2398393511944444,25.75,0.0,0.0,0.0,4.27,0.2567708500555555,-0.0169314988611111,0.0,4.0,0,2022,7,183,-0.4999999999999997,-0.8660254037844388,0,1,0,0,0,0,0,0,0,0
2022-07-02,C535CA,0.1074731184999999,22.625,0.0,0.0,0.0,4.15,0.1232250459803921,-0.0157519274803921,0.0,3.71,0,2022,7,183,-0.4999999999999997,-0.8660254037844388,0,0,0,1,0,0,0,0,0,0
2022-07-02,C54762,0.1323245018055555,27.45833333333333,0.0,0.0,,,0.1324843058472222,-0.0001598040416666,,,0,2022,7,183,-0.4999999999999997,-0.8660254037844388,0,0,0,0,1,0,0,0,0,0
2022-07-02,C54986,0.1912169007719453,23.125,0.0,0.0,0.04,4.58,0.1944831588810129,-0.0032662581090676,0.26,3.31,0,2022,7,183,-0.4999999999999997,-0.8660254037844388,0,0,0,0,0,1,0,0,0,0
2022-07-02,C58157,0.2082875731666666,25.45833333333333,0.0,0.0,0.0,4.66,0.2218974451388888,-0.0136098719722222,0.0,3.79,0,2022,7,183,-0.4999999999999997,-0.8660254037844388,0,0,0,0,0,0,0,0,0,1
2022-07-03,2F71D1,0.2251901033333333,25.25,0.0,0.0,0.0,3.87,0.2398393511944444,-0.0146492478611111,0.0,4.27,0,2022,7,184,-0.4999999999999997,-0.8660254037844388,0,1,0,0,0,0,0,0,0,0
2022-07-03,C535CA,0.0945031551,23.7,0.0,0.0,0.0,4.24,0.1074731184999999,-0.0129699633999999,0.0,4.15,0,2022,7,184,-0.4999999999999997,-0.8660254037844388,0,0,0,1,0,0,0,0,0,0
2022-07-03,C54762,0.1293880118611111,26.58333333333333,0.0,0.0,,,0.1323245018055555,-0.0029364899444444,,,0,2022,7,184,-0.4999999999999997,-0.8660254037844388,0,0,0,0,1,0,0,0,0,0
2022-07-03,C54986,0.1880384618749017,22.291666666666668,0.0,0.0,0.0,3.78,0.1912169007719453,-0.0031784388970435,0.04,4.58,0,2022,7,184,-0.4999999999999997,-0.8660254037844388,0,0,0,0,0,1,0,0,0,0
2022-07-03,C58157,0.1984084208194444,25.166666666666668,0.0,0.0,0.0,4.4,0.2082875731666666,-0.0098791523472222,0.0,4.66,0,2022,7,184,-0.4999999999999997,-0.8660254037844388,0,0,0,0,0,0,0,0,0,1
2022-07-04,2F71D1,0.2142570567638888,25.166666666666668,0.0,0.0,0.0,4.15,0.2251901033333333,-0.0109330465694444,0.0,3.87,0,2022,7,185,-0.4999999999999997,-0.8660254037844388,0,1,0,0,0,0,0,0,0,0
2022-07-04,C535CA,0.0856999119999999,22.0,0.0,0.0,0.0,4.27,0.0945031551,-0.0088032431,0.0,4.24,0,2022,7,185,-0.4999999999999997,-0.8660254037844388,0,0,0,1,0,0,0,0,0,0
2022-07-04,C54762,0.1264160044027777,26.791666666666668,0.0,0.0,,,0.1293880118611111,-0.0029720074583333,,,0,2022,7,185,-0.4999999999999997,-0.8660254037844388,0,0,0,0,1,0,0,0,0,0
2022-07-04,C54986,0.1862167480000087,22.625,0.0,10.0,0.06,3.84,0.1880384618749017,-0.0018217138748929,0.0,3.78,1,2022,7,185,-0.4999999999999997,-0.8660254037844388,0,0,0,0,0,1,0,0,0,0
2022-07-04,C58157,0.1924425845694444,25.33333333333333,0.0,0.0,0.0,4.51,0.1984084208194444,-0.0059658362499999,0.0,4.4,0,2022,7,185,-0.4999999999999997,-0.8660254037844388,0,0,0,0,0,0,0,0,0,1
2022-07-05,2F71D1,0.2058346116527778,24.375,0.0,0.0,0.0,4.34,0.2142570567638888,-0.008422445111111,0.0,4.15,0,2022,7,186,-0.4999999999999997,-0.8660254037844388,0,1,0,0,0,0,0,0,0,0
2022-07-05,C535CA,0.0801762418148148,21.88888888888889,0.0,0.0,0.0,4.04,0.0856999119999999,-0.0055236701851851,0.0,4.27,0,2022,7,186,-0.4999999999999997,-0.8660254037844388,0,0,0,1,0,0,0,0,0,0
2022-07-05,C54762,0.122954820875,26.25,0.0,0.0,,,0.1264160044027777,-0.0034611835277777,,,0,2022,7,186,-0.4999999999999997,-0.8660254037844388,0,0,0,0,1,0,0,0,0,0
2022-07-05,C54986,0.1876554931103687,22.041666666666668,0.0,0.0,0.03,4.01,0.1862167480000087,0.0014387451103599,0.06,3.84,0,2022,7,186,-0.4999999999999997,-0.8660254037844388,0,0,0,0,0,1,0,0,0,0
2022-07-05,C58157,0.1880026839861111,24.041666666666668,0.0,0.0,0.23,4.14,0.1924425845694444,-0.0044399005833333,0.0,4.51,0,2022,7,186,-0.4999999999999997,-0.8660254037844388,0,0,0,0,0,0,0,0,0,1
2022-07-06,2F71D1,0.1989457025416666,25.0,0.0,0.0,0.21,3.88,0.2058346116527778,-0.0068889091111111,0.0,4.34,0,2022,7,187,-0.4999999999999997,-0.8660254037844388,0,1,0,0,0,0,0,0,0,0
2022-07-06,C535CA,0.0762205601428571,20.285714285714285,0.0,0.0,0.0,3.71,0.0801762418148148,-0.0039556816719576,0.0,4.04,0,2022,7,187,-0.4999999999999997,-0.8660254037844388,0,0,0,1,0,0,0,0,0,0
2022-07-06,C54762,0.1201966781594202,24.782608695652176,0.0,0.0,,,0.122954820875,-0.0027581427155797,,,0,2022,7,187,-0.4999999999999997,-0.8660254037844388,0,0,0,0,1,0,0,0,0,0
2022-07-06,C54986,0.1872155865339794,22.08333333333333,0.0,10.0,0.0,3.49,0.1876554931103687,-0.0004399065763893,0.03,4.01,1,2022,7,187,-0.4999999999999997,-0.8660254037844388,0,0,0,0,0,1,0,0,0,0
2022-07-06,C58157,0.18441904825,24.20833333333333,0.0,0.0,0.03,3.77,0.1880026839861111,-0.0035836357361111,0.23,4.14,0,2022,7,187,-0.4999999999999997,-0.8660254037844388,0,0,0,0,0,0,0,0,0,1
2022-07-07,2F71D1,0.1956969818055555,23.58333333333333,0.0,15.0,0.0,3.39,0.1989457025416666,-0.0032487207361111,0.21,3.88,1,2022,7,188,-0.4999999999999997,-0.8660254037844388,0,1,0,0,0,0,0,0,0,0
2022-07-07,C535CA,0.0728797492083333,23.125,0.0,0.0,0.0,2.83,0.0762205601428571,-0.0033408109345238,0.0,3.71,0,2022,7,188,-0.4999999999999997,-0.8660254037844388,0,0,0,1,0,0,0,0,0,0
2022-07-07,C54762,0.1175710867777777,24.25,1.2,0.0,,,0.1201966781594202,-0.0026255913816425,,,0,2022,7,188,-0.4999999999999997,-0.8660254037844388,0,0,0,0,1,0,0,0,0,0
2022-07-07,C54986,0.189213565515396,21.666666666666668,0.0,0.0,0.29,2.99,0.1872155865339794,0.0019979789814165,0.0,3.49,0,2022,7,188,-0.4999999999999997,-0.8660254037844388,0,0,0,0,0,1,0,0,0,0
2022-07-07,C58157,0.1819907171111111,24.25,0.0,0.0,0.97,3.0,0.18441904825,-0.0024283311388888,0.03,3.77,0,2022,7,188,-0.4999999999999997,-0.8660254037844388,0,0,0,0,0,0,0,0,0,1
2022-07-08,2F71D1,0.1996571665138888,26.33333333333333,0.0,0.0,0.0,4.63,0.1956969818055555,0.0039601847083333,0.0,3.39,0,2022,7,189,-0.4999999999999997,-0.8660254037844388,0,1,0,0,0,0,0,0,0,0
2022-07-08,C535CA,0.070950919,27.33333333333333,0.0,0.0,0.0,4.6,0.0728797492083333,-0.0019288302083333,0.0,2.83,0,2022,7,189,-0.4999999999999997,-0.8660254037844388,0,0,0,1,0,0,0,0,0,0
2022-07-08,C54762,0.1154686961388888,26.58333333333333,0.0,0.0,,,0.1175710867777777,-0.0021023906388888,,,0,2022,7,189,-0.4999999999999997,-0.8660254037844388,0,0,0,0,1,0,0,0,0,0
2022-07-08,C54986,0.1871666733354754,23.166666666666668,0.0,10.0,0.04,4.11,0.189213565515396,-0.0020468921799205,0.29,2.99,1,2022,7,189,-0.4999999999999997,-0.8660254037844388,0,0,0,0,0,1,0,0,0,0
2022-07-08,C58157,0.1848195556111111,25.75,0.0,16.2,0.0,4.45,0.1819907171111111,0.0028288384999999,0.97,3.0,1,2022,7,189,-0.4999999999999997,-0.8660254037844388,0,0,0,0,0,0,0,0,0,1
2022-07-09,2F71D1,0.1961351594861111,25.625,0.0,0.0,0.0,4.13,0.1996571665138888,-0.0035220070277777,0.0,4.63,0,2022,7,190,-0.4999999999999997,-0.8660254037844388,0,1,0,0,0,0,0,0,0,0
2022-07-09,C535CA,0.0757534667777777,26.666666666666668,0.0,0.0,0.0,3.92,0.070950919,0.0048025477777777,0.0,4.6,0,2022,7,190,-0.4999999999999997,-0.8660254037844388,0,0,0,1,0,0,0,0,0,0
2022-07-09,C54762,0.1133248431527777,26.625,0.0,0.0,,,0.1154686961388888,-0.002143852986111,,,0,2022,7,190,-0.4999999999999997,-0.8660254037844388,0,0,0,0,1,0,0,0,0,0
2022-07-09,C54986,0.18984470640826,22.625,0.0,0.0,0.01,3.73,0.1871666733354754,0.0026780330727845,0.04,4.11,0,2022,7,190,-0.4999999999999997,-0.8660254037844388,0,0,0,0,0,1,0,0,0,0
2022-07-09,C58157,0.1974589239583333,25.58333333333333,0.0,0.0,0.0,4.3,0.1848195556111111,0.0126393683472222,0.0,4.45,0,2022,7,190,-0.4999999999999997,-0.8660254037844388,0,0,0,0,0,0,0,0,0,1
2022-07-10,2F71D1,0.1914611533466667,25.48,0.0,0.0,0.0,4.48,0.1961351594861111,-0.0046740061394444,0.0,4.13,0,2022,7,191,-0.4999999999999997,-0.8660254037844388,0,1,0,0,0,0,0,0,0,0
2022-07-10,C535CA,0.1581863207037037,19.88888888888889,0.2,0.0,0.2,3.67,0.0757534667777777,0.0824328539259259,0.0,3.92,0,2022,7,191,-0.4999999999999997,-0.8660254037844388,0,0,0,1,0,0,0,0,0,0
2022-07-10,C54762,0.1116649549305555,23.375,0.0,0.0,,,0.1133248431527777,-0.0016598882222222,,,0,2022,7,191,-0.4999999999999997,-0.8660254037844388,0,0,0,0,1,0,0,0,0,0
2022-07-10,C54986,0.1856359135624726,23.416666666666668,0.0,0.0,0.0,4.11,0.18984470640826,-0.0042087928457873,0.01,3.73,0,2022,7,191,-0.4999999999999997,-0.8660254037844388,0,0,0,0,0,1,0,0,0,0
2022-07-10,C58157,0.1902624613055555,24.166666666666668,0.0,0.0,0.25,3.76,0.1974589239583333,-0.0071964626527777,0.0,4.3,0,2022,7,191,-0.4999999999999997,-0.8660254037844388,0,0,0,0,0,0,0,0,0,1
2022-07-11,2F71D1,0.1858236344444444,27.166666666666668,0.0,15.0,0.0,4.96,0.1914611533466667,-0.0056375189022222,0.0,4.48,1,2022,7,192,-0.4999999999999997,-0.8660254037844388,0,1,0,0,0,0,0,0,0,0
2022-07-11,C535CA,0.2283420581777777,22.466666666666665,0.0,30.0,0.0,4.17,0.1581863207037037,0.070155737474074,0.2,3.67,1,2022,7,192,-0.4999999999999997,-0.8660254037844388,0,0,0,1,0,0,0,0,0,0
2022-07-11,C54762,0.1097193008055555,24.166666666666668,0.0,0.0,,,0.1116649549305555,-0.001945654125,,,0,2022,7,192,-0.4999999999999997,-0.8660254037844388,0,0,0,0,1,0,0,0,0,0
2022-07-11,C54986,0.1810869044964279,25.625,0.0,10.0,0.02,4.6,0.1856359135624726,-0.0045490090660446,0.0,4.11,1,2022,7,192,-0.4999999999999997,-0.8660254037844388,0,0,0,0,0,1,0,0,0,0
2022-07-11,C58157,0.1843774816805555,27.33333333333333,0.0,0.0,0.04,4.3,0.1902624613055555,-0.005884979625,0.25,3.76,0,2022,7,192,-0.4999999999999997,-0.8660254037844388,0,0,0,0,0,0,0,0,0,1
2022-07-12,2F71D1,0.1843819535,28.916666666666668,0.0,0.0,0.71,4.65,0.1858236344444444,-0.0014416809444444,0.0,4.96,0,2022,7,193,-0.4999999999999997,-0.8660254037844388,0,1,0,0,0,0,0,0,0,0
2022-07-12,C535CA,0.2151673766666667,18.8,0.0,0.0,0.0,4.68,0.2283420581777777,-0.013174681511111,0.0,4.17,0,2022,7,193,-0.4999999999999997,-0.8660254037844388,0,0,0,1,0,0,0,0,0,0
2022-07-12,C54762,0.1803941449166666,28.125,26.8,0.0,,,0.1097193008055555,0.0706748441111111,,,0,2022,7,193,-0.4999999999999997,-0.8660254037844388,0,0,0,0,1,0,0,0,0,0
2022-07-12,C54986,0.1778598966492072,27.416666666666668,0.0,0.0,0.0,4.3,0.1810869044964279,-0.0032270078472207,0.02,4.6,0,2022,7,193,-0.4999999999999997,-0.8660254037844388,0,0,0,0,0,1,0,0,0,0
2022-07-12,C58157,0.1788408925555555,29.166666666666668,0.0,0.0,0.0,4.85,0.1843774816805555,-0.005536589125,0.04,4.3,0,2022,7,193,-0.4999999999999997,-0.8660254037844388,0,0,0,0,0,0,0,0,0,1
2022-07-13,2F71D1,0.1804425004166666,30.33333333333333,0.0,0.0,0.03,4.81,0.1843819535,-0.0039394530833333,0.71,4.65,0,2022,7,194,-0.4999999999999997,-0.8660254037844388,0,1,0,0,0,0,0,0,0,0
2022-07-13,C535CA,0.1959601376666666,23.666666666666668,0.0,0.0,0.0,4.55,0.2151673766666667,-0.019207239,0.0,4.68,0,2022,7,194,-0.4999999999999997,-0.8660254037844388,0,0,0,1,0,0,0,0,0,0
2022-07-13,C54762,0.1980503601666666,29.666666666666668,0.0,0.0,,,0.1803941449166666,0.01765621525,,,0,2022,7,194,-0.4999999999999997,-0.8660254037844388,0,0,0,0,1,0,0,0,0,0
2022-07-13,C54986,0.1775775773051842,28.375,0.0,10.0,0.0,5.19,0.1778598966492072,-0.0002823193440229,0.0,4.3,1,2022,7,194,-0.4999999999999997,-0.8660254037844388,0,0,0,0,0,1,0,0,0,0
2022-07-13,C58157,0.1837418219722222,30.70833333333333,0.0,18.2,0.9,6.37,0.1788408925555555,0.0049009294166666,0.0,4.85,1,2022,7,194,-0.4999999999999997,-0.8660254037844388,0,0,0,0,0,0,0,0,0,1
2022-07-14,2F71D1,0.1749810499722222,27.08333333333333,0.0,15.0,0.49,4.75,0.1804425004166666,-0.0054614504444444,0.03,4.81,1,2022,7,195,-0.4999999999999997,-0.8660254037844388,0,1,0,0,0,0,0,0,0,0
2022-07-14,C535CA,0.1792307996666666,26.5,0.0,0.0,0.0,4.32,0.1959601376666666,-0.0167293379999999,0.0,4.55,0,2022,7,195,-0.4999999999999997,-0.8660254037844388,0,0,0,1,0,0,0,0,0,0
2022-07-14,C54762,0.1812650785833333,26.625,0.0,0.0,,,0.1980503601666666,-0.0167852815833333,,,0,2022,7,195,-0.4999999999999997,-0.8660254037844388,0,0,0,0,1,0,0,0,0,0
2022-07-14,C54986,0.1770503793870692,25.75,0.0,0.0,1.58,4.43,0.1775775773051842,-0.000527197918115,0.0,5.19,0,2022,7,195,-0.4999999999999997,-0.8660254037844388,0,0,0,0,0,1,0,0,0,0
2022-07-14,C55D7C,0.0754263516888888,30.5,0.0,0.0,0.0,4.62,,,0.0,4.09,0,2022,7,195,-0.4999999999999997,-0.8660254037844388,0,0,0,0,0,0,0,1,0,0
2022-07-14,C58157,0.2009431907083333,27.83333333333333,0.0,0.0,0.37,4.51,0.1837418219722222,0.0172013687361111,0.9,6.37,0,2022,7,195,-0.4999999999999997,-0.8660254037844388,0,0,0,0,0,0,0,0,0,1
2022-07-15,2F71D1,0.1730662629583333,25.0,0.0,0.0,0.84,4.28,0.1749810499722222,-0.0019147870138888,0.49,4.75,0,2022,7,196,-0.4999999999999997,-0.8660254037844388,0,1,0,0,0,0,0,0,0,0
2022-07-15,C535CA,0.1650526392222222,21.0,0.0,0.0,0.0,4.36,0.1792307996666666,-0.0141781604444444,0.0,4.32,0,2022,7,196,-0.4999999999999997,-0.8660254037844388,0,0,0,1,0,0,0,0,0,0
2022-07-15,C54762,0.1693138050555555,25.375,0.0,0.0,,,0.1812650785833333,-0.0119512735277777,,,0,2022,7,196,-0.4999999999999997,-0.8660254037844388,0,0,0,0,1,0,0,0,0,0
2022-07-15,C54986,0.1768421548368509,23.0,0.0,10.0,0.01,3.95,0.1770503793870692,-0.0002082245502183,1.58,4.43,1,2022,7,196,-0.4999999999999997,-0.8660254037844388,0,0,0,0,0,1,0,0,0,0
2022-07-15,C55D7C,0.0748860442727272,23.041666666666668,0.0,0.0,0.0,4.0,0.0754263516888888,-0.0005403074161616,0.0,4.62,0,2022,7,196,-0.4999999999999997,-0.8660254037844388,0,0,0,0,0,0,0,1,0,0
2022-07-15,C58157,0.1923548897638889,24.70833333333333,0.0,0.0,0.2,4.18,0.2009431907083333,-0.0085883009444444,0.37,4.51,0,2022,7,196,-0.4999999999999997,-0.8660254037844388,0,0,0,0,0,0,0,0,0,1
2022-07-16,2F71D1,0.1688850000277777,25.70833333333333,0.0,0.0,0.45,4.81,0.1730662629583333,-0.0041812629305555,0.84,4.28,0,2022,7,197,-0.4999999999999997,-0.8660254037844388,0,1,0,0,0,0,0,0,0,0
2022-07-16,C535CA,0.1595064586666666,22.0,0.0,0.0,0.0,4.69,0.1650526392222222,-0.0055461805555555,0.0,4.36,0,2022,7,197,-0.4999999999999997,-0.8660254037844388,0,0,0,1,0,0,0,0,0,0
2022-07-16,C54762,0.1594255753030302,25.727272727272727,0.0,0.0,,,0.1693138050555555,-0.0098882297525252,,,0,2022,7,197,-0.4999999999999997,-0.8660254037844388,0,0,0,0,1,0,0,0,0,0
2022-07-16,C54986,0.1787183919286637,23.75,0.0,0.0,0.0,4.73,0.1768421548368509,0.0018762370918128,0.01,3.95,0,2022,7,197,-0.4999999999999997,-0.8660254037844388,0,0,0,0,0,1,0,0,0,0
2022-07-16,C55D7C,0.0824129552916666,24.25,15.8,0.0,15.8,4.08,0.0748860442727272,0.0075269110189393,0.0,4.0,0,2022,7,197,-0.4999999999999997,-0.8660254037844388,0,0,0,0,0,0,0,1,0,0
2022-07-16,C58157,0.1846460604583333,25.20833333333333,0.0,0.0,0.75,1.52,0.1923548897638889,-0.0077088293055555,0.2,4.18,0,2022,7,197,-0.4999999999999997,-0.8660254037844388,0,0,0,0,0,0,0,0,0,1
2022-07-17,2F71D1,0.1603629132222222,26.666666666666668,0.0,0.0,0.23,4.93,0.1688850000277777,-0.0085220868055555,0.45,4.81,0,2022,7,198,-0.4999999999999997,-0.8660254037844388,0,1,0,0,0,0,0,0,0,0
2022-07-17,C54762,0.1507941501388889,26.95833333333333,0.0,0.0,,,0.1594255753030302,-0.0086314251641413,,,0,2022,7,198,-0.4999999999999997,-0.8660254037844388,0,0,0,0,1,0,0,0,0,0
2022-07-17,C54986,0.1744934542575082,25.041666666666668,0.0,0.0,0.0,4.58,0.1787183919286637,-0.0042249376711555,0.0,4.73,0,2022,7,198,-0.4999999999999997,-0.8660254037844388,0,0,0,0,0,1,0,0,0,0
2022-07-17,C55D7C,0.0918302956521739,25.166666666666668,0.0,0.0,0.0,4.76,0.0824129552916666,0.0094173403605072,15.8,4.08,0,2022,7,198,-0.4999999999999997,-0.8660254037844388,0,0,0,0,0,0,0,1,0,0
2022-07-17,C58157,0.1784037798611111,25.83333333333333,0.0,0.0,0.0,5.01,0.1846460604583333,-0.0062422805972222,0.75,1.52,0,2022,7,198,-0.4999999999999997,-0.8660254037844388,0,0,0,0,0,0,0,0,0,1
2022-07-18,2F71D1,0.1491354925,30.291666666666668,0.0,12.0,0.56,5.49,0.1603629132222222,-0.0112274207222222,0.23,4.93,1,2022,7,199,-0.4999999999999997,-0.8660254037844388,0,1,0,0,0,0,0,0,0,0
2022-07-18,C535CA,0.1291855813333333,16.0,0.0,0.0,0.0,5.46,0.1595064586666666,-0.0303208773333333,0.0,4.69,0,2022,7,199,-0.4999999999999997,-0.8660254037844388,0,0,0,1,0,0,0,0,0,0
2022-07-18,C54762,0.1387868903611111,31.58333333333333,0.0,0.0,,,0.1507941501388889,-0.0120072597777777,,,0,2022,7,199,-0.4999999999999997,-0.8660254037844388,0,0,0,0,1,0,0,0,0,0
2022-07-18,C54986,0.1716329125350475,29.875,0.0,15.0,0.04,5.13,0.1744934542575082,-0.0028605417224607,0.0,4.58,1,2022,7,199,-0.4999999999999997,-0.8660254037844388,0,0,0,0,0,1,0,0,0,0
2022-07-18,C55D7C,0.092652570289855,29.875,0.0,0.0,0.0,5.29,0.0918302956521739,0.0008222746376811,0.0,4.76,0,2022,7,199,-0.4999999999999997,-0.8660254037844388,0,0,0,0,0,0,0,1,0,0
2022-07-18,C58157,0.1730991160972222,30.45833333333333,0.0,8.8,0.05,6.0,0.1784037798611111,-0.0053046637638889,0.0,5.01,1,2022,7,199,-0.4999999999999997,-0.8660254037844388,0,0,0,0,0,0,0,0,0,1
2022-07-19,2F71D1,0.1410852801944444,33.0,0.0,0.0,0.41,7.39,0.1491354925,-0.0080502123055555,0.56,5.49,0,2022,7,200,-0.4999999999999997,-0.8660254037844388,0,1,0,0,0,0,0,0,0,0
2022-07-19,C535CA,0.1113037536666666,19.5,0.0,0.0,0.0,6.42,0.1291855813333333,-0.0178818276666666,0.0,5.46,0,2022,7,200,-0.4999999999999997,-0.8660254037844388,0,0,0,1,0,0,0,0,0,0
2022-07-19,C54762,0.1227495837866666,34.72,0.0,0.0,,,0.1387868903611111,-0.0160373065744444,,,0,2022,7,200,-0.4999999999999997,-0.8660254037844388,0,0,0,0,1,0,0,0,0,0
2022-07-19,C54986,0.171159416338806,33.625,0.0,0.0,0.0,6.95,0.1716329125350475,-0.0004734961962415,0.04,5.13,0,2022,7,200,-0.4999999999999997,-0.8660254037844388,0,0,0,0,0,1,0,0,0,0
2022-07-19,C55D7C,0.092048808173913,33.958333333333336,0.0,0.0,0.0,6.38,0.092652570289855,-0.000603762115942,0.0,5.29,0,2022,7,200,-0.4999999999999997,-0.8660254037844388,0,0,0,0,0,0,0,1,0,0
2022-07-19,C58157,0.1708404365,33.666666666666664,0.0,0.0,0.0,7.6,0.1730991160972222,-0.0022586795972222,0.05,6.0,0,2022,7,200,-0.4999999999999997,-0.8660254037844388,0,0,0,0,0,0,0,0,0,1
2022-07-20,2F71D1,0.1359700532638889,27.0,0.0,0.0,2.37,2.6,0.1410852801944444,-0.0051152269305555,0.41,7.39,0,2022,7,201,-0.4999999999999997,-0.8660254037844388,0,1,0,0,0,0,0,0,0,0
2022-07-20,C54762,0.1110694541527777,30.666666666666668,0.0,0.0,,,0.1227495837866666,-0.0116801296338888,,,0,2022,7,201,-0.4999999999999997,-0.8660254037844388,0,0,0,0,1,0,0,0,0,0
2022-07-20,C54986,0.1685945872675048,25.375,0.0,0.0,1.0,2.7,0.171159416338806,-0.0025648290713011,0.0,6.95,0,2022,7,201,-0.4999999999999997,-0.8660254037844388,0,0,0,0,0,1,0,0,0,0
2022-07-20,C55D7C,0.0904583692638889,31.916666666666668,0.0,0.0,0.0,4.57,0.092048808173913,-0.0015904389100241,0.0,6.38,0,2022,7,201,-0.4999999999999997,-0.8660254037844388,0,0,0,0,0,0,0,1,0,0
2022-07-20,C58157,0.1684286394722222,29.041666666666668,0.0,0.0,2.4,3.6,0.1708404365,-0.0024117970277777,0.0,7.6,0,2022,7,201,-0.4999999999999997,-0.8660254037844388,0,0,0,0,0,0,0,0,0,1
2022-07-21,2F71D1,0.1724389851388889,22.875,0.0,0.0,13.19,2.07,0.1359700532638889,0.036468931875,2.37,2.6,0,2022,7,202,-0.4999999999999997,-0.8660254037844388,0,1,0,0,0,0,0,0,0,0
2022-07-21,C54762,0.1103201854166666,23.875,7.8000004,0.0,,,0.1110694541527777,-0.0007492687361111,,,0,2022,7,202,-0.4999999999999997,-0.8660254037844388,0,0,0,0,1,0,0,0,0,0
2022-07-21,C54986,0.1698315550622367,22.0,0.0,0.0,2.0,1.63,0.1685945872675048,0.0012369677947318,1.0,2.7,0,2022,7,202,-0.4999999999999997,-0.8660254037844388,0,0,0,0,0,1,0,0,0,0
2022-07-21,C55D7C,0.0887548008055555,23.791666666666668,7.2000004,0.0,7.2,1.15,0.0904583692638889,-0.0017035684583333,0.0,4.57,0,2022,7,202,-0.4999999999999997,-0.8660254037844388,0,0,0,0,0,0,0,1,0,0
2022-07-21,C58157,0.1740389944166666,24.375,0.0,0.0,6.8,1.35,0.1684286394722222,0.0056103549444444,2.4,3.6,0,2022,7,202,-0.4999999999999997,-0.8660254037844388,0,0,0,0,0,0,0,0,0,1
2022-07-22,2F71D1,0.1938359233055555,23.95833333333333,0.0,0.0,0.75,2.9,0.1724389851388889,0.0213969381666666,13.19,2.07,0,2022,7,203,-0.4999999999999997,-0.8660254037844388,0,1,0,0,0,0,0,0,0,0
2022-07-22,C54762,0.1167026259027777,26.416666666666668,0.0,0.0,,,0.1103201854166666,0.0063824404861111,,,0,2022,7,203,-0.4999999999999997,-0.8660254037844388,0,0,0,0,1,0,0,0,0,0
2022-07-22,C54986,0.170946565243922,22.291666666666668,0.0,15.0,0.0,2.55,0.1698315550622367,0.0011150101816853,2.0,1.63,1,2022,7,203,-0.4999999999999997,-0.8660254037844388,0,0,0,0,0,1,0,0,0,0
2022-07-22,C55D7C,0.0901323918888888,26.125,0.0,0.0,0.0,3.54,0.0887548008055555,0.0013775910833333,7.2,1.15,0,2022,7,203,-0.4999999999999997,-0.8660254037844388,0,0,0,0,0,0,0,1,0,0
2022-07-22,C58157,0.1797852683888889,25.041666666666668,0.0,0.0,0.8,3.12,0.1740389944166666,0.0057462739722222,6.8,1.35,0,2022,7,203,-0.4999999999999997,-0.8660254037844388,0,0,0,0,0,0,0,0,0,1
2022-07-23,2F71D1,0.182604082375,26.70833333333333,0.0,0.0,0.0,3.83,0.1938359233055555,-0.0112318409305555,0.75,2.9,0,2022,7,204,-0.4999999999999997,-0.8660254037844388,0,1,0,0,0,0,0,0,0,0
2022-07-23,C54762,0.1145772026805555,27.75,0.2,0.0,,,0.1167026259027777,-0.0021254232222222,,,0,2022,7,204,-0.4999999999999997,-0.8660254037844388,0,0,0,0,1,0,0,0,0,0
2022-07-23,C54986,0.1732982730628302,25.041666666666668,0.0,0.0,0.02,4.09,0.170946565243922,0.0023517078189081,0.0,2.55,0,2022,7,204,-0.4999999999999997,-0.8660254037844388,0,0,0,0,0,1,0,0,0,0
2022-07-23,C55D7C,0.0909946546333333,22.791666666666668,0.4,0.0,0.4,4.53,0.0901323918888888,0.0008622627444444,0.0,3.54,0,2022,7,204,-0.4999999999999997,-0.8660254037844388,0,0,0,0,0,0,0,1,0,0
2022-07-23,C58157,0.1768305739444444,27.95833333333333,0.0,0.0,0.2,4.19,0.1797852683888889,-0.0029546944444444,0.8,3.12,0,2022,7,204,-0.4999999999999997,-0.8660254037844388,0,0,0,0,0,0,0,0,0,1
2022-07-24,2F71D1,0.1669048291527778,29.45833333333333,0.0,0.0,0.41,5.81,0.182604082375,-0.0156992532222222,0.0,3.83,0,2022,7,205,-0.4999999999999997,-0.8660254037844388,0,1,0,0,0,0,0,0,0,0
2022-07-24,C535CA,0.2621571966666666,20.33333333333333,0.0,0.0,0.0,5.41,0.1113037536666666,0.1508534429999999,0.0,6.42,0,2022,7,205,-0.4999999999999997,-0.8660254037844388,0,0,0,1,0,0,0,0,0,0
2022-07-24,C54762,0.1083274177777777,30.45833333333333,0.0,0.0,,,0.1145772026805555,-0.0062497849027777,,,0,2022,7,205,-0.4999999999999997,-0.8660254037844388,0,0,0,0,1,0,0,0,0,0
2022-07-24,C54986,0.1685871973636955,28.75,0.0,0.0,0.12,5.8,0.1732982730628302,-0.0047110756991346,0.02,4.09,0,2022,7,205,-0.4999999999999997,-0.8660254037844388,0,0,0,0,0,1,0,0,0,0
2022-07-24,C55D7C,0.0908036293611111,31.0,0.0,0.0,0.0,5.0,0.0909946546333333,-0.0001910252722222,0.4,4.53,0,2022,7,205,-0.4999999999999997,-0.8660254037844388,0,0,0,0,0,0,0,1,0,0
2022-07-24,C58157,0.1712017130416666,30.5,0.0,0.0,0.9,5.64,0.1768305739444444,-0.0056288609027777,0.2,4.19,0,2022,7,205,-0.4999999999999997,-0.8660254037844388,0,0,0,0,0,0,0,0,0,1
2022-07-25,2F71D1,0.1516507177361111,26.541666666666668,0.0,10.0,0.0,3.62,0.1669048291527778,-0.0152541114166666,0.41,5.81,1,2022,7,206,-0.4999999999999997,-0.8660254037844388,0,1,0,0,0,0,0,0,0,0
2022-07-25,C54762,0.1012039601249999,28.375,0.0,0.0,,,0.1083274177777777,-0.0071234576527777,,,0,2022,7,206,-0.4999999999999997,-0.8660254037844388,0,0,0,0,1,0,0,0,0,0
2022-07-25,C54986,0.1663730333803243,24.25,0.0,10.0,0.0,3.91,0.1685871973636955,-0.0022141639833712,0.12,5.8,1,2022,7,206,-0.4999999999999997,-0.8660254037844388,0,0,0,0,0,1,0,0,0,0
2022-07-25,C55D7C,0.0893710649999999,29.58333333333333,0.0,0.0,0.0,3.98,0.0908036293611111,-0.0014325643611111,0.0,5.0,0,2022,7,206,-0.4999999999999997,-0.8660254037844388,0,0,0,0,0,0,0,1,0,0
2022-07-25,C58157,0.176916433125,28.291666666666668,0.0,16.1,0.0,4.88,0.1712017130416666,0.0057147200833333,0.9,5.64,1,2022,7,206,-0.4999999999999997,-0.8660254037844388,0,0,0,0,0,0,0,0,0,1
2022-07-26,2F71D1,0.1470389909444444,23.541666666666668,0.0,0.0,0.0,2.78,0.1516507177361111,-0.0046117267916666,0.0,3.62,0,2022,7,207,-0.4999999999999997,-0.8660254037844388,0,1,0,0,0,0,0,0,0,0
2022-07-26,C54762,0.0981905842361111,24.83333333333333,0.2,0.0,,,0.1012039601249999,-0.0030133758888888,,,0,2022,7,207,-0.4999999999999997,-0.8660254037844388,0,0,0,0,1,0,0,0,0,0
2022-07-26,C54986,0.1807627588002732,22.166666666666668,0.0,0.0,0.01,2.95,0.1663730333803243,0.0143897254199489,0.0,3.91,0,2022,7,207,-0.4999999999999997,-0.8660254037844388,0,0,0,0,0,1,0,0,0,0
2022-07-26,C55D7C,0.0875927596388888,25.5,0.0,0.0,0.0,3.05,0.0893710649999999,-0.001778305361111,0.0,3.98,0,2022,7,207,-0.4999999999999997,-0.8660254037844388,0,0,0,0,0,0,0,1,0,0
2022-07-26,C58157,0.1933863137638889,25.70833333333333,0.0,0.0,0.02,3.25,0.176916433125,0.0164698806388888,0.0,4.88,0,2022,7,207,-0.4999999999999997,-0.8660254037844388,0,0,0,0,0,0,0,0,0,1
2022-07-27,2F71D1,0.1378788321111111,22.5,0.0,0.0,0.29,3.79,0.1470389909444444,-0.0091601588333333,0.0,2.78,0,2022,7,208,-0.4999999999999997,-0.8660254037844388,0,1,0,0,0,0,0,0,0,0
2022-07-27,C54762,0.0975716391527777,24.08333333333333,0.0,0.0,,,0.0981905842361111,-0.0006189450833333,,,0,2022,7,208,-0.4999999999999997,-0.8660254037844388,0,0,0,0,1,0,0,0,0,0
2022-07-27,C54986,0.1899965788683569,22.44,0.0,10.0,0.0,3.51,0.1807627588002732,0.0092338200680836,0.01,2.95,1,2022,7,208,-0.4999999999999997,-0.8660254037844388,0,0,0,0,0,1,0,0,0,0
2022-07-27,C55D7C,0.0860611556,19.45833333333333,1.4,25.0,1.4,3.76,0.0875927596388888,-0.0015316040388888,0.0,3.05,1,2022,7,208,-0.4999999999999997,-0.8660254037844388,0,0,0,0,0,0,0,1,0,0
2022-07-27,C58157,0.1885326145833333,23.33333333333333,0.0,0.0,1.12,3.85,0.1933863137638889,-0.0048536991805555,0.02,3.25,0,2022,7,208,-0.4999999999999997,-0.8660254037844388,0,0,0,0,0,0,0,0,0,1
2022-07-28,2F71D1,0.1218319564861111,24.0,0.0,10.0,0.0,4.24,0.1378788321111111,-0.0160468756249999,0.29,3.79,1,2022,7,209,-0.4999999999999997,-0.8660254037844388,0,1,0,0,0,0,0,0,0,0
2022-07-28,C54762,0.0958701023194444,25.291666666666668,0.0,0.0,,,0.0975716391527777,-0.0017015368333333,,,0,2022,7,209,-0.4999999999999997,-0.8660254037844388,0,0,0,0,1,0,0,0,0,0
2022-07-28,C54986,0.1774912758282172,23.83333333333333,0.0,0.0,0.0,4.23,0.1899965788683569,-0.0125053030401396,0.0,3.51,0,2022,7,209,-0.4999999999999997,-0.8660254037844388,0,0,0,0,0,1,0,0,0,0
2022-07-28,C55D7C,0.1165170273888889,24.70833333333333,21.0,0.0,21.0,4.77,0.0860611556,0.0304558717888888,1.4,3.76,0,2022,7,209,-0.4999999999999997,-0.8660254037844388,0,0,0,0,0,0,0,1,0,0
2022-07-28,C58157,0.1824564895277778,25.291666666666668,0.0,0.0,0.0,4.63,0.1885326145833333,-0.0060761250555555,1.12,3.85,0,2022,7,209,-0.4999999999999997,-0.8660254037844388,0,0,0,0,0,0,0,0,0,1
2022-07-29,2F71D1,0.1183649336388888,26.416666666666668,0.0,0.0,0.07,4.55,0.1218319564861111,-0.0034670228472222,0.0,4.24,0,2022,7,210,-0.4999999999999997,-0.8660254037844388,0,1,0,0,0,0,0,0,0,0
2022-07-29,C54762,0.093444605,27.0,1.2,0.0,,,0.0958701023194444,-0.0024254973194444,,,0,2022,7,210,-0.4999999999999997,-0.8660254037844388,0,0,0,0,1,0,0,0,0,0
2022-07-29,C54986,0.1709753255158786,25.166666666666668,0.0,10.0,0.0,4.11,0.1774912758282172,-0.0065159503123385,0.0,4.23,1,2022,7,210,-0.4999999999999997,-0.8660254037844388,0,0,0,0,0,1,0,0,0,0
2022-07-29,C55D7C,0.1433372707638888,26.666666666666668,1.6,0.0,1.6,4.16,0.1165170273888889,0.0268202433749999,21.0,4.77,0,2022,7,210,-0.4999999999999997,-0.8660254037844388,0,0,0,0,0,0,0,1,0,0
2022-07-29,C58157,0.1807947649583333,27.625,0.0,11.2,0.0,4.8,0.1824564895277778,-0.0016617245694444,0.0,4.63,1,2022,7,210,-0.4999999999999997,-0.8660254037844388,0,0,0,0,0,0,0,0,0,1
2022-07-30,2F71D1,0.1152739815652173,25.956521739130437,0.0,0.0,0.26,3.58,0.1183649336388888,-0.0030909520736715,0.07,4.55,0,2022,7,211,-0.4999999999999997,-0.8660254037844388,0,1,0,0,0,0,0,0,0,0
2022-07-30,C54762,0.090926152375,26.83333333333333,0.0,0.0,,,0.093444605,-0.002518452625,,,0,2022,7,211,-0.4999999999999997,-0.8660254037844388,0,0,0,0,1,0,0,0,0,0
2022-07-30,C54986,0.169478041027211,24.25,0.0,0.0,0.0,3.77,0.1709753255158786,-0.0014972844886675,0.0,4.11,0,2022,7,211,-0.4999999999999997,-0.8660254037844388,0,0,0,0,0,1,0,0,0,0
2022-07-30,C55D7C,0.1360082672222222,27.041666666666668,0.0,0.0,0.0,3.84,0.1433372707638888,-0.0073290035416666,1.6,4.16,0,2022,7,211,-0.4999999999999997,-0.8660254037844388,0,0,0,0,0,0,0,1,0,0
2022-07-30,C58157,0.1897995395138888,27.416666666666668,0.0,0.0,0.49,4.01,0.1807947649583333,0.0090047745555555,0.0,4.8,0,2022,7,211,-0.4999999999999997,-0.8660254037844388,0,0,0,0,0,0,0,0,0,1
2022-07-31,2F71D1,0.11306966675,26.375,0.0,0.0,0.39,3.01,0.1152739815652173,-0.0022043148152173,0.26,3.58,0,2022,7,212,-0.4999999999999997,-0.8660254037844388,0,1,0,0,0,0,0,0,0,0
2022-07-31,C54762,0.0881846242777777,27.33333333333333,0.0,0.0,,,0.090926152375,-0.0027415280972222,,,0,2022,7,212,-0.4999999999999997,-0.8660254037844388,0,0,0,0,1,0,0,0,0,0
2022-07-31,C54986,0.1669094196627718,24.95833333333333,0.0,0.0,0.39,3.41,0.169478041027211,-0.0025686213644392,0.0,3.77,0,2022,7,212,-0.4999999999999997,-0.8660254037844388,0,0,0,0,0,1,0,0,0,0
2022-07-31,C55D7C,0.1280766533055555,27.916666666666668,0.0,0.0,0.0,3.45,0.1360082672222222,-0.0079316139166666,0.0,3.84,0,2022,7,212,-0.4999999999999997,-0.8660254037844388,0,0,0,0,0,0,0,1,0,0
2022-07-31,C58157,0.18606600125,28.541666666666668,0.0,0.0,0.1,4.19,0.1897995395138888,-0.0037335382638888,0.49,4.01,0,2022,7,212,-0.4999999999999997,-0.8660254037844388,0,0,0,0,0,0,0,0,0,1
2022-08-01,2F71D1,0.1111687344583333,27.416666666666668,0.0,14.3,0.33,3.33,0.11306966675,-0.0019009322916666,0.39,3.01,1,2022,8,213,-0.8660254037844385,-0.5000000000000004,0,1,0,0,0,0,0,0,0,0
2022-08-01,C535CA,0.1636017078333333,31.0,0.4,30.0,0.4,4.0,0.2621571966666666,-0.0985554888333333,0.0,5.41,1,2022,8,213,-0.8660254037844385,-0.5000000000000004,0,0,0,1,0,0,0,0,0,0
2022-08-01,C54762,0.0867568832638889,27.666666666666668,1.6,0.0,,,0.0881846242777777,-0.0014277410138888,,,0,2022,8,213,-0.8660254037844385,-0.5000000000000004,0,0,0,0,1,0,0,0,0,0
2022-08-01,C54986,0.1665191008159889,26.95833333333333,0.0,10.0,4.8,3.92,0.1669094196627718,-0.0003903188467829,0.39,3.41,1,2022,8,213,-0.8660254037844385,-0.5000000000000004,0,0,0,0,0,1,0,0,0,0
2022-08-01,C55D7C,0.1225201586111111,28.20833333333333,2.0,0.0,2.0,3.8,0.1280766533055555,-0.0055564946944444,0.0,3.45,0,2022,8,213,-0.8660254037844385,-0.5000000000000004,0,0,0,0,0,0,0,1,0,0
2022-08-01,C58157,0.1813693405972222,29.0,0.0,0.0,0.33,3.13,0.18606600125,-0.0046966606527778,0.1,4.19,0,2022,8,213,-0.8660254037844385,-0.5000000000000004,0,0,0,0,0,0,0,0,0,1
2022-08-02,2F71D1,0.1101395991805555,27.5,0.0,0.0,0.0,4.59,0.1111687344583333,-0.0010291352777777,0.33,3.33,0,2022,8,214,-0.8660254037844385,-0.5000000000000004,0,1,0,0,0,0,0,0,0,0
2022-08-02,C54762,0.0854200123194444,27.83333333333333,0.0,0.0,,,0.0867568832638889,-0.0013368709444444,,,0,2022,8,214,-0.8660254037844385,-0.5000000000000004,0,0,0,0,1,0,0,0,0,0
2022-08-02,C54986,0.1688694455133524,27.33333333333333,0.0,0.0,0.0,4.98,0.1665191008159889,0.0023503446973635,4.8,3.92,0,2022,8,214,-0.8660254037844385,-0.5000000000000004,0,0,0,0,0,1,0,0,0,0
2022-08-02,C55D7C,0.1169897100138889,28.416666666666668,0.0,0.0,0.0,4.37,0.1225201586111111,-0.0055304485972222,2.0,3.8,0,2022,8,214,-0.8660254037844385,-0.5000000000000004,0,0,0,0,0,0,0,1,0,0
2022-08-02,C58157,0.1773026051944444,29.416666666666668,0.0,10.7,0.06,4.85,0.1813693405972222,-0.0040667354027777,0.33,3.13,1,2022,8,214,-0.8660254037844385,-0.5000000000000004,0,0,0,0,0,0,0,0,0,1
2022-08-03,2F71D1,0.1089561971666666,30.166666666666668,0.0,0.0,0.0,5.25,0.1101395991805555,-0.0011834020138888,0.0,4.59,0,2022,8,215,-0.8660254037844385,-0.5000000000000004,0,1,0,0,0,0,0,0,0,0
2022-08-03,C535CA,0.1412476398888889,27.666666666666668,0.0,0.0,0.0,5.07,0.1636017078333333,-0.0223540679444444,0.4,4.0,0,2022,8,215,-0.8660254037844385,-0.5000000000000004,0,0,0,1,0,0,0,0,0,0
2022-08-03,C54762,0.0824311949166666,31.291666666666668,0.0,0.0,,,0.0854200123194444,-0.0029888174027777,,,0,2022,8,215,-0.8660254037844385,-0.5000000000000004,0,0,0,0,1,0,0,0,0,0
2022-08-03,C54986,0.1872930602386404,29.416666666666668,0.0,10.0,0.0,5.19,0.1688694455133524,0.018423614725288,0.0,4.98,1,2022,8,215,-0.8660254037844385,-0.5000000000000004,0,0,0,0,0,1,0,0,0,0
2022-08-03,C55D7C,0.1107059245972222,32.416666666666664,0.0,0.0,0.0,4.99,0.1169897100138889,-0.0062837854166666,0.0,4.37,0,2022,8,215,-0.8660254037844385,-0.5000000000000004,0,0,0,0,0,0,0,1,0,0
2022-08-03,C58157,0.1825166011805555,31.75,0.0,0.0,0.0,5.13,0.1773026051944444,0.0052139959861111,0.06,4.85,0,2022,8,215,-0.8660254037844385,-0.5000000000000004,0,0,0,0,0,0,0,0,0,1
2022-08-04,2F71D1,0.1071111757777777,28.291666666666668,0.0,0.0,1.88,3.74,0.1089561971666666,-0.0018450213888888,0.0,5.25,0,2022,8,216,-0.8660254037844385,-0.5000000000000004,0,1,0,0,0,0,0,0,0,0
2022-08-04,C535CA,0.1307824102222222,30.33333333333333,0.0,0.0,0.0,3.46,0.1412476398888889,-0.0104652296666666,0.0,5.07,0,2022,8,216,-0.8660254037844385,-0.5000000000000004,0,0,0,1,0,0,0,0,0,0
2022-08-04,C54762,0.0794264963888888,30.20833333333333,1.6,0.0,,,0.0824311949166666,-0.0030046985277777,,,0,2022,8,216,-0.8660254037844385,-0.5000000000000004,0,0,0,0,1,0,0,0,0,0
2022-08-04,C54986,0.1926008280892235,26.45833333333333,0.0,0.0,0.0,3.69,0.1872930602386404,0.005307767850583,0.0,5.19,0,2022,8,216,-0.8660254037844385,-0.5000000000000004,0,0,0,0,0,1,0,0,0,0
2022-08-04,C55D7C,0.1047714899861111,32.0,1.6,0.0,1.6,3.45,0.1107059245972222,-0.0059344346111111,0.0,4.99,0,2022,8,216,-0.8660254037844385,-0.5000000000000004,0,0,0,0,0,0,0,1,0,0
2022-08-04,C58157,0.1804256941805555,29.041666666666668,0.0,0.0,4.5,3.58,0.1825166011805555,-0.002090907,0.0,5.13,0,2022,8,216,-0.8660254037844385,-0.5000000000000004,0,0,0,0,0,0,0,0,0,1
2022-08-05,2F71D1,0.1060760326388888,25.20833333333333,0.0,16.5,0.0,4.19,0.1071111757777777,-0.0010351431388888,1.88,3.74,1,2022,8,217,-0.8660254037844385,-0.5000000000000004,0,1,0,0,0,0,0,0,0,0
2022-08-05,C535CA,0.1354337443333333,26.0,0.0,0.0,0.0,3.9,0.1307824102222222,0.004651334111111,0.0,3.46,0,2022,8,217,-0.8660254037844385,-0.5000000000000004,0,0,0,1,0,0,0,0,0,0
2022-08-05,C54762,0.0774382821388888,25.08333333333333,4.8000001,0.0,,,0.0794264963888888,-0.00198821425,,,0,2022,8,217,-0.8660254037844385,-0.5000000000000004,0,0,0,0,1,0,0,0,0,0
2022-08-05,C54986,0.1933764206421531,23.70833333333333,0.0,10.0,0.0,4.11,0.1926008280892235,0.0007755925529295,0.0,3.69,1,2022,8,217,-0.8660254037844385,-0.5000000000000004,0,0,0,0,0,1,0,0,0,0
2022-08-05,C55D7C,0.102162234625,25.166666666666668,4.6000000000000005,0.0,4.6,2.94,0.1047714899861111,-0.0026092553611111,1.6,3.45,0,2022,8,217,-0.8660254037844385,-0.5000000000000004,0,0,0,0,0,0,0,1,0,0
2022-08-05,C58157,0.2028233494583333,26.416666666666668,0.0,20.6,2.93,3.09,0.1804256941805555,0.0223976552777777,4.5,3.58,1,2022,8,217,-0.8660254037844385,-0.5000000000000004,0,0,0,0,0,0,0,0,0,1
2022-08-06,2F71D1,0.1061518387777777,21.541666666666668,0.0,0.0,0.0,3.37,0.1060760326388888,7.580613888889809e-05,0.0,4.19,0,2022,8,218,-0.8660254037844385,-0.5000000000000004,0,1,0,0,0,0,0,0,0,0
2022-08-06,C54762,0.0796127088611111,22.70833333333333,0.0,0.0,,,0.0774382821388888,0.0021744267222222,,,0,2022,8,218,-0.8660254037844385,-0.5000000000000004,0,0,0,0,1,0,0,0,0,0
2022-08-06,C54986,0.1946373260705757,21.08333333333333,0.0,0.0,0.16,3.69,0.1933764206421531,0.0012609054284225,0.0,4.11,0,2022,8,218,-0.8660254037844385,-0.5000000000000004,0,0,0,0,0,1,0,0,0,0
2022-08-06,C55D7C,0.1008880670757575,21.33333333333333,0.0,0.0,0.0,3.57,0.102162234625,-0.0012741675492424,4.6,2.94,0,2022,8,218,-0.8660254037844385,-0.5000000000000004,0,0,0,0,0,0,0,1,0,0
2022-08-06,C58157,0.2304621376805555,22.916666666666668,0.0,0.0,0.0,3.92,0.2028233494583333,0.0276387882222222,2.93,3.09,0,2022,8,218,-0.8660254037844385,-0.5000000000000004,0,0,0,0,0,0,0,0,0,1
2022-08-07,2F71D1,0.1063051499583333,24.0,0.0,0.0,0.0,4.25,0.1061518387777777,0.0001533111805555,0.0,3.37,0,2022,8,219,-0.8660254037844385,-0.5000000000000004,0,1,0,0,0,0,0,0,0,0
2022-08-07,C54762,0.0805423028055555,24.45833333333333,0.0,0.0,,,0.0796127088611111,0.0009295939444444,,,0,2022,8,219,-0.8660254037844385,-0.5000000000000004,0,0,0,0,1,0,0,0,0,0
2022-08-07,C54986,0.1804875038215133,22.291666666666668,0.0,0.0,0.0,4.25,0.1946373260705757,-0.0141498222490623,0.16,3.69,0,2022,8,219,-0.8660254037844385,-0.5000000000000004,0,0,0,0,0,1,0,0,0,0
2022-08-07,C55D7C,0.0983887106862745,15.916666666666666,0.0,0.0,0.0,4.22,0.1008880670757575,-0.002499356389483,0.0,3.57,0,2022,8,219,-0.8660254037844385,-0.5000000000000004,0,0,0,0,0,0,0,1,0,0
2022-08-07,C58157,0.2171417488472222,25.20833333333333,0.0,0.0,0.0,4.58,0.2304621376805555,-0.0133203888333333,0.0,3.92,0,2022,8,219,-0.8660254037844385,-0.5000000000000004,0,0,0,0,0,0,0,0,0,1
2022-08-08,2F71D1,0.105639969125,24.08333333333333,0.0,15.0,0.0,3.83,0.1063051499583333,-0.0006651808333333,0.0,4.25,1,2022,8,220,-0.8660254037844385,-0.5000000000000004,0,1,0,0,0,0,0,0,0,0
2022-08-08,C535CA,0.149016798,20.0,0.0,0.0,0.0,4.12,0.1354337443333333,0.0135830536666666,0.0,3.9,0,2022,8,220,-0.8660254037844385,-0.5000000000000004,0,0,0,1,0,0,0,0,0,0
2022-08-08,C54762,0.0795268579848484,25.13636363636364,0.0,0.0,,,0.0805423028055555,-0.001015444820707,,,0,2022,8,220,-0.8660254037844385,-0.5000000000000004,0,0,0,0,1,0,0,0,0,0
2022-08-08,C54986,0.1849625121264456,23.541666666666668,0.0,10.0,0.04,4.07,0.1804875038215133,0.0044750083049322,0.0,4.25,1,2022,8,220,-0.8660254037844385,-0.5000000000000004,0,0,0,0,0,1,0,0,0,0
2022-08-08,C55D7C,0.0958816806031746,22.45833333333333,0.0,25.0,0.0,4.44,0.0983887106862745,-0.0025070300830998,0.0,4.22,1,2022,8,220,-0.8660254037844385,-0.5000000000000004,0,0,0,0,0,0,0,1,0,0
2022-08-08,C58157,0.2066547675138889,25.666666666666668,0.0,0.0,0.0,4.62,0.2171417488472222,-0.0104869813333333,0.0,4.58,0,2022,8,220,-0.8660254037844385,-0.5000000000000004,0,0,0,0,0,0,0,0,0,1
2022-08-09,2F71D1,0.1057163801527777,26.5,0.0,0.0,0.0,4.73,0.105639969125,7.641102777777853e-05,0.0,3.83,0,2022,8,221,-0.8660254037844385,-0.5000000000000004,0,1,0,0,0,0,0,0,0,0
2022-08-09,C535CA,0.25846067725,21.25,0.0,30.0,0.0,4.93,0.149016798,0.1094438792499999,0.0,4.12,1,2022,8,221,-0.8660254037844385,-0.5000000000000004,0,0,0,1,0,0,0,0,0,0
2022-08-09,C54762,0.077276087625,26.916666666666668,0.0,0.0,,,0.0795268579848484,-0.0022507703598484,,,0,2022,8,221,-0.8660254037844385,-0.5000000000000004,0,0,0,0,1,0,0,0,0,0
2022-08-09,C54986,0.1879987953151789,26.20833333333333,0.0,0.0,0.0,4.8,0.1849625121264456,0.0030362831887332,0.04,4.07,0,2022,8,221,-0.8660254037844385,-0.5000000000000004,0,0,0,0,0,1,0,0,0,0
2022-08-09,C55D7C,0.0930800541304347,25.12,0.0,0.0,0.0,5.24,0.0958816806031746,-0.0028016264727398,0.0,4.44,0,2022,8,221,-0.8660254037844385,-0.5000000000000004,0,0,0,0,0,0,0,1,0,0
2022-08-09,C58157,0.2088554281527777,27.75,0.0,20.8,0.0,5.16,0.2066547675138889,0.0022006606388888,0.0,4.62,1,2022,8,221,-0.8660254037844385,-0.5000000000000004,0,0,0,0,0,0,0,0,0,1
2022-08-10,2F71D1,0.1055232959696969,27.0,0.0,0.0,0.0,5.49,0.1057163801527777,-0.0001930841830808,0.0,4.73,0,2022,8,222,-0.8660254037844385,-0.5000000000000004,0,1,0,0,0,0,0,0,0,0
2022-08-10,C535CA,0.2372762448095238,27.571428571428573,0.0,0.0,0.0,5.26,0.25846067725,-0.0211844324404761,0.0,4.93,0,2022,8,222,-0.8660254037844385,-0.5000000000000004,0,0,0,1,0,0,0,0,0,0
2022-08-10,C54762,0.0746017264861111,28.95833333333333,0.0,0.0,,,0.077276087625,-0.0026743611388888,,,0,2022,8,222,-0.8660254037844385,-0.5000000000000004,0,0,0,0,1,0,0,0,0,0
2022-08-10,C54986,0.1897287401143141,28.25,0.0,10.0,0.0,5.28,0.1879987953151789,0.0017299447991351,0.0,4.8,1,2022,8,222,-0.8660254037844385,-0.5000000000000004,0,0,0,0,0,1,0,0,0,0
2022-08-10,C55D7C,0.12689110124,28.44,28.6,0.0,28.6,5.97,0.0930800541304347,0.0338110471095652,0.0,5.24,0,2022,8,222,-0.8660254037844385,-0.5000000000000004,0,0,0,0,0,0,0,1,0,0
2022-08-10,C58157,0.2325841624027778,28.916666666666668,0.0,0.0,0.0,5.95,0.2088554281527777,0.02372873425,0.0,5.16,0,2022,8,222,-0.8660254037844385,-0.5000000000000004,0,0,0,0,0,0,0,0,0,1
2022-08-11,2F71D1,0.1042926903787878,28.545454545454547,0.0,0.0,0.0,5.52,0.1055232959696969,-0.001230605590909,0.0,5.49,0,2022,8,223,-0.8660254037844385,-0.5000000000000004,0,1,0,0,0,0,0,0,0,0
2022-08-11,C535CA,0.2233804874166666,21.0,0.0,0.0,0.0,5.44,0.2372762448095238,-0.0138957573928571,0.0,5.26,0,2022,8,223,-0.8660254037844385,-0.5000000000000004,0,0,0,1,0,0,0,0,0,0
2022-08-11,C54762,0.0715863367361111,29.08333333333333,0.0,0.0,,,0.0746017264861111,-0.00301538975,,,0,2022,8,223,-0.8660254037844385,-0.5000000000000004,0,0,0,0,1,0,0,0,0,0
2022-08-11,C54986,0.1896626367900048,28.70833333333333,0.0,0.0,0.0,5.04,0.1897287401143141,-6.610332430928567e-05,0.0,5.28,0,2022,8,223,-0.8660254037844385,-0.5000000000000004,0,0,0,0,0,1,0,0,0,0
2022-08-11,C55D7C,0.1557117994347826,28.25,0.0,0.0,0.0,5.34,0.12689110124,0.0288206981947826,28.6,5.97,0,2022,8,223,-0.8660254037844385,-0.5000000000000004,0,0,0,0,0,0,0,1,0,0
2022-08-11,C58157,0.2181826863733333,29.96,0.0,0.0,0.0,5.89,0.2325841624027778,-0.0144014760294444,0.0,5.95,0,2022,8,223,-0.8660254037844385,-0.5000000000000004,0,0,0,0,0,0,0,0,0,1
2022-08-12,2F71D1,0.1029088691578947,27.210526315789476,0.0,20.0,0.0,5.73,0.1042926903787878,-0.0013838212208931,0.0,5.52,1,2022,8,224,-0.8660254037844385,-0.5000000000000004,0,1,0,0,0,0,0,0,0,0
2022-08-12,C535CA,0.1980385587777777,23.0,0.0,0.0,0.0,5.64,0.2233804874166666,-0.0253419286388889,0.0,5.44,0,2022,8,224,-0.8660254037844385,-0.5000000000000004,0,0,0,1,0,0,0,0,0,0
2022-08-12,C54762,0.0687420185833333,29.291666666666668,0.0,0.0,,,0.0715863367361111,-0.0028443181527777,,,0,2022,8,224,-0.8660254037844385,-0.5000000000000004,0,0,0,0,1,0,0,0,0,0
2022-08-12,C54986,0.1890435031446709,29.0,0.0,15.0,0.0,5.31,0.1896626367900048,-0.0006191336453339,0.0,5.04,1,2022,8,224,-0.8660254037844385,-0.5000000000000004,0,0,0,0,0,1,0,0,0,0
2022-08-12,C55D7C,0.1421959743913043,28.58333333333333,0.0,0.0,0.0,5.46,0.1557117994347826,-0.0135158250434782,0.0,5.34,0,2022,8,224,-0.8660254037844385,-0.5000000000000004,0,0,0,0,0,0,0,1,0,0
2022-08-12,C58157,0.2248152148888889,29.416666666666668,0.0,26.7,0.0,6.43,0.2181826863733333,0.0066325285155555,0.0,5.89,1,2022,8,224,-0.8660254037844385,-0.5000000000000004,0,0,0,0,0,0,0,0,0,1
2022-08-13,2F71D1,0.1028569655757575,23.181818181818183,0.0,0.0,0.0,5.52,0.1029088691578947,-5.190358213716384e-05,0.0,5.73,0,2022,8,225,-0.8660254037844385,-0.5000000000000004,0,1,0,0,0,0,0,0,0,0
2022-08-13,C535CA,0.1848638906,27.2,0.0,0.0,0.0,4.98,0.1980385587777777,-0.0131746681777777,0.0,5.64,0,2022,8,225,-0.8660254037844385,-0.5000000000000004,0,0,0,1,0,0,0,0,0,0
2022-08-13,C54762,0.0662165138611111,29.33333333333333,0.0,0.0,,,0.0687420185833333,-0.0025255047222222,,,0,2022,8,225,-0.8660254037844385,-0.5000000000000004,0,0,0,0,1,0,0,0,0,0
2022-08-13,C54986,0.1884345750442994,29.08333333333333,0.0,0.0,0.02,5.15,0.1890435031446709,-0.0006089281003714,0.0,5.31,0,2022,8,225,-0.8660254037844385,-0.5000000000000004,0,0,0,0,0,1,0,0,0,0
2022-08-13,C55D7C,0.1291604697878788,27.041666666666668,0.0,0.0,0.0,5.0,0.1421959743913043,-0.0130355046034255,0.0,5.46,0,2022,8,225,-0.8660254037844385,-0.5000000000000004,0,0,0,0,0,0,0,1,0,0
2022-08-13,C58157,0.2393018115416666,29.291666666666668,0.0,0.0,0.0,5.85,0.2248152148888889,0.0144865966527777,0.0,6.43,0,2022,8,225,-0.8660254037844385,-0.5000000000000004,0,0,0,0,0,0,0,0,0,1
2022-08-14,2F71D1,0.103233505,25.46153846153846,0.0,0.0,0.0,4.56,0.1028569655757575,0.0003765394242424,0.0,5.52,0,2022,8,226,-0.8660254037844385,-0.5000000000000004,0,1,0,0,0,0,0,0,0,0
2022-08-14,C535CA,0.1771460263333333,29.6,0.0,0.0,0.0,4.47,0.1848638906,-0.0077178642666666,0.0,4.98,0,2022,8,226,-0.8660254037844385,-0.5000000000000004,0,0,0,1,0,0,0,0,0,0
2022-08-14,C54762,0.0643285892173913,29.43478260869565,0.0,0.0,,,0.0662165138611111,-0.0018879246437198,,,0,2022,8,226,-0.8660254037844385,-0.5000000000000004,0,0,0,0,1,0,0,0,0,0
2022-08-14,C54986,0.1731968728207365,27.875,0.0,0.0,0.04,4.35,0.1884345750442994,-0.0152377022235628,0.02,5.15,0,2022,8,226,-0.8660254037844385,-0.5000000000000004,0,0,0,0,0,1,0,0,0,0
2022-08-14,C55D7C,0.1171196536111111,30.875,0.0,0.0,0.0,4.37,0.1291604697878788,-0.0120408161767676,0.0,5.0,0,2022,8,226,-0.8660254037844385,-0.5000000000000004,0,0,0,0,0,0,0,1,0,0
2022-08-14,C58157,0.224092431125,29.45833333333333,0.0,0.0,0.0,4.82,0.2393018115416666,-0.0152093804166666,0.0,5.85,0,2022,8,226,-0.8660254037844385,-0.5000000000000004,0,0,0,0,0,0,0,0,0,1
2022-08-15,2F71D1,0.1056030617777777,27.83333333333333,0.0,0.0,2.67,4.15,0.103233505,0.0023695567777777,0.0,4.56,0,2022,8,227,-0.8660254037844385,-0.5000000000000004,0,1,0,0,0,0,0,0,0,0
2022-08-15,C535CA,0.1704566916666666,25.0,0.0,0.0,3.5,3.43,0.1771460263333333,-0.0066893346666666,0.0,4.47,0,2022,8,227,-0.8660254037844385,-0.5000000000000004,0,0,0,1,0,0,0,0,0,0
2022-08-15,C54762,0.0628593656527777,27.291666666666668,0.0,0.0,,,0.0643285892173913,-0.0014692235646135,,,0,2022,8,227,-0.8660254037844385,-0.5000000000000004,0,0,0,0,1,0,0,0,0,0
2022-08-15,C54986,0.1630819416704565,28.375,0.0,0.0,0.11,4.57,0.1731968728207365,-0.01011493115028,0.04,4.35,0,2022,8,227,-0.8660254037844385,-0.5000000000000004,0,0,0,0,0,1,0,0,0,0
2022-08-15,C55D7C,0.1081737344027777,28.33333333333333,0.0,0.0,0.0,2.21,0.1171196536111111,-0.0089459192083333,0.0,4.37,0,2022,8,227,-0.8660254037844385,-0.5000000000000004,0,0,0,0,0,0,0,1,0,0
2022-08-15,C58157,0.2312403942222222,28.45833333333333,0.0,24.5,0.36,3.77,0.224092431125,0.0071479630972222,0.0,4.82,1,2022,8,227,-0.8660254037844385,-0.5000000000000004,0,0,0,0,0,0,0,0,0,1
2022-08-16,2F71D1,0.1053637774705882,25.058823529411764,0.0,15.0,0.77,2.96,0.1056030617777777,-0.0002392843071895,2.67,4.15,1,2022,8,228,-0.8660254037844385,-0.5000000000000004,0,1,0,0,0,0,0,0,0,0
2022-08-16,C535CA,0.1667300040666666,22.2,0.0,0.0,0.0,3.62,0.1704566916666666,-0.0037266876,3.5,3.43,0,2022,8,228,-0.8660254037844385,-0.5000000000000004,0,0,0,1,0,0,0,0,0,0
2022-08-16,C54762,0.0619761651111111,29.291666666666668,9.6,0.0,,,0.0628593656527777,-0.0008832005416666,,,0,2022,8,228,-0.8660254037844385,-0.5000000000000004,0,0,0,0,1,0,0,0,0,0
2022-08-16,C54986,0.1586483749488377,27.041666666666668,0.0,0.0,0.0,3.51,0.1630819416704565,-0.0044335667216188,0.11,4.57,0,2022,8,228,-0.8660254037844385,-0.5000000000000004,0,0,0,0,0,1,0,0,0,0
2022-08-16,C55D7C,0.1017638534444444,29.83333333333333,8.2000001,0.0,8.2,3.45,0.1081737344027777,-0.0064098809583333,0.0,2.21,0,2022,8,228,-0.8660254037844385,-0.5000000000000004,0,0,0,0,0,0,0,1,0,0
2022-08-16,C58157,0.2467224855555555,29.125,0.0,0.0,0.0,3.98,0.2312403942222222,0.0154820913333333,0.36,3.77,0,2022,8,228,-0.8660254037844385,-0.5000000000000004,0,0,0,0,0,0,0,0,0,1
2022-08-17,2F71D1,0.1055529484814814,23.666666666666668,0.0,0.0,3.59,1.45,0.1053637774705882,0.0001891710108932,0.77,2.96,0,2022,8,229,-0.8660254037844385,-0.5000000000000004,0,1,0,0,0,0,0,0,0,0
2022-08-17,C535CA,0.1772426153666667,23.6,0.0,0.0,1.9,1.74,0.1667300040666666,0.0105126113,0.0,3.62,0,2022,8,229,-0.8660254037844385,-0.5000000000000004,0,0,0,1,0,0,0,0,0,0
2022-08-17,C54762,0.0649514839027777,24.875,3.2,0.0,,,0.0619761651111111,0.0029753187916666,,,0,2022,8,229,-0.8660254037844385,-0.5000000000000004,0,0,0,0,1,0,0,0,0,0
2022-08-17,C55D7C,0.1007384182638889,25.291666666666668,2.6,0.0,2.6,1.97,0.1017638534444444,-0.0010254351805555,8.2,3.45,0,2022,8,229,-0.8660254037844385,-0.5000000000000004,0,0,0,0,0,0,0,1,0,0
2022-08-17,C58157,0.2383288742083333,26.416666666666668,0.0,0.0,0.0,2.51,0.2467224855555555,-0.0083936113472222,0.0,3.98,0,2022,8,229,-0.8660254037844385,-0.5000000000000004,0,0,0,0,0,0,0,0,0,1
2022-08-18,C535CA,0.1873714337083333,27.375,0.0,0.0,0.1,3.04,0.1772426153666667,0.0101288183416666,1.9,1.74,0,2022,8,230,-0.8660254037844385,-0.5000000000000004,0,0,0,1,0,0,0,0,0,0
2022-08-18,C54762,0.084328170102564,23.0,4.4,0.0,,,0.0649514839027777,0.0193766861997863,,,0,2022,8,230,-0.8660254037844385,-0.5000000000000004,0,0,0,0,1,0,0,0,0,0
2022-08-18,C55D7C,0.1036588196527777,27.08333333333333,0.0,0.0,0.0,2.8,0.1007384182638889,0.0029204013888888,2.6,1.97,0,2022,8,230,-0.8660254037844385,-0.5000000000000004,0,0,0,0,0,0,0,1,0,0
2022-08-18,C58157,0.2353012766666666,28.666666666666668,0.0,0.0,4.6,2.59,0.2383288742083333,-0.0030275975416666,0.0,2.51,0,2022,8,230,-0.8660254037844385,-0.5000000000000004,0,0,0,0,0,0,0,0,0,1
2022-08-19,C535CA,0.1818555920333333,26.7,0.0,0.0,3.3,2.1,0.1873714337083333,-0.0055158416749999,0.1,3.04,0,2022,8,231,-0.8660254037844385,-0.5000000000000004,0,0,0,1,0,0,0,0,0,0
2022-08-19,C55D7C,0.1025779008888888,26.125,6.6,0.0,6.6,2.38,0.1036588196527777,-0.0010809187638888,0.0,2.8,0,2022,8,231,-0.8660254037844385,-0.5000000000000004,0,0,0,0,0,0,0,1,0,0
2022-08-19,C58157,0.22849402596,25.84,0.0,0.0,1.8,2.34,0.2353012766666666,-0.0068072507066666,4.6,2.59,0,2022,8,231,-0.8660254037844385,-0.5000000000000004,0,0,0,0,0,0,0,0,0,1
2022-08-20,C535CA,0.2142703647142857,23.0,0.0,0.0,0.0,3.34,0.1818555920333333,0.0324147726809523,3.3,2.1,0,2022,8,232,-0.8660254037844385,-0.5000000000000004,0,0,0,1,0,0,0,0,0,0
2022-08-20,C55D7C,0.1211248997222222,25.58333333333333,6.8000001,0.0,6.8,3.08,0.1025779008888888,0.0185469988333333,6.6,2.38,0,2022,8,232,-0.8660254037844385,-0.5000000000000004,0,0,0,0,0,0,0,1,0,0
2022-08-20,C58157,0.2269959197222222,26.166666666666668,0.0,0.0,0.07,3.72,0.22849402596,-0.0014981062377777,1.8,2.34,0,2022,8,232,-0.8660254037844385,-0.5000000000000004,0,0,0,0,0,0,0,0,0,1
2022-08-21,C535CA,0.2108889650833333,22.08333333333333,0.0,0.0,0.0,3.0,0.2142703647142857,-0.0033813996309523,0.0,3.34,0,2022,8,233,-0.8660254037844385,-0.5000000000000004,0,0,0,1,0,0,0,0,0,0
2022-08-21,C55D7C,0.1273402048,19.75,0.0,0.0,0.0,3.08,0.1211248997222222,0.0062153050777777,6.8,3.08,0,2022,8,233,-0.8660254037844385,-0.5000000000000004,0,0,0,0,0,0,0,1,0,0
2022-08-21,C58157,0.2221721683611111,24.875,0.0,0.0,0.0,3.07,0.2269959197222222,-0.0048237513611111,0.07,3.72,0,2022,8,233,-0.8660254037844385,-0.5000000000000004,0,0,0,0,0,0,0,0,0,1
2022-08-22,C535CA,0.1993154765897435,22.923076923076923,0.0,0.0,0.0,3.29,0.2108889650833333,-0.0115734884935897,0.0,3.0,0,2022,8,234,-0.8660254037844385,-0.5000000000000004,0,0,0,1,0,0,0,0,0,0
2022-08-22,C55D7C,0.1217977790277777,25.45833333333333,0.0,0.0,0.0,2.99,0.1273402048,-0.0055424257722222,0.0,3.08,0,2022,8,234,-0.8660254037844385,-0.5000000000000004,0,0,0,0,0,0,0,1,0,0
2022-08-22,C58157,0.2276433591388889,27.166666666666668,0.0,16.4,0.0,3.57,0.2221721683611111,0.0054711907777777,0.0,3.07,1,2022,8,234,-0.8660254037844385,-0.5000000000000004,0,0,0,0,0,0,0,0,0,1
2022-08-23,C535CA,0.1911883353333333,25.3,0.0,0.0,0.0,3.67,0.1993154765897435,-0.0081271412564102,0.0,3.29,0,2022,8,235,-0.8660254037844385,-0.5000000000000004,0,0,0,1,0,0,0,0,0,0
2022-08-23,C55D7C,0.1125625204782608,28.347826086956523,0.0,0.0,0.0,3.81,0.1217977790277777,-0.0092352585495169,0.0,2.99,0,2022,8,235,-0.8660254037844385,-0.5000000000000004,0,0,0,0,0,0,0,1,0,0
2022-08-23,C58157,0.2384482083055555,28.875,0.0,0.0,0.0,3.98,0.2276433591388889,0.0108048491666666,0.0,3.57,0,2022,8,235,-0.8660254037844385,-0.5000000000000004,0,0,0,0,0,0,0,0,0,1
2022-08-24,C535CA,0.1816692741666666,26.714285714285715,0.0,0.0,0.0,3.58,0.1911883353333333,-0.0095190611666666,0.0,3.67,0,2022,8,236,-0.8660254037844385,-0.5000000000000004,0,0,0,1,0,0,0,0,0,0
2022-08-24,C55D7C,0.1003586942575757,27.791666666666668,0.0,0.0,0.0,4.21,0.1125625204782608,-0.0122038262206851,0.0,3.81,0,2022,8,236,-0.8660254037844385,-0.5000000000000004,0,0,0,0,0,0,0,1,0,0
2022-08-24,C58157,0.2306383216805555,30.041666666666668,0.0,0.0,0.04,4.09,0.2384482083055555,-0.007809886625,0.0,3.98,0,2022,8,236,-0.8660254037844385,-0.5000000000000004,0,0,0,0,0,0,0,0,0,1
2022-08-25,C535CA,0.1712030891515151,25.181818181818183,0.0,0.0,0.0,4.05,0.1816692741666666,-0.0104661850151514,0.0,3.58,0,2022,8,237,-0.8660254037844385,-0.5000000000000004,0,0,0,1,0,0,0,0,0,0
2022-08-25,C55D7C,0.0902081388787878,28.291666666666668,0.0,0.0,0.0,4.21,0.1003586942575757,-0.0101505553787878,0.0,4.21,0,2022,8,237,-0.8660254037844385,-0.5000000000000004,0,0,0,0,0,0,0,1,0,0
2022-08-25,C58157,0.2239779603194444,31.041666666666668,0.0,0.0,0.0,4.71,0.2306383216805555,-0.0066603613611111,0.04,4.09,0,2022,8,237,-0.8660254037844385,-0.5000000000000004,0,0,0,0,0,0,0,0,0,1
2022-08-26,C535CA,0.1622693123508772,24.63157894736842,0.0,0.0,0.0,2.36,0.1712030891515151,-0.0089337768006379,0.0,4.05,0,2022,8,238,-0.8660254037844385,-0.5000000000000004,0,0,0,1,0,0,0,0,0,0
2022-08-26,C55D7C,0.1297059563194444,25.5,36.0000003,25.0,36.0,1.68,0.0902081388787878,0.0394978174406565,0.0,4.21,1,2022,8,238,-0.8660254037844385,-0.5000000000000004,0,0,0,0,0,0,0,1,0,0
2022-08-26,C58157,0.2404581322361111,26.5,0.0,20.53,0.04,2.71,0.2239779603194444,0.0164801719166667,0.0,4.71,1,2022,8,238,-0.8660254037844385,-0.5000000000000004,0,0,0,0,0,0,0,0,0,1
2022-08-27,C535CA,0.16019659075,23.75,0.0,0.0,0.0,2.42,0.1622693123508772,-0.0020727216008771,0.0,2.36,0,2022,8,239,-0.8660254037844385,-0.5000000000000004,0,0,0,1,0,0,0,0,0,0
2022-08-27,C55D7C,0.2078613358611111,23.83333333333333,0.4,0.0,0.4,1.74,0.1297059563194444,0.0781553795416666,36.0,1.68,0,2022,8,239,-0.8660254037844385,-0.5000000000000004,0,0,0,0,0,0,0,1,0,0
2022-08-27,C58157,0.2530208896111111,24.75,0.0,0.0,0.0,2.66,0.2404581322361111,0.012562757375,0.04,2.71,0,2022,8,239,-0.8660254037844385,-0.5000000000000004,0,0,0,0,0,0,0,0,0,1
2022-08-28,C535CA,0.1561684964722222,21.416666666666668,0.0,0.0,0.0,4.11,0.16019659075,-0.0040280942777777,0.0,2.42,0,2022,8,240,-0.8660254037844385,-0.5000000000000004,0,0,0,1,0,0,0,0,0,0
2022-08-28,C55D7C,0.1974028419166666,24.666666666666668,0.0,0.0,0.0,4.26,0.2078613358611111,-0.0104584939444444,0.4,1.74,0,2022,8,240,-0.8660254037844385,-0.5000000000000004,0,0,0,0,0,0,0,1,0,0
2022-08-28,C58157,0.2429920442222222,26.541666666666668,0.0,0.0,0.03,4.3,0.2530208896111111,-0.0100288453888889,0.0,2.66,0,2022,8,240,-0.8660254037844385,-0.5000000000000004,0,0,0,0,0,0,0,0,0,1
2022-08-29,C535CA,0.1472129363,22.5,0.0,0.0,0.0,3.32,0.1561684964722222,-0.0089555601722222,0.0,4.11,0,2022,8,241,-0.8660254037844385,-0.5000000000000004,0,0,0,1,0,0,0,0,0,0
2022-08-29,C55D7C,0.1849624487999999,23.04,0.0,0.0,0.0,3.44,0.1974028419166666,-0.0124403931166666,0.0,4.26,0,2022,8,241,-0.8660254037844385,-0.5000000000000004,0,0,0,0,0,0,0,1,0,0
2022-08-29,C58157,0.2344481181388888,24.125,0.0,0.0,0.0,3.82,0.2429920442222222,-0.0085439260833333,0.03,4.3,0,2022,8,241,-0.8660254037844385,-0.5000000000000004,0,0,0,0,0,0,0,0,0,1
2022-08-30,2F71D1,0.143571217,24.0,0.0,0.0,0.0,3.83,,,0.0,3.94,0,2022,8,242,-0.8660254037844385,-0.5000000000000004,0,1,0,0,0,0,0,0,0,0
2022-08-30,C535CA,0.1405084062222222,25.33333333333333,0.0,0.0,0.0,3.61,0.1472129363,-0.0067045300777777,0.0,3.32,0,2022,8,242,-0.8660254037844385,-0.5000000000000004,0,0,0,1,0,0,0,0,0,0
2022-08-30,C55D7C,0.1742688422608695,25.347826086956523,0.0,0.0,0.0,4.33,0.1849624487999999,-0.0106936065391304,0.0,3.44,0,2022,8,242,-0.8660254037844385,-0.5000000000000004,0,0,0,0,0,0,0,1,0,0
2022-08-30,C58157,0.2436964928888888,27.08333333333333,0.0,16.49,0.0,4.35,0.2344481181388888,0.0092483747499999,0.0,3.82,1,2022,8,242,-0.8660254037844385,-0.5000000000000004,0,0,0,0,0,0,0,0,0,1
2022-08-31,2F71D1,0.1839660019523809,24.38095238095238,0.0,0.0,0.0,3.85,0.143571217,0.0403947849523809,0.0,3.83,0,2022,8,243,-0.8660254037844385,-0.5000000000000004,0,1,0,0,0,0,0,0,0,0
2022-08-31,C535CA,0.1348949136222222,25.133333333333333,0.0,0.0,0.0,3.73,0.1405084062222222,-0.0056134925999999,0.0,3.61,0,2022,8,243,-0.8660254037844385,-0.5000000000000004,0,0,0,1,0,0,0,0,0,0
2022-08-31,C55D7C,0.1777134845694444,25.916666666666668,8.0,0.0,8.0,3.72,0.1742688422608695,0.0034446423085748,0.0,4.33,0,2022,8,243,-0.8660254037844385,-0.5000000000000004,0,0,0,0,0,0,0,1,0,0
2022-08-31,C58157,0.2519453802083333,27.875,0.0,0.0,0.0,3.86,0.2436964928888888,0.0082488873194444,0.0,4.35,0,2022,8,243,-0.8660254037844385,-0.5000000000000004,0,0,0,0,0,0,0,0,0,1
2022-09-01,2F71D1,0.1836401720454545,23.272727272727277,0.0,0.0,0.0,4.3,0.1839660019523809,-0.0003258299069263,0.0,3.85,0,2022,9,244,-1.0,-1.8369701987210297e-16,0,1,0,0,0,0,0,0,0,0
2022-09-01,C535CA,0.1291373703589743,24.46153846153846,0.0,0.0,0.0,4.05,0.1348949136222222,-0.0057575432632478,0.0,3.73,0,2022,9,244,-1.0,-1.8369701987210297e-16,0,0,0,1,0,0,0,0,0,0
2022-09-01,C55D7C,0.1711616363157894,19.782608695652176,0.0,0.0,0.0,4.08,0.1777134845694444,-0.0065518482536549,8.0,3.72,0,2022,9,244,-1.0,-1.8369701987210297e-16,0,0,0,0,0,0,0,1,0,0
2022-09-01,C58157,0.2416033295694444,26.125,0.0,0.0,0.0,4.21,0.2519453802083333,-0.0103420506388889,0.0,3.86,0,2022,9,244,-1.0,-1.8369701987210297e-16,0,0,0,0,0,0,0,0,0,1
2022-09-02,2F71D1,0.1785758509666666,22.65,0.0,0.0,0.02,3.05,0.1836401720454545,-0.0050643210787878,0.0,4.3,0,2022,9,245,-1.0,-1.8369701987210297e-16,0,1,0,0,0,0,0,0,0,0
2022-09-02,C535CA,0.1245336809743589,23.846153846153847,0.0,0.0,0.0,3.87,0.1291373703589743,-0.0046036893846153,0.0,4.05,0,2022,9,245,-1.0,-1.8369701987210297e-16,0,0,0,1,0,0,0,0,0,0
2022-09-02,C55D7C,0.1576122838181818,24.59090909090909,0.0,0.0,0.0,4.25,0.1711616363157894,-0.0135493524976076,0.0,4.08,0,2022,9,245,-1.0,-1.8369701987210297e-16,0,0,0,0,0,0,0,1,0,0
2022-09-02,C58157,0.2492057517222222,26.5,0.0,16.39,0.0,3.86,0.2416033295694444,0.0076024221527777,0.0,4.21,1,2022,9,245,-1.0,-1.8369701987210297e-16,0,0,0,0,0,0,0,0,0,1
2022-09-03,2F71D1,0.1733185381666666,25.227272727272727,0.0,0.0,0.16,2.31,0.1785758509666666,-0.0052573127999999,0.02,3.05,0,2022,9,246,-1.0,-1.8369701987210297e-16,0,1,0,0,0,0,0,0,0,0
2022-09-03,C535CA,0.1190212614888888,25.066666666666663,0.0,0.0,0.0,3.05,0.1245336809743589,-0.00551241948547,0.0,3.87,0,2022,9,246,-1.0,-1.8369701987210297e-16,0,0,0,1,0,0,0,0,0,0
2022-09-03,C55D7C,0.1410898235454545,22.166666666666668,0.0,0.0,0.0,3.26,0.1576122838181818,-0.0165224602727272,0.0,4.25,0,2022,9,246,-1.0,-1.8369701987210297e-16,0,0,0,0,0,0,0,1,0,0
2022-09-03,C58157,0.2566680653611111,26.83333333333333,0.0,0.0,0.14,2.4,0.2492057517222222,0.0074623136388889,0.0,3.86,0,2022,9,246,-1.0,-1.8369701987210297e-16,0,0,0,0,0,0,0,0,0,1
2022-09-04,2F71D1,0.167680432530303,24.90909090909091,0.0,0.0,0.0,3.26,0.1733185381666666,-0.0056381056363636,0.16,2.31,0,2022,9,247,-1.0,-1.8369701987210297e-16,0,1,0,0,0,0,0,0,0,0
2022-09-04,C535CA,0.11298639225,25.25,0.0,0.0,0.0,3.36,0.1190212614888888,-0.0060348692388888,0.0,3.05,0,2022,9,247,-1.0,-1.8369701987210297e-16,0,0,0,1,0,0,0,0,0,0
2022-09-04,C55D7C,0.127850098,20.625,0.0,0.0,0.0,3.12,0.1410898235454545,-0.0132397255454545,0.0,3.26,0,2022,9,247,-1.0,-1.8369701987210297e-16,0,0,0,0,0,0,0,1,0,0
2022-09-04,C58157,0.2477073175694444,27.625,0.0,0.0,0.02,3.46,0.2566680653611111,-0.0089607477916666,0.14,2.4,0,2022,9,247,-1.0,-1.8369701987210297e-16,0,0,0,0,0,0,0,0,0,1
2022-09-05,2F71D1,0.1637127138444444,27.4,0.0,0.0,2.62,2.75,0.167680432530303,-0.0039677186858586,0.0,3.26,0,2022,9,248,-1.0,-1.8369701987210297e-16,0,1,0,0,0,0,0,0,0,0
2022-09-05,C535CA,0.109541023372549,24.176470588235293,0.0,0.0,20.6,3.43,0.11298639225,-0.0034453688774509,0.0,3.36,0,2022,9,248,-1.0,-1.8369701987210297e-16,0,0,0,1,0,0,0,0,0,0
2022-09-05,C55D7C,0.1158924286825396,24.0,0.0,0.0,0.0,3.34,0.127850098,-0.0119576693174603,0.0,3.12,0,2022,9,248,-1.0,-1.8369701987210297e-16,0,0,0,0,0,0,0,1,0,0
2022-09-05,C58157,0.2395589057777778,27.875,0.0,0.0,0.92,3.99,0.2477073175694444,-0.0081484117916666,0.02,3.46,0,2022,9,248,-1.0,-1.8369701987210297e-16,0,0,0,0,0,0,0,0,0,1
2022-09-06,2F71D1,0.2168509745,25.7,0.0,0.0,6.58,2.7,0.1637127138444444,0.0531382606555555,2.62,2.75,0,2022,9,249,-1.0,-1.8369701987210297e-16,0,1,0,0,0,0,0,0,0,0
2022-09-06,C535CA,0.1047265541555555,26.6,0.0,0.0,2.9,3.02,0.109541023372549,-0.0048144692169934,20.6,3.43,0,2022,9,249,-1.0,-1.8369701987210297e-16,0,0,0,1,0,0,0,0,0,0
2022-09-06,C55D7C,0.1063674814666666,23.20833333333333,2.2,0.0,2.2,3.6,0.1158924286825396,-0.009524947215873,0.0,3.34,0,2022,9,249,-1.0,-1.8369701987210297e-16,0,0,0,0,0,0,0,1,0,0
2022-09-06,C58157,0.2411385801805555,29.08333333333333,0.0,0.0,5.0,3.5,0.2395589057777778,0.0015796744027777,0.92,3.99,0,2022,9,249,-1.0,-1.8369701987210297e-16,0,0,0,0,0,0,0,0,0,1
2022-09-07,2F71D1,0.2457749844444444,23.11111111111111,0.0,0.0,2.63,2.49,0.2168509745,0.0289240099444444,6.58,2.7,0,2022,9,250,-1.0,-1.8369701987210297e-16,0,1,0,0,0,0,0,0,0,0
2022-09-07,C535CA,0.140173268037037,24.61111111111111,0.0,0.0,0.3,2.82,0.1047265541555555,0.0354467138814814,2.9,3.02,0,2022,9,250,-1.0,-1.8369701987210297e-16,0,0,0,1,0,0,0,0,0,0
2022-09-07,C55D7C,0.1134399621805555,24.83333333333333,13.0,0.0,13.0,2.74,0.1063674814666666,0.0070724807138888,2.2,3.6,0,2022,9,250,-1.0,-1.8369701987210297e-16,0,0,0,0,0,0,0,1,0,0
2022-09-07,C58157,0.2398111302361111,26.666666666666668,0.0,0.0,2.0,2.81,0.2411385801805555,-0.0013274499444444,5.0,3.5,0,2022,9,250,-1.0,-1.8369701987210297e-16,0,0,0,0,0,0,0,0,0,1
2022-09-08,2F71D1,0.2368097963333333,22.75,0.0,0.0,25.48,2.1,0.2457749844444444,-0.0089651881111111,2.63,2.49,0,2022,9,251,-1.0,-1.8369701987210297e-16,0,1,0,0,0,0,0,0,0,0
2022-09-08,C535CA,0.1599933326491228,22.31578947368421,0.0,0.0,24.3,2.07,0.140173268037037,0.0198200646120857,0.3,2.82,0,2022,9,251,-1.0,-1.8369701987210297e-16,0,0,0,1,0,0,0,0,0,0
2022-09-08,C55D7C,0.1414622086818182,22.63636363636364,25.6,0.0,25.6,1.94,0.1134399621805555,0.0280222465012626,13.0,2.74,0,2022,9,251,-1.0,-1.8369701987210297e-16,0,0,0,0,0,0,0,1,0,0
2022-09-08,C58157,0.2396581510972222,24.45833333333333,0.0,0.0,2.0,2.19,0.2398111302361111,-0.0001529791388888,2.0,2.81,0,2022,9,251,-1.0,-1.8369701987210297e-16,0,0,0,0,0,0,0,0,0,1
2022-09-09,2F71D1,0.25007330375,20.875,0.0,0.0,7.7,1.74,0.2368097963333333,0.0132635074166666,25.48,2.1,0,2022,9,252,-1.0,-1.8369701987210297e-16,0,1,0,0,0,0,0,0,0,0
2022-09-09,C535CA,0.2039690116515151,21.045454545454547,0.0,0.0,0.3,1.4,0.1599933326491228,0.0439756790023923,24.3,2.07,0,2022,9,252,-1.0,-1.8369701987210297e-16,0,0,0,1,0,0,0,0,0,0
2022-09-09,C55D7C,0.2104213693478261,21.08695652173913,19.2,0.0,19.2,1.47,0.1414622086818182,0.0689591606660079,25.6,1.94,0,2022,9,252,-1.0,-1.8369701987210297e-16,0,0,0,0,0,0,0,1,0,0
2022-09-09,C58157,0.2511997351111111,22.625,0.0,0.0,9.0,1.62,0.2396581510972222,0.0115415840138888,2.0,2.19,0,2022,9,252,-1.0,-1.8369701987210297e-16,0,0,0,0,0,0,0,0,0,1
2022-09-10,2F71D1,0.2468652633846154,20.46153846153846,0.0,0.0,0.0,2.09,0.25007330375,-0.0032080403653845,7.7,1.74,0,2022,9,253,-1.0,-1.8369701987210297e-16,0,1,0,0,0,0,0,0,0,0
2022-09-10,C535CA,0.2180765992982456,20.36842105263158,0.0,0.0,7.5,1.02,0.2039690116515151,0.0141075876467304,0.3,1.4,0,2022,9,253,-1.0,-1.8369701987210297e-16,0,0,0,1,0,0,0,0,0,0
2022-09-10,C55D7C,0.2282497438055555,21.041666666666668,7.2,0.0,7.2,1.08,0.2104213693478261,0.0178283744577294,19.2,1.47,0,2022,9,253,-1.0,-1.8369701987210297e-16,0,0,0,0,0,0,0,1,0,0
2022-09-10,C58157,0.2549201980138889,22.70833333333333,0.0,0.0,9.0,1.85,0.2511997351111111,0.0037204629027777,9.0,1.62,0,2022,9,253,-1.0,-1.8369701987210297e-16,0,0,0,0,0,0,0,0,0,1
2022-09-11,2F71D1,0.2470593603333333,21.761904761904763,0.0,0.0,0.0,2.34,0.2468652633846154,0.0001940969487179,0.0,2.09,0,2022,9,254,-1.0,-1.8369701987210297e-16,0,1,0,0,0,0,0,0,0,0
2022-09-11,C535CA,0.2215144046315789,20.42105263157895,0.0,0.0,0.0,2.14,0.2180765992982456,0.0034378053333333,7.5,1.02,0,2022,9,254,-1.0,-1.8369701987210297e-16,0,0,0,1,0,0,0,0,0,0
2022-09-11,C55D7C,0.2181374208611111,22.041666666666668,0.0,0.0,0.0,2.01,0.2282497438055555,-0.0101123229444444,7.2,1.08,0,2022,9,254,-1.0,-1.8369701987210297e-16,0,0,0,0,0,0,0,1,0,0
2022-09-11,C58157,0.2551117797638889,23.541666666666668,0.0,0.0,0.0,2.06,0.2549201980138889,0.00019158175,9.0,1.85,0,2022,9,254,-1.0,-1.8369701987210297e-16,0,0,0,0,0,0,0,0,0,1
2022-09-12,2F71D1,0.2398650896349206,21.80952380952381,0.0,0.0,0.0,2.74,0.2470593603333333,-0.0071942706984126,0.0,2.34,0,2022,9,255,-1.0,-1.8369701987210297e-16,0,1,0,0,0,0,0,0,0,0
2022-09-12,C535CA,0.2128608703833333,23.7,0.0,0.0,0.0,2.56,0.2215144046315789,-0.0086535342482456,0.0,2.14,0,2022,9,255,-1.0,-1.8369701987210297e-16,0,0,0,1,0,0,0,0,0,0
2022-09-12,C55D7C,0.2082741669365079,19.95833333333333,0.0,0.0,0.0,2.51,0.2181374208611111,-0.0098632539246031,0.0,2.01,0,2022,9,255,-1.0,-1.8369701987210297e-16,0,0,0,0,0,0,0,1,0,0
2022-09-12,C58157,0.2479510901666667,25.20833333333333,0.0,0.0,0.0,2.82,0.2551117797638889,-0.0071606895972221,0.0,2.06,0,2022,9,255,-1.0,-1.8369701987210297e-16,0,0,0,0,0,0,0,0,0,1
2022-09-13,2F71D1,0.2337045274637681,23.608695652173918,0.0,0.0,0.94,1.21,0.2398650896349206,-0.0061605621711525,0.0,2.74,0,2022,9,256,-1.0,-1.8369701987210297e-16,0,1,0,0,0,0,0,0,0,0
2022-09-13,C535CA,0.2059820058125,23.125,0.0,0.0,0.0,1.78,0.2128608703833333,-0.0068788645708333,0.0,2.56,0,2022,9,256,-1.0,-1.8369701987210297e-16,0,0,0,1,0,0,0,0,0,0
2022-09-13,C55D7C,0.2014985524861111,24.875,3.2,0.0,3.2,1.66,0.2082741669365079,-0.0067756144503968,0.0,2.51,0,2022,9,256,-1.0,-1.8369701987210297e-16,0,0,0,0,0,0,0,1,0,0
2022-09-13,C58157,0.2435543092222222,26.08333333333333,0.0,0.0,11.0,1.26,0.2479510901666667,-0.0043967809444444,0.0,2.82,0,2022,9,256,-1.0,-1.8369701987210297e-16,0,0,0,0,0,0,0,0,0,1
2022-09-14,2F71D1,0.2415984585294117,19.58823529411765,0.0,0.0,9.47,0.72,0.2337045274637681,0.0078939310656436,0.94,1.21,0,2022,9,257,-1.0,-1.8369701987210297e-16,0,1,0,0,0,0,0,0,0,0
2022-09-14,C535CA,0.2386138620526315,19.36842105263158,0.0,0.0,0.0,0.68,0.2059820058125,0.0326318562401315,0.0,1.78,0,2022,9,257,-1.0,-1.8369701987210297e-16,0,0,0,1,0,0,0,0,0,0
2022-09-14,C55D7C,0.2270148184166666,20.041666666666668,25.4000004,0.0,25.4,0.57,0.2014985524861111,0.0255162659305555,3.2,1.66,0,2022,9,257,-1.0,-1.8369701987210297e-16,0,0,0,0,0,0,0,1,0,0
2022-09-14,C58157,0.2580509276805555,21.791666666666668,0.0,0.0,2.0,0.54,0.2435543092222222,0.0144966184583333,11.0,1.26,0,2022,9,257,-1.0,-1.8369701987210297e-16,0,0,0,0,0,0,0,0,0,1
2022-09-15,2F71D1,0.246138810125,18.125,0.0,0.0,0.32,1.87,0.2415984585294117,0.0045403515955882,9.47,0.72,0,2022,9,258,-1.0,-1.8369701987210297e-16,0,1,0,0,0,0,0,0,0,0
2022-09-15,C535CA,0.2429769577254902,19.176470588235293,0.0,0.0,0.0,1.35,0.2386138620526315,0.0043630956728586,0.0,0.68,0,2022,9,258,-1.0,-1.8369701987210297e-16,0,0,0,1,0,0,0,0,0,0
2022-09-15,C55D7C,0.233037584,18.23076923076923,0.0,0.0,0.0,1.38,0.2270148184166666,0.0060227655833333,25.4,0.57,0,2022,9,258,-1.0,-1.8369701987210297e-16,0,0,0,0,0,0,0,1,0,0
2022-09-15,C58157,0.25771711992,20.96,0.0,0.0,4.0,1.29,0.2580509276805555,-0.0003338077605555,2.0,0.54,0,2022,9,258,-1.0,-1.8369701987210297e-16,0,0,0,0,0,0,0,0,0,1
2022-09-16,2F71D1,0.24626788,15.692307692307692,0.0,0.0,4.35,2.06,0.246138810125,0.0001290698749999,0.32,1.87,0,2022,9,259,-1.0,-1.8369701987210297e-16,0,1,0,0,0,0,0,0,0,0
2022-09-16,C535CA,0.2323347387333333,16.583333333333332,0.0,0.0,0.0,1.36,0.2429769577254902,-0.0106422189921568,0.0,1.35,0,2022,9,259,-1.0,-1.8369701987210297e-16,0,0,0,1,0,0,0,0,0,0
2022-09-16,C58157,0.267653797625,18.70833333333333,0.0,0.0,22.0,1.4,0.25771711992,0.009936677705,4.0,1.29,0,2022,9,259,-1.0,-1.8369701987210297e-16,0,0,0,0,0,0,0,0,0,1
2022-09-17,2F71D1,0.2597405,14.0,0.0,0.0,1.4,1.81,0.24626788,0.0134726199999999,4.35,2.06,0,2022,9,260,-1.0,-1.8369701987210297e-16,0,1,0,0,0,0,0,0,0,0
2022-09-17,C58157,0.2881239206527777,18.58333333333333,0.0,0.0,19.0,0.99,0.267653797625,0.0204701230277777,22.0,1.4,0,2022,9,260,-1.0,-1.8369701987210297e-16,0,0,0,0,0,0,0,0,0,1
2022-09-18,2F71D1,0.2699727808888889,14.333333333333334,0.0,0.0,1.38,1.96,0.2597405,0.0102322808888888,1.4,1.81,0,2022,9,261,-1.0,-1.8369701987210297e-16,0,1,0,0,0,0,0,0,0,0
2022-09-18,C58157,0.2881753170138889,18.70833333333333,0.0,0.0,4.0,1.59,0.2881239206527777,5.1396361111122335e-05,19.0,0.99,0,2022,9,261,-1.0,-1.8369701987210297e-16,0,0,0,0,0,0,0,0,0,1
2022-09-19,2F71D1,0.2600724645333333,14.4,0.0,0.0,0.02,1.91,0.2699727808888889,-0.0099003163555555,1.38,1.96,0,2022,9,262,-1.0,-1.8369701987210297e-16,0,1,0,0,0,0,0,0,0,0
2022-09-19,C535CA,0.120979028,11.25,0.0,0.0,0.0,1.49,0.2323347387333333,-0.1113557107333333,0.0,1.36,0,2022,9,262,-1.0,-1.8369701987210297e-16,0,0,0,1,0,0,0,0,0,0
2022-09-19,C58157,0.2780821174583333,20.0,0.0,0.0,1.0,1.64,0.2881753170138889,-0.0100931995555555,4.0,1.59,0,2022,9,262,-1.0,-1.8369701987210297e-16,0,0,0,0,0,0,0,0,0,1
2022-09-20,2F71D1,0.2538608570333333,15.7,0.0,0.0,0.01,1.47,0.2600724645333333,-0.0062116074999999,0.02,1.91,0,2022,9,263,-1.0,-1.8369701987210297e-16,0,1,0,0,0,0,0,0,0,0
2022-09-20,C535CA,0.1237392713333333,7.083333333333333,0.0,0.0,0.0,1.18,0.120979028,0.0027602433333333,0.0,1.49,0,2022,9,263,-1.0,-1.8369701987210297e-16,0,0,0,1,0,0,0,0,0,0
2022-09-20,C58157,0.2693384455555556,19.58333333333333,0.0,0.0,0.0,1.34,0.2780821174583333,-0.0087436719027777,1.0,1.64,0,2022,9,263,-1.0,-1.8369701987210297e-16,0,0,0,0,0,0,0,0,0,1
2022-09-21,2F71D1,0.2489184046666666,15.294117647058824,0.0,0.0,0.0,1.64,0.2538608570333333,-0.0049424523666666,0.01,1.47,0,2022,9,264,-1.0,-1.8369701987210297e-16,0,1,0,0,0,0,0,0,0,0
2022-09-21,C535CA,0.1175817659230769,6.916666666666667,0.0,0.0,0.0,1.51,0.1237392713333333,-0.0061575054102564,0.0,1.18,0,2022,9,264,-1.0,-1.8369701987210297e-16,0,0,0,1,0,0,0,0,0,0
2022-09-21,C58157,0.2639334296805555,18.375,0.0,0.0,0.0,1.5,0.2693384455555556,-0.005405015875,0.0,1.34,0,2022,9,264,-1.0,-1.8369701987210297e-16,0,0,0,0,0,0,0,0,0,1
2022-09-22,2F71D1,0.2437486375490196,15.058823529411764,0.0,0.0,0.0,1.79,0.2489184046666666,-0.005169767117647,0.0,1.64,0,2022,9,265,-1.0,-1.8369701987210297e-16,0,1,0,0,0,0,0,0,0,0
2022-09-22,C535CA,0.117205284,7.666666666666667,0.0,0.0,0.0,1.73,0.1175817659230769,-0.0003764819230769,0.0,1.51,0,2022,9,265,-1.0,-1.8369701987210297e-16,0,0,0,1,0,0,0,0,0,0
2022-09-22,C58157,0.2596322784861111,18.666666666666668,0.0,0.0,0.01,1.88,0.2639334296805555,-0.0043011511944444,0.0,1.5,0,2022,9,265,-1.0,-1.8369701987210297e-16,0,0,0,0,0,0,0,0,0,1
2022-09-23,2F71D1,0.2402028319555555,14.533333333333331,0.0,0.0,11.0,1.19,0.2437486375490196,-0.003545805593464,0.0,1.79,0,2022,9,266,-1.0,-1.8369701987210297e-16,0,1,0,0,0,0,0,0,0,0
2022-09-23,C58157,0.2561098914722222,19.33333333333333,0.0,0.0,0.89,1.43,0.2596322784861111,-0.0035223870138888,0.01,1.88,0,2022,9,266,-1.0,-1.8369701987210297e-16,0,0,0,0,0,0,0,0,0,1
2022-09-24,2F71D1,0.2491735993333333,17.0,0.0,0.0,6.27,1.52,0.2402028319555555,0.0089707673777777,11.0,1.19,0,2022,9,267,-1.0,-1.8369701987210297e-16,0,1,0,0,0,0,0,0,0,0
2022-09-24,C58157,0.2654306906249999,19.375,0.0,0.0,7.9,0.71,0.2561098914722222,0.0093207991527777,0.89,1.43,0,2022,9,267,-1.0,-1.8369701987210297e-16,0,0,0,0,0,0,0,0,0,1
2022-09-25,2F71D1,0.2532600212619048,16.428571428571427,0.0,0.0,3.44,1.23,0.2491735993333333,0.0040864219285714,6.27,1.52,0,2022,9,268,-1.0,-1.8369701987210297e-16,0,1,0,0,0,0,0,0,0,0
2022-09-25,C58157,0.2666709007826087,20.217391304347824,0.0,0.0,0.0,1.35,0.2654306906249999,0.0012402101576087,7.9,0.71,0,2022,9,268,-1.0,-1.8369701987210297e-16,0,0,0,0,0,0,0,0,0,1
2022-09-26,2F71D1,0.2528814357777778,14.666666666666666,0.0,0.0,12.6,1.18,0.2532600212619048,-0.000378585484127,3.44,1.23,0,2022,9,269,-1.0,-1.8369701987210297e-16,0,1,0,0,0,0,0,0,0,0
2022-09-26,C58157,0.2633965492916666,17.0,0.0,0.0,8.32,0.72,0.2666709007826087,-0.003274351490942,0.0,1.35,0,2022,9,269,-1.0,-1.8369701987210297e-16,0,0,0,0,0,0,0,0,0,1
2023-01-11,C54992,0.1941294343986063,13.333333333333334,0.0,,,0.68,,,,,0,2023,1,11,0.49999999999999994,0.8660254037844387,0,0,0,0,0,0,1,0,0,0
2023-01-12,C54992,0.1958468661569488,14.541666666666666,0.0,,,0.54,0.1941294343986063,0.0017174317583424,,0.68,0,2023,1,12,0.49999999999999994,0.8660254037844387,0,0,0,0,0,0,1,0,0,0
2023-01-13,C54992,0.1947733163114338,13.291666666666666,0.0,,,1.14,0.1958468661569488,-0.001073549845515,,0.54,0,2023,1,13,0.49999999999999994,0.8660254037844387,0,0,0,0,0,0,1,0,0,0
2023-01-14,C54992,0.194335485265082,13.36,0.0,,,0.71,0.1947733163114338,-0.0004378310463517,,1.14,0,2023,1,14,0.49999999999999994,0.8660254037844387,0,0,0,0,0,0,1,0,0,0
2023-01-15,C54992,0.1949947115647399,11.28,0.0,,,0.87,0.194335485265082,0.0006592262996578,,0.71,0,2023,1,15,0.49999999999999994,0.8660254037844387,0,0,0,0,0,0,1,0,0,0
2023-01-16,C54992,0.1949735634534926,9.625,0.0,,,0.39,0.1949947115647399,-2.114811124723226e-05,,0.87,0,2023,1,16,0.49999999999999994,0.8660254037844387,0,0,0,0,0,0,1,0,0,0
2023-01-17,C54992,0.1968947259188148,5.777777777777778,0.0,,,0.06,0.1949735634534926,0.0019211624653222,,0.39,0,2023,1,17,0.49999999999999994,0.8660254037844387,0,0,0,0,0,0,1,0,0,0
2023-01-18,C54992,0.1941580376110446,4.84,0.0,,,0.13,0.1968947259188148,-0.0027366883077702,,0.06,0,2023,1,18,0.49999999999999994,0.8660254037844387,0,0,0,0,0,0,1,0,0,0
2023-01-19,C54992,0.1923889926651204,6.083333333333333,0.0,,,0.23,0.1941580376110446,-0.0017690449459242,,0.13,0,2023,1,19,0.49999999999999994,0.8660254037844387,0,0,0,0,0,0,1,0,0,0
2023-01-20,C54992,0.1925366679170709,5.708333333333333,0.0,,,0.21,0.1923889926651204,0.0001476752519504,,0.23,0,2023,1,20,0.49999999999999994,0.8660254037844387,0,0,0,0,0,0,1,0,0,0
2023-01-21,C54992,0.1950745214849409,4.375,0.0,,,0.09,0.1925366679170709,0.0025378535678699,,0.21,0,2023,1,21,0.49999999999999994,0.8660254037844387,0,0,0,0,0,0,1,0,0,0
2023-01-22,C54992,0.1936347422151279,4.875,0.0,,,0.31,0.1950745214849409,-0.0014397792698129,,0.09,0,2023,1,22,0.49999999999999994,0.8660254037844387,0,0,0,0,0,0,1,0,0,0
2023-01-23,C54992,0.1929923784168754,6.96,0.0,,,0.34,0.1936347422151279,-0.0006423637982524,,0.31,0,2023,1,23,0.49999999999999994,0.8660254037844387,0,0,0,0,0,0,1,0,0,0
2023-01-24,C54992,0.192449630229342,7.125,0.0,,,0.52,0.1929923784168754,-0.0005427481875334,,0.34,0,2023,1,24,0.49999999999999994,0.8660254037844387,0,0,0,0,0,0,1,0,0,0
2023-01-24,C562C6,0.2879595473641768,11.0,0.0,,,0.566563422,,,,0.390847916,0,2023,1,24,0.49999999999999994,0.8660254037844387,0,0,0,0,0,0,0,0,1,0
2023-01-25,C54992,0.1917175146785745,4.875,0.0,,,0.33,0.192449630229342,-0.0007321155507674,,0.52,0,2023,1,25,0.49999999999999994,0.8660254037844387,0,0,0,0,0,0,1,0,0,0
2023-01-25,C562C6,0.2931214236446284,7.625,0.0,,,0.356993779,0.2879595473641768,0.0051618762804516,,0.566563422,0,2023,1,25,0.49999999999999994,0.8660254037844387,0,0,0,0,0,0,0,0,1,0
2023-01-26,C54992,0.1914324053892901,7.75,0.0,,,0.32,0.1917175146785745,-0.0002851092892843,,0.33,0,2023,1,26,0.49999999999999994,0.8660254037844387,0,0,0,0,0,0,1,0,0,0
2023-01-26,C562C6,0.2986013530554011,9.909090909090908,0.0,,,0.397384459,0.2931214236446284,0.0054799294107726,,0.356993779,0,2023,1,26,0.49999999999999994,0.8660254037844387,0,0,0,0,0,0,0,0,1,0
2023-01-27,C54992,0.1916844138936205,9.0,0.0,,,0.66,0.1914324053892901,0.0002520085043303,,0.32,0,2023,1,27,0.49999999999999994,0.8660254037844387,0,0,0,0,0,0,1,0,0,0
2023-01-27,C562C6,0.2986429409659043,10.130434782608695,0.0,,,0.810003236,0.2986013530554011,4.158791050323796e-05,,0.397384459,0,2023,1,27,0.49999999999999994,0.8660254037844387,0,0,0,0,0,0,0,0,1,0
2023-01-28,C54992,0.1910825871141179,6.75,0.0,,,0.41,0.1916844138936205,-0.0006018267795026,,0.66,0,2023,1,28,0.49999999999999994,0.8660254037844387,0,0,0,0,0,0,1,0,0,0
2023-01-28,C562C6,0.2988646211764864,9.75,0.0,,,0.390451769,0.2986429409659043,0.0002216802105821,,0.810003236,0,2023,1,28,0.49999999999999994,0.8660254037844387,0,0,0,0,0,0,0,0,1,0
2023-01-29,C54992,0.1906831970120527,5.291666666666667,0.0,,,0.41,0.1910825871141179,-0.0003993901020652,,0.41,0,2023,1,29,0.49999999999999994,0.8660254037844387,0,0,0,0,0,0,1,0,0,0
2023-01-29,C562C6,0.29746508565031,8.208333333333334,0.0,,,0.496211216,0.2988646211764864,-0.0013995355261764,,0.390451769,0,2023,1,29,0.49999999999999994,0.8660254037844387,0,0,0,0,0,0,0,0,1,0
2023-01-30,C54992,0.1900621945507958,10.958333333333334,0.0,,,0.69,0.1906831970120527,-0.0006210024612568,,0.41,0,2023,1,30,0.49999999999999994,0.8660254037844387,0,0,0,0,0,0,1,0,0,0
2023-01-30,C562C6,0.3159431582806627,12.583333333333334,0.0,,,0.70332812,0.29746508565031,0.0184780726303527,,0.496211216,0,2023,1,30,0.49999999999999994,0.8660254037844387,0,0,0,0,0,0,0,0,1,0
2023-01-31,C54992,0.1895012771906912,9.833333333333334,0.0,,,0.4,0.1900621945507958,-0.0005609173601046,,0.69,0,2023,1,31,0.49999999999999994,0.8660254037844387,0,0,0,0,0,0,1,0,0,0
2023-01-31,C562C6,0.3454632470349614,11.166666666666666,0.0,,,0.456693291,0.3159431582806627,0.0295200887542986,,0.70332812,0,2023,1,31,0.49999999999999994,0.8660254037844387,0,0,0,0,0,0,0,0,1,0
2023-02-01,C54992,0.1890178159746932,11.666666666666666,0.0,,,0.9,0.1895012771906912,-0.000483461215998,,0.4,0,2023,2,32,0.8660254037844386,0.5000000000000001,0,0,0,0,0,0,1,0,0,0
2023-02-01,C562C6,0.3474909736367659,12.375,0.0,,,0.925520963,0.3454632470349614,0.0020277266018045,,0.456693291,0,2023,2,32,0.8660254037844386,0.5000000000000001,0,0,0,0,0,0,0,0,1,0
2023-02-02,C54992,0.1884132255403978,13.416666666666666,0.0,,,0.83,0.1890178159746932,-0.0006045904342953,,0.9,0,2023,2,33,0.8660254037844386,0.5000000000000001,0,0,0,0,0,0,1,0,0,0
2023-02-02,C562C6,0.34582832334564,14.208333333333334,0.0,,,0.934317829,0.3474909736367659,-0.0016626502911258,,0.925520963,0,2023,2,33,0.8660254037844386,0.5000000000000001,0,0,0,0,0,0,0,0,1,0
2023-02-03,C54992,0.187745741890216,14.458333333333334,0.0,,,0.87,0.1884132255403978,-0.0006674836501817,,0.83,0,2023,2,34,0.8660254037844386,0.5000000000000001,0,0,0,0,0,0,1,0,0,0
2023-02-03,C562C6,0.2620713966169598,14.833333333333334,0.0,,,0.950798336,0.34582832334564,-0.0837569267286802,,0.934317829,0,2023,2,34,0.8660254037844386,0.5000000000000001,0,0,0,0,0,0,0,0,1,0
2023-02-04,C54992,0.1875097699807766,13.25,0.0,,,0.37,0.187745741890216,-0.0002359719094394,,0.87,0,2023,2,35,0.8660254037844386,0.5000000000000001,0,0,0,0,0,0,1,0,0,0
2023-02-04,C562C6,0.2513211182121206,14.695652173913045,0.0,,,0.426700518,0.2620713966169598,-0.0107502784048391,,0.950798336,0,2023,2,35,0.8660254037844386,0.5000000000000001,0,0,0,0,0,0,0,0,1,0
2023-02-05,C54992,0.1887686093482447,11.5,0.0,,,0.66,0.1875097699807766,0.0012588393674681,,0.37,0,2023,2,36,0.8660254037844386,0.5000000000000001,0,0,0,0,0,0,1,0,0,0
2023-02-05,C562C6,0.2502110201154212,12.375,0.0,,,0.787484818,0.2513211182121206,-0.0011100980966994,,0.426700518,0,2023,2,36,0.8660254037844386,0.5000000000000001,0,0,0,0,0,0,0,0,1,0
2023-02-06,C54992,0.1890600060065853,7.791666666666667,0.0,,,0.23,0.1887686093482447,0.0002913966583406,,0.66,0,2023,2,37,0.8660254037844386,0.5000000000000001,0,0,0,0,0,0,1,0,0,0
2023-02-06,C562C6,0.2504426709386953,10.583333333333334,0.0,,,0.278152712,0.2502110201154212,0.000231650823274,,0.787484818,0,2023,2,37,0.8660254037844386,0.5000000000000001,0,0,0,0,0,0,0,0,1,0
2023-02-07,C54992,0.1889043948319763,6.208333333333333,0.0,,,0.24,0.1890600060065853,-0.000155611174609,,0.23,0,2023,2,38,0.8660254037844386,0.5000000000000001,0,0,0,0,0,0,1,0,0,0
2023-02-07,C562C6,0.2667198923301797,8.5,0.0,,,0.187040522,0.2504426709386953,0.0162772213914844,,0.278152712,0,2023,2,38,0.8660254037844386,0.5000000000000001,0,0,0,0,0,0,0,0,1,0
2023-02-08,C54992,0.1887248687043222,5.416666666666667,0.0,,,0.41,0.1889043948319763,-0.000179526127654,,0.24,0,2023,2,39,0.8660254037844386,0.5000000000000001,0,0,0,0,0,0,1,0,0,0
2023-02-08,C562C6,0.3032165070867028,9.208333333333334,0.0,,,0.313400917,0.2667198923301797,0.0364966147565231,,0.187040522,0,2023,2,39,0.8660254037844386,0.5000000000000001,0,0,0,0,0,0,0,0,1,0
2023-02-09,C54992,0.1884678315218257,6.583333333333333,0.0,,,0.56,0.1887248687043222,-0.0002570371824964,,0.41,0,2023,2,40,0.8660254037844386,0.5000000000000001,0,0,0,0,0,0,1,0,0,0
2023-02-09,C562C6,0.2999425826525343,9.5,0.0,,,0.72915046,0.3032165070867028,-0.0032739244341685,,0.313400917,0,2023,2,40,0.8660254037844386,0.5000000000000001,0,0,0,0,0,0,0,0,1,0
2023-02-10,C54992,0.1878753796035414,9.5,0.0,,,0.37,0.1884678315218257,-0.0005924519182842,,0.56,0,2023,2,41,0.8660254037844386,0.5000000000000001,0,0,0,0,0,0,1,0,0,0
2023-02-10,C562C6,0.3020819990771296,9.958333333333334,0.0,,,0.378876208,0.2999425826525343,0.0021394164245953,,0.72915046,0,2023,2,41,0.8660254037844386,0.5000000000000001,0,0,0,0,0,0,0,0,1,0
2023-02-11,C54992,0.1872662264613875,11.708333333333334,0.0,,,0.49,0.1878753796035414,-0.0006091531421539,,0.37,0,2023,2,42,0.8660254037844386,0.5000000000000001,0,0,0,0,0,0,1,0,0,0
2023-02-11,C562C6,0.3107430515273316,12.166666666666666,0.0,,,0.492172487,0.3020819990771296,0.008661052450202,,0.378876208,0,2023,2,42,0.8660254037844386,0.5000000000000001,0,0,0,0,0,0,0,0,1,0
2023-02-12,C54992,0.1866941669395501,11.333333333333334,0.0,,,0.67,0.1872662264613875,-0.0005720595218373,,0.49,0,2023,2,43,0.8660254037844386,0.5000000000000001,0,0,0,0,0,0,1,0,0,0
2023-02-12,C562C6,0.306889051318662,12.625,0.0,,,0.670439972,0.3107430515273316,-0.0038540002086696,,0.492172487,0,2023,2,43,0.8660254037844386,0.5000000000000001,0,0,0,0,0,0,0,0,1,0
2023-02-13,C535CA,0.0248715117482235,20.454545454545453,0.0,,0.0,0.4,,,0.0,0.41,0,2023,2,44,0.8660254037844386,0.5000000000000001,0,0,0,1,0,0,0,0,0,0
2023-02-13,C54992,0.1862644696774183,10.541666666666666,0.0,,,0.41,0.1866941669395501,-0.0004296972621317,,0.67,0,2023,2,44,0.8660254037844386,0.5000000000000001,0,0,0,0,0,0,1,0,0,0
2023-02-13,C562C6,0.3028188385314549,13.541666666666666,0.0,,,0.422895254,0.306889051318662,-0.004070212787207,,0.670439972,0,2023,2,44,0.8660254037844386,0.5000000000000001,0,0,0,0,0,0,0,0,1,0
2023-02-14,C54992,0.1859000510881153,10.333333333333334,0.0,,,0.44,0.1862644696774183,-0.000364418589303,,0.41,0,2023,2,45,0.8660254037844386,0.5000000000000001,0,0,0,0,0,0,1,0,0,0
2023-02-14,C562C6,0.2990904910831093,12.416666666666666,0.0,,,0.474817453,0.3028188385314549,-0.0037283474483456,,0.422895254,0,2023,2,45,0.8660254037844386,0.5000000000000001,0,0,0,0,0,0,0,0,1,0
2023-02-15,C54992,0.1855721757567123,10.291666666666666,0.0,,,0.56,0.1859000510881153,-0.0003278753314029,,0.44,0,2023,2,46,0.8660254037844386,0.5000000000000001,0,0,0,0,0,0,1,0,0,0
2023-02-15,C562C6,0.2963332309564431,11.625,0.0,,,0.582016046,0.2990904910831093,-0.0027572601266662,,0.474817453,0,2023,2,46,0.8660254037844386,0.5000000000000001,0,0,0,0,0,0,0,0,1,0
2023-02-16,C54992,0.1851742884993386,13.458333333333334,0.0,,,0.69,0.1855721757567123,-0.0003978872573736,,0.56,0,2023,2,47,0.8660254037844386,0.5000000000000001,0,0,0,0,0,0,1,0,0,0
2023-02-16,C562C6,0.2959506667578452,13.727272727272728,0.0,,,0.834578213,0.2963332309564431,-0.0003825641985978,,0.582016046,0,2023,2,47,0.8660254037844386,0.5000000000000001,0,0,0,0,0,0,0,0,1,0
2023-02-17,C54992,0.1844295631818535,16.666666666666668,0.0,,,1.0,0.1851742884993386,-0.0007447253174851,,0.69,0,2023,2,48,0.8660254037844386,0.5000000000000001,0,0,0,0,0,0,1,0,0,0
2023-02-17,C562C6,0.2995809746070872,15.727272727272728,0.0,,,0.903353005,0.2959506667578452,0.003630307849242,,0.834578213,0,2023,2,48,0.8660254037844386,0.5000000000000001,0,0,0,0,0,0,0,0,1,0
2023-02-18,C54992,0.1838415120730067,15.416666666666666,0.0,,,0.8,0.1844295631818535,-0.0005880511088467,,1.0,0,2023,2,49,0.8660254037844386,0.5000000000000001,0,0,0,0,0,0,1,0,0,0
2023-02-18,C562C6,0.2971320808725389,15.583333333333334,0.0,,,0.881375447,0.2995809746070872,-0.0024488937345483,,0.903353005,0,2023,2,49,0.8660254037844386,0.5000000000000001,0,0,0,0,0,0,0,0,1,0
2023-02-19,C54992,0.1835529204033125,13.875,0.0,,,0.87,0.1838415120730067,-0.0002885916696941,,0.8,0,2023,2,50,0.8660254037844386,0.5000000000000001,0,0,0,0,0,0,1,0,0,0
2023-02-19,C562C6,0.2950183583205947,14.416666666666666,0.0,,,0.867999087,0.2971320808725389,-0.0021137225519441,,0.881375447,0,2023,2,50,0.8660254037844386,0.5000000000000001,0,0,0,0,0,0,0,0,1,0
2023-02-20,C54992,0.1835914817389083,12.291666666666666,0.0,,,0.7,0.1835529204033125,3.85613355957104e-05,,0.87,0,2023,2,51,0.8660254037844386,0.5000000000000001,0,0,0,0,0,0,1,0,0,0
2023-02-20,C562C6,0.2932217841220258,12.875,0.0,,,0.697927539,0.2950183583205947,-0.0017965741985689,,0.867999087,0,2023,2,51,0.8660254037844386,0.5000000000000001,0,0,0,0,0,0,0,0,1,0
2023-02-21,C54992,0.1834372373334172,11.333333333333334,0.0,,,0.42,0.1835914817389083,-0.000154244405491,,0.7,0,2023,2,52,0.8660254037844386,0.5000000000000001,0,0,0,0,0,0,1,0,0,0
2023-02-21,C562C6,0.2918395710564885,12.75,0.0,,,0.422007633,0.2932217841220258,-0.0013822130655373,,0.697927539,0,2023,2,52,0.8660254037844386,0.5000000000000001,0,0,0,0,0,0,0,0,1,0
2023-02-22,C54992,0.1834162750829369,12.333333333333334,0.0,,,0.46,0.1834372373334172,-2.0962250480316413e-05,,0.42,0,2023,2,53,0.8660254037844386,0.5000000000000001,0,0,0,0,0,0,1,0,0,0
2023-02-22,C562C6,0.2909365594874292,11.956521739130435,0.0,,,0.442151892,0.2918395710564885,-0.0009030115690592,,0.422007633,0,2023,2,53,0.8660254037844386,0.5000000000000001,0,0,0,0,0,0,0,0,1,0
2023-02-23,C54992,0.1832458951484739,13.291666666666666,0.0,,,0.53,0.1834162750829369,-0.000170379934463,,0.46,0,2023,2,54,0.8660254037844386,0.5000000000000001,0,0,0,0,0,0,1,0,0,0
2023-02-23,C562C6,0.2898633163135904,14.291666666666666,0.0,,,0.552935283,0.2909365594874292,-0.0010732431738388,,0.442151892,0,2023,2,54,0.8660254037844386,0.5000000000000001,0,0,0,0,0,0,0,0,1,0
2023-02-24,C54992,0.1839330488415881,10.0,0.0,,,0.64,0.1832458951484739,0.0006871536931142,,0.53,0,2023,2,55,0.8660254037844386,0.5000000000000001,0,0,0,0,0,0,1,0,0,0
2023-02-24,C562C6,0.2522942281215948,11.304347826086955,0.0,,,0.68290834,0.2898633163135904,-0.0375690881919956,,0.552935283,0,2023,2,55,0.8660254037844386,0.5000000000000001,0,0,0,0,0,0,0,0,1,0
2023-02-25,C54992,0.1843119995000436,9.48,0.0,,,0.92,0.1839330488415881,0.0003789506584555,,0.64,0,2023,2,56,0.8660254037844386,0.5000000000000001,0,0,0,0,0,0,1,0,0,0
2023-02-25,C562C6,0.231677063221207,11.083333333333334,0.0,,,1.057622143,0.2522942281215948,-0.0206171649003877,,0.68290834,0,2023,2,56,0.8660254037844386,0.5000000000000001,0,0,0,0,0,0,0,0,1,0
2023-02-26,C54992,0.184442654148408,7.208333333333333,0.0,,,1.15,0.1843119995000436,0.0001306546483644,,0.92,0,2023,2,57,0.8660254037844386,0.5000000000000001,0,0,0,0,0,0,1,0,0,0
2023-02-26,C562C6,0.2294584884849672,9.869565217391305,0.0,,,1.409884539,0.231677063221207,-0.0022185747362398,,1.057622143,0,2023,2,57,0.8660254037844386,0.5000000000000001,0,0,0,0,0,0,0,0,1,0
2023-02-27,C54992,0.1842994425324794,7.208333333333333,0.0,,,1.01,0.184442654148408,-0.0001432116159286,,1.15,0,2023,2,58,0.8660254037844386,0.5000000000000001,0,0,0,0,0,0,1,0,0,0
2023-02-27,C562C6,0.2270202504317494,9.833333333333334,0.0,,,1.182167559,0.2294584884849672,-0.0024382380532177,,1.409884539,0,2023,2,58,0.8660254037844386,0.5000000000000001,0,0,0,0,0,0,0,0,1,0
2023-02-28,C54992,0.184034905344387,6.958333333333333,0.0,,,1.15,0.1842994425324794,-0.0002645371880924,,1.01,0,2023,2,59,0.8660254037844386,0.5000000000000001,0,0,0,0,0,0,1,0,0,0
2023-02-28,C562C6,0.2327449845575652,8.363636363636363,0.0,,,1.009278978,0.2270202504317494,0.0057247341258157,,1.182167559,0,2023,2,59,0.8660254037844386,0.5000000000000001,0,0,0,0,0,0,0,0,1,0
2023-03-01,C54992,0.1837657203191991,6.875,0.0,,,1.13,0.184034905344387,-0.0002691850251879,,1.15,0,2023,3,60,1.0,6.123233995736766e-17,0,0,0,0,0,0,1,0,0,0
2023-03-01,C562C6,0.2870334196504484,9.125,0.0,,,1.182463697,0.2327449845575652,0.0542884350928831,,1.009278978,0,2023,3,60,1.0,6.123233995736766e-17,0,0,0,0,0,0,0,0,1,0
2023-03-02,C54992,0.183273711140153,8.708333333333334,0.0,,,1.16,0.1837657203191991,-0.000492009179046,,1.13,0,2023,3,61,1.0,6.123233995736766e-17,0,0,0,0,0,0,1,0,0,0
2023-03-02,C562C6,0.2991680369618492,10.458333333333334,0.0,,,1.129741665,0.2870334196504484,0.0121346173114008,,1.182463697,0,2023,3,61,1.0,6.123233995736766e-17,0,0,0,0,0,0,0,0,1,0
2023-03-03,C54992,0.1828148499018586,8.666666666666666,0.0,,,0.82,0.183273711140153,-0.0004588612382944,,1.16,0,2023,3,62,1.0,6.123233995736766e-17,0,0,0,0,0,0,1,0,0,0
2023-03-03,C562C6,0.2925428573732561,9.958333333333334,0.0,,,0.844071925,0.2991680369618492,-0.006625179588593,,1.129741665,0,2023,3,62,1.0,6.123233995736766e-17,0,0,0,0,0,0,0,0,1,0
2023-03-04,C54992,0.1823830027403796,10.583333333333334,0.0,,,0.9,0.1828148499018586,-0.0004318471614789,,0.82,0,2023,3,63,1.0,6.123233995736766e-17,0,0,0,0,0,0,1,0,0,0
2023-03-04,C562C6,0.2908113783646118,11.782608695652174,0.0,,,0.891330554,0.2925428573732561,-0.0017314790086442,,0.844071925,0,2023,3,63,1.0,6.123233995736766e-17,0,0,0,0,0,0,0,0,1,0
2023-03-05,C54992,0.1819962860003298,9.583333333333334,0.0,,,0.64,0.1823830027403796,-0.0003867167400498,,0.9,0,2023,3,64,1.0,6.123233995736766e-17,0,0,0,0,0,0,1,0,0,0
2023-03-05,C562C6,0.2829698400415881,11.083333333333334,0.0,,,0.580190737,0.2908113783646118,-0.0078415383230237,,0.891330554,0,2023,3,64,1.0,6.123233995736766e-17,0,0,0,0,0,0,0,0,1,0
2023-03-06,C54992,0.1816512178092029,9.791666666666666,0.0,,,0.93,0.1819962860003298,-0.0003450681911269,,0.64,0,2023,3,65,1.0,6.123233995736766e-17,0,0,0,0,0,0,1,0,0,0
2023-03-06,C562C6,0.279816413272968,11.25,0.0,,,0.974059545,0.2829698400415881,-0.00315342676862,,0.580190737,0,2023,3,65,1.0,6.123233995736766e-17,0,0,0,0,0,0,0,0,1,0
2023-03-07,C54992,0.181406562763476,8.75,0.0,,,0.44,0.1816512178092029,-0.0002446550457269,,0.93,0,2023,3,66,1.0,6.123233995736766e-17,0,0,0,0,0,0,1,0,0,0
2023-03-07,C562C6,0.2811677494828548,10.708333333333334,0.0,,,0.49456153,0.279816413272968,0.0013513362098867,,0.974059545,0,2023,3,66,1.0,6.123233995736766e-17,0,0,0,0,0,0,0,0,1,0
2023-03-08,C54992,0.183014533748946,6.666666666666667,0.0,,,0.35,0.181406562763476,0.00160797098547,,0.44,0,2023,3,67,1.0,6.123233995736766e-17,0,0,0,0,0,0,1,0,0,0
2023-03-08,C562C6,0.2792190668092024,8.666666666666666,0.0,,,0.371102643,0.2811677494828548,-0.0019486826736523,,0.49456153,0,2023,3,67,1.0,6.123233995736766e-17,0,0,0,0,0,0,0,0,1,0
2023-03-09,C54992,0.1858555481403413,11.625,0.0,,,0.53,0.183014533748946,0.0028410143913953,,0.35,0,2023,3,68,1.0,6.123233995736766e-17,0,0,0,0,0,0,1,0,0,0
2023-03-09,C562C6,0.2752351153708735,13.347826086956522,0.0,,,0.559197483,0.2792190668092024,-0.0039839514383288,,0.371102643,0,2023,3,68,1.0,6.123233995736766e-17,0,0,0,0,0,0,0,0,1,0
2023-03-10,C54992,0.1885656808134548,11.541666666666666,0.0,,,0.68,0.1858555481403413,0.0027101326731134,,0.53,0,2023,3,69,1.0,6.123233995736766e-17,0,0,0,0,0,0,1,0,0,0
2023-03-10,C562C6,0.3108861845379752,12.5,0.0,,,0.706878754,0.2752351153708735,0.0356510691671016,,0.559197483,0,2023,3,69,1.0,6.123233995736766e-17,0,0,0,0,0,0,0,0,1,0
2023-03-11,C54992,0.1898997935673483,9.625,0.0,,,1.06,0.1885656808134548,0.0013341127538934,,0.68,0,2023,3,70,1.0,6.123233995736766e-17,0,0,0,0,0,0,1,0,0,0
2023-03-11,C562C6,0.3266896488182977,11.25,0.0,,,1.007885409,0.3108861845379752,0.0158034642803225,,0.706878754,0,2023,3,70,1.0,6.123233995736766e-17,0,0,0,0,0,0,0,0,1,0
2023-03-12,C54992,0.1888241820836431,13.666666666666666,0.0,,,1.19,0.1898997935673483,-0.0010756114837051,,1.06,0,2023,3,71,1.0,6.123233995736766e-17,0,0,0,0,0,0,1,0,0,0
2023-03-12,C562C6,0.3262248244065507,14.791666666666666,0.0,,,1.262840436,0.3266896488182977,-0.000464824411747,,1.007885409,0,2023,3,71,1.0,6.123233995736766e-17,0,0,0,0,0,0,0,0,1,0
2023-03-13,C54992,0.1881439969250102,20.0,0.0,,,2.15,0.1888241820836431,-0.0006801851586328,,1.19,0,2023,3,72,1.0,6.123233995736766e-17,0,0,0,0,0,0,1,0,0,0
2023-03-13,C562C6,0.3229467603767524,19.791666666666668,0.0,,,2.192534487,0.3262248244065507,-0.0032780640297983,,1.262840436,0,2023,3,72,1.0,6.123233995736766e-17,0,0,0,0,0,0,0,0,1,0
2023-03-14,C54992,0.1892729330815682,11.916666666666666,0.0,,,1.16,0.1881439969250102,0.0011289361565579,,2.15,0,2023,3,73,1.0,6.123233995736766e-17,0,0,0,0,0,0,1,0,0,0
2023-03-14,C562C6,0.3193431685807172,12.041666666666666,0.0,,,0.954957613,0.3229467603767524,-0.0036035917960351,,2.192534487,0,2023,3,73,1.0,6.123233995736766e-17,0,0,0,0,0,0,0,0,1,0
2023-03-15,C54992,0.1932393167595646,11.75,0.0,,,1.12,0.1892729330815682,0.0039663836779963,,1.16,0,2023,3,74,1.0,6.123233995736766e-17,0,0,0,0,0,0,1,0,0,0
2023-03-15,C562C6,0.3516664673172729,13.041666666666666,0.0,,,1.266933507,0.3193431685807172,0.0323232987365557,,0.954957613,0,2023,3,74,1.0,6.123233995736766e-17,0,0,0,0,0,0,0,0,1,0
2023-03-16,C54992,0.1915239348274636,16.0,0.0,,,2.16,0.1932393167595646,-0.0017153819321009,,1.12,0,2023,3,75,1.0,6.123233995736766e-17,0,0,0,0,0,0,1,0,0,0
2023-03-16,C562C6,0.3744797285975359,16.666666666666668,0.0,,,2.421874096,0.3516664673172729,0.0228132612802629,,1.266933507,0,2023,3,75,1.0,6.123233995736766e-17,0,0,0,0,0,0,0,0,1,0
2023-03-17,C54992,0.1892390344717757,18.791666666666668,0.0,,,2.05,0.1915239348274636,-0.0022849003556878,,2.16,0,2023,3,76,1.0,6.123233995736766e-17,0,0,0,0,0,0,1,0,0,0
2023-03-17,C562C6,0.365856008453954,17.625,0.0,,,2.201487089,0.3744797285975359,-0.0086237201435819,,2.421874096,0,2023,3,76,1.0,6.123233995736766e-17,0,0,0,0,0,0,0,0,1,0
2023-03-18,C54992,0.1877162489005638,18.33333333333333,0.0,,,1.44,0.1892390344717757,-0.0015227855712119,,2.05,0,2023,3,77,1.0,6.123233995736766e-17,0,0,0,0,0,0,1,0,0,0
2023-03-18,C562C6,0.3615388724474187,18.25,0.0,,,1.38208048,0.365856008453954,-0.0043171360065352,,2.201487089,0,2023,3,77,1.0,6.123233995736766e-17,0,0,0,0,0,0,0,0,1,0
2023-03-19,C54992,0.1871722081470085,17.0,0.0,,,1.11,0.1877162489005638,-0.0005440407535552,,1.44,0,2023,3,78,1.0,6.123233995736766e-17,0,0,0,0,0,0,1,0,0,0
2023-03-19,C562C6,0.3539770270763889,13.791666666666666,0.0,,,0.80663582,0.3615388724474187,-0.0075618453710298,,1.38208048,0,2023,3,78,1.0,6.123233995736766e-17,0,0,0,0,0,0,0,0,1,0
2023-03-20,C54992,0.1866256537084941,13.958333333333334,0.0,,,1.07,0.1871722081470085,-0.0005465544385143,,1.11,0,2023,3,79,1.0,6.123233995736766e-17,0,0,0,0,0,0,1,0,0,0
2023-03-20,C562C6,0.346898267071646,13.833333333333334,0.0,,,1.080574037,0.3539770270763889,-0.0070787600047428,,0.80663582,0,2023,3,79,1.0,6.123233995736766e-17,0,0,0,0,0,0,0,0,1,0
2023-03-21,C54992,0.1861246504012789,17.041666666666668,0.0,,,1.35,0.1866256537084941,-0.0005010033072151,,1.07,0,2023,3,80,1.0,6.123233995736766e-17,0,0,0,0,0,0,1,0,0,0
2023-03-21,C562C6,0.3454137968890229,16.25,0.0,,,1.262235238,0.346898267071646,-0.001484470182623,,1.080574037,0,2023,3,80,1.0,6.123233995736766e-17,0,0,0,0,0,0,0,0,1,0
2023-03-22,C54992,0.1854369994436326,16.541666666666668,0.0,,,1.3,0.1861246504012789,-0.0006876509576463,,1.35,0,2023,3,81,1.0,6.123233995736766e-17,0,0,0,0,0,0,1,0,0,0
2023-03-22,C562C6,0.3461544043401275,15.791666666666666,0.0,,,1.244160814,0.3454137968890229,0.0007406074511046,,1.262235238,0,2023,3,81,1.0,6.123233995736766e-17,0,0,0,0,0,0,0,0,1,0
2023-03-23,C54992,0.1849724453769215,19.45833333333333,0.0,,,2.06,0.1854369994436326,-0.000464554066711,,1.3,0,2023,3,82,1.0,6.123233995736766e-17,0,0,0,0,0,0,1,0,0,0
2023-03-23,C562C6,0.3451380843718234,18.45833333333333,0.0,,,1.733896069,0.3461544043401275,-0.001016319968304,,1.244160814,0,2023,3,82,1.0,6.123233995736766e-17,0,0,0,0,0,0,0,0,1,0
2023-03-24,C54992,0.1855135869304228,17.583333333333332,0.0,,,1.77,0.1849724453769215,0.0005411415535013,,2.06,0,2023,3,83,1.0,6.123233995736766e-17,0,0,0,0,0,0,1,0,0,0
2023-03-24,C562C6,0.3534890718853192,17.375,0.0,,,1.794900982,0.3451380843718234,0.0083509875134958,,1.733896069,0,2023,3,83,1.0,6.123233995736766e-17,0,0,0,0,0,0,0,0,1,0
2023-03-25,C54992,0.1859674090527223,15.708333333333334,0.0,,,1.6,0.1855135869304228,0.0004538221222994,,1.77,0,2023,3,84,1.0,6.123233995736766e-17,0,0,0,0,0,0,1,0,0,0
2023-03-25,C562C6,0.3631838280529878,15.96,0.0,,,1.801273541,0.3534890718853192,0.0096947561676685,,1.794900982,0,2023,3,84,1.0,6.123233995736766e-17,0,0,0,0,0,0,0,0,1,0
2023-03-26,C54992,0.1886673895111494,12.869565217391305,0.0,,,1.03,0.1859674090527223,0.002699980458427,,1.6,0,2023,3,85,1.0,6.123233995736766e-17,0,0,0,0,0,0,1,0,0,0
2023-03-26,C562C6,0.3556085952904851,13.28,0.0,,,1.056594458,0.3631838280529878,-0.0075752327625026,,1.801273541,0,2023,3,85,1.0,6.123233995736766e-17,0,0,0,0,0,0,0,0,1,0
2023-03-27,C54992,0.1889483506253434,11.375,0.0,,,1.67,0.1886673895111494,0.0002809611141939,,1.03,0,2023,3,86,1.0,6.123233995736766e-17,0,0,0,0,0,0,1,0,0,0
2023-03-27,C562C6,0.3504662862248865,11.833333333333334,0.0,,,1.353687424,0.3556085952904851,-0.0051423090655985,,1.056594458,0,2023,3,86,1.0,6.123233995736766e-17,0,0,0,0,0,0,0,0,1,0
2023-03-28,C54992,0.1876090713435161,10.458333333333334,0.0,,,1.17,0.1889483506253434,-0.0013392792818273,,1.67,0,2023,3,87,1.0,6.123233995736766e-17,0,0,0,0,0,0,1,0,0,0
2023-03-28,C562C6,0.3457026583588261,10.833333333333334,0.0,,,1.206690771,0.3504662862248865,-0.0047636278660604,,1.353687424,0,2023,3,87,1.0,6.123233995736766e-17,0,0,0,0,0,0,0,0,1,0
2023-03-29,C54992,0.1865056097440616,17.833333333333332,0.0,,,1.79,0.1876090713435161,-0.0011034615994544,,1.17,0,2023,3,88,1.0,6.123233995736766e-17,0,0,0,0,0,0,1,0,0,0
2023-03-29,C562C6,0.3622498091282601,17.375,0.0,,,1.79313459,0.3457026583588261,0.016547150769434,,1.206690771,0,2023,3,88,1.0,6.123233995736766e-17,0,0,0,0,0,0,0,0,1,0
2023-03-30,C54992,0.1850455437849813,20.041666666666668,0.0,,,2.43,0.1865056097440616,-0.0014600659590802,,1.79,0,2023,3,89,1.0,6.123233995736766e-17,0,0,0,0,0,0,1,0,0,0
2023-03-30,C562C6,0.3445796198112604,19.5,0.0,,,2.36672586,0.3622498091282601,-0.0176701893169997,,1.79313459,0,2023,3,89,1.0,6.123233995736766e-17,0,0,0,0,0,0,0,0,1,0
2023-03-31,C54992,0.1850526719374933,16.458333333333332,0.0,,,1.21,0.1850455437849813,7.128152511970409e-06,,2.43,0,2023,3,90,1.0,6.123233995736766e-17,0,0,0,0,0,0,1,0,0,0
2023-03-31,C562C6,0.3174689654310475,15.791666666666666,0.0,,,1.085206786,0.3445796198112604,-0.0271106543802129,,2.36672586,0,2023,3,90,1.0,6.123233995736766e-17,0,0,0,0,0,0,0,0,1,0
2023-04-01,C54992,0.1876354473264977,14.458333333333334,0.0,0.0,,0.63,0.1850526719374933,0.0025827753890044,,1.21,0,2023,4,91,0.8660254037844387,-0.4999999999999998,0,0,0,0,0,0,1,0,0,0
2023-04-01,C562C6,0.3207540377440184,14.521739130434783,0.0,0.0,,0.681522591,0.3174689654310475,0.0032850723129709,,1.085206786,0,2023,4,91,0.8660254037844387,-0.4999999999999998,0,0,0,0,0,0,0,0,1,0
2023-04-02,C54992,0.188664367442541,11.375,0.0,0.0,,0.88,0.1876354473264977,0.0010289201160432,,0.63,0,2023,4,92,0.8660254037844387,-0.4999999999999998,0,0,0,0,0,0,1,0,0,0
2023-04-02,C562C6,0.3176493467165902,11.73913043478261,0.0,0.0,,0.839113949,0.3207540377440184,-0.0031046910274282,,0.681522591,0,2023,4,92,0.8660254037844387,-0.4999999999999998,0,0,0,0,0,0,0,0,1,0
2023-04-03,C54992,0.18657330963809,12.625,0.0,0.0,,2.1,0.188664367442541,-0.0020910578044509,,0.88,0,2023,4,93,0.8660254037844387,-0.4999999999999998,0,0,0,0,0,0,1,0,0,0
2023-04-03,C562C6,0.3150264963581217,12.625,0.0,0.0,,2.057442068,0.3176493467165902,-0.0026228503584684,,0.839113949,0,2023,4,93,0.8660254037844387,-0.4999999999999998,0,0,0,0,0,0,0,0,1,0
2023-04-04,C54992,0.1847128099885556,12.916666666666666,0.0,0.0,,2.2,0.18657330963809,-0.0018604996495344,,2.1,0,2023,4,94,0.8660254037844387,-0.4999999999999998,0,0,0,0,0,0,1,0,0,0
2023-04-04,C562C6,0.3381489818307679,13.090909090909092,0.0,0.0,,2.218041391,0.3150264963581217,0.0231224854726461,,2.057442068,0,2023,4,94,0.8660254037844387,-0.4999999999999998,0,0,0,0,0,0,0,0,1,0
2023-04-05,C54992,0.1831273421543663,13.791666666666666,0.0,0.0,,1.92,0.1847128099885556,-0.0015854678341893,,2.2,0,2023,4,95,0.8660254037844387,-0.4999999999999998,0,0,0,0,0,0,1,0,0,0
2023-04-05,C562C6,0.3674003298557336,15.391304347826088,0.0,0.0,,1.933327767,0.3381489818307679,0.0292513480249657,,2.218041391,0,2023,4,95,0.8660254037844387,-0.4999999999999998,0,0,0,0,0,0,0,0,1,0
2023-04-06,C54992,0.1821327928089198,11.708333333333334,0.0,0.0,,0.92,0.1831273421543663,-0.0009945493454464,,1.92,0,2023,4,96,0.8660254037844387,-0.4999999999999998,0,0,0,0,0,0,1,0,0,0
2023-04-06,C562C6,0.3577004919959838,14.208333333333334,0.0,0.0,,1.083944493,0.3674003298557336,-0.0096998378597498,,1.933327767,0,2023,4,96,0.8660254037844387,-0.4999999999999998,0,0,0,0,0,0,0,0,1,0
2023-04-07,C54992,0.1840377736349455,14.625,0.0,0.0,,1.24,0.1821327928089198,0.0019049808260257,,0.92,0,2023,4,97,0.8660254037844387,-0.4999999999999998,0,0,0,0,0,0,1,0,0,0
2023-04-07,C562C6,0.2970107224878577,14.583333333333334,0.0,0.0,,1.086520655,0.3577004919959838,-0.060689769508126,,1.083944493,0,2023,4,97,0.8660254037844387,-0.4999999999999998,0,0,0,0,0,0,0,0,1,0
2023-04-08,C54992,0.1829427639269008,17.916666666666668,0.0,0.0,,1.68,0.1840377736349455,-0.0010950097080447,,1.24,0,2023,4,98,0.8660254037844387,-0.4999999999999998,0,0,0,0,0,0,1,0,0,0
2023-04-08,C562C6,0.2709758322177905,15.958333333333334,0.0,0.0,,1.473028031,0.2970107224878577,-0.0260348902700672,,1.086520655,0,2023,4,98,0.8660254037844387,-0.4999999999999998,0,0,0,0,0,0,0,0,1,0
2023-04-09,C54992,0.1812165641133962,18.416666666666668,0.0,0.0,,2.29,0.1829427639269008,-0.0017261998135045,,1.68,0,2023,4,99,0.8660254037844387,-0.4999999999999998,0,0,0,0,0,0,1,0,0,0
2023-04-09,C562C6,0.2768583425985033,18.12,0.0,0.0,,2.014843188,0.2709758322177905,0.0058825103807128,,1.473028031,0,2023,4,99,0.8660254037844387,-0.4999999999999998,0,0,0,0,0,0,0,0,1,0
2023-04-10,C54992,0.1796116212754591,16.75,0.0,0.0,,1.85,0.1812165641133962,-0.0016049428379371,,2.29,0,2023,4,100,0.8660254037844387,-0.4999999999999998,0,0,0,0,0,0,1,0,0,0
2023-04-10,C562C6,0.2803433558313482,16.75,0.0,0.0,,1.745374129,0.2768583425985033,0.0034850132328448,,2.014843188,0,2023,4,100,0.8660254037844387,-0.4999999999999998,0,0,0,0,0,0,0,0,1,0
2023-04-11,C54992,0.1791056866030026,17.291666666666668,0.0,0.0,,2.39,0.1796116212754591,-0.0005059346724564,,1.85,0,2023,4,101,0.8660254037844387,-0.4999999999999998,0,0,0,0,0,0,1,0,0,0
2023-04-11,C562C6,0.2757562789918256,16.875,0.0,0.0,,2.28137717,0.2803433558313482,-0.0045870768395225,,1.745374129,0,2023,4,101,0.8660254037844387,-0.4999999999999998,0,0,0,0,0,0,0,0,1,0
2023-04-12,C54992,0.1807851099220812,15.791666666666666,0.0,0.0,,1.72,0.1791056866030026,0.0016794233190786,,2.39,0,2023,4,102,0.8660254037844387,-0.4999999999999998,0,0,0,0,0,0,1,0,0,0
2023-04-12,C562C6,0.27068586417888,16.958333333333332,0.0,0.0,,2.102080768,0.2757562789918256,-0.0050704148129455,,2.28137717,0,2023,4,102,0.8660254037844387,-0.4999999999999998,0,0,0,0,0,0,0,0,1,0
2023-04-13,C54992,0.1836984486583864,16.0,0.0,0.0,,2.6,0.1807851099220812,0.0029133387363051,,1.72,0,2023,4,103,0.8660254037844387,-0.4999999999999998,0,0,0,0,0,0,1,0,0,0
2023-04-13,C562C6,0.2812995733794365,16.791666666666668,0.0,0.0,,2.52614677,0.27068586417888,0.0106137092005564,,2.102080768,0,2023,4,103,0.8660254037844387,-0.4999999999999998,0,0,0,0,0,0,0,0,1,0
2023-04-14,C54992,0.1818370133900643,16.291666666666668,0.0,0.0,,2.35,0.1836984486583864,-0.001861435268322,,2.6,0,2023,4,104,0.8660254037844387,-0.4999999999999998,0,0,0,0,0,0,1,0,0,0
2023-04-14,C562C6,0.2808218073211082,17.791666666666668,0.0,0.0,,2.308806978,0.2812995733794365,-0.0004777660583283,,2.52614677,0,2023,4,104,0.8660254037844387,-0.4999999999999998,0,0,0,0,0,0,0,0,1,0
2023-04-15,C54992,0.1795038416031894,18.375,0.0,0.0,,2.86,0.1818370133900643,-0.0023331717868748,,2.35,0,2023,4,105,0.8660254037844387,-0.4999999999999998,0,0,0,0,0,0,1,0,0,0
2023-04-15,C562C6,0.2738887554995316,18.33333333333333,0.0,0.0,,2.609902227,0.2808218073211082,-0.0069330518215765,,2.308806978,0,2023,4,105,0.8660254037844387,-0.4999999999999998,0,0,0,0,0,0,0,0,1,0
2023-04-16,C54992,0.1777809094968527,13.541666666666666,0.0,0.0,,0.86,0.1795038416031894,-0.0017229321063366,,2.86,0,2023,4,106,0.8660254037844387,-0.4999999999999998,0,0,0,0,0,0,1,0,0,0
2023-04-16,C562C6,0.274621827049463,16.708333333333332,0.0,0.0,,1.500719339,0.2738887554995316,0.0007330715499314,,2.609902227,0,2023,4,106,0.8660254037844387,-0.4999999999999998,0,0,0,0,0,0,0,0,1,0
2023-04-17,C54992,0.1772070829523458,17.041666666666668,0.0,0.0,,1.76,0.1777809094968527,-0.0005738265445069,,0.86,0,2023,4,107,0.8660254037844387,-0.4999999999999998,0,0,0,0,0,0,1,0,0,0
2023-04-17,C562C6,0.2729227031751307,16.166666666666668,0.0,0.0,,1.579241327,0.274621827049463,-0.0016991238743322,,1.500719339,0,2023,4,107,0.8660254037844387,-0.4999999999999998,0,0,0,0,0,0,0,0,1,0
2023-04-18,C54992,0.1754339153136191,17.666666666666668,0.0,0.0,,2.44,0.1772070829523458,-0.0017731676387267,,1.76,0,2023,4,108,0.8660254037844387,-0.4999999999999998,0,0,0,0,0,0,1,0,0,0
2023-04-18,C562C6,0.267387584445472,17.208333333333332,0.0,0.0,,2.415958141,0.2729227031751307,-0.0055351187296587,,1.579241327,0,2023,4,108,0.8660254037844387,-0.4999999999999998,0,0,0,0,0,0,0,0,1,0
2023-04-19,C54992,0.1728256477417341,20.45833333333333,0.0,0.0,,3.49,0.1754339153136191,-0.0026082675718849,,2.44,0,2023,4,109,0.8660254037844387,-0.4999999999999998,0,0,0,0,0,0,1,0,0,0
2023-04-19,C562C6,0.2642149895877079,19.041666666666668,0.0,0.0,,3.372077702,0.267387584445472,-0.003172594857764,,2.415958141,0,2023,4,109,0.8660254037844387,-0.4999999999999998,0,0,0,0,0,0,0,0,1,0
2023-04-20,C54992,0.1704283980517794,14.25,0.0,0.0,,2.02,0.1728256477417341,-0.0023972496899546,,3.49,0,2023,4,110,0.8660254037844387,-0.4999999999999998,0,0,0,0,0,0,1,0,0,0
2023-04-20,C562C6,0.26188970222859,13.291666666666666,0.0,0.0,,1.864174714,0.2642149895877079,-0.0023252873591179,,3.372077702,0,2023,4,110,0.8660254037844387,-0.4999999999999998,0,0,0,0,0,0,0,0,1,0
2023-04-21,C54992,0.1689228860794765,19.541666666666668,0.0,0.0,,2.67,0.1704283980517794,-0.0015055119723029,,2.02,0,2023,4,111,0.8660254037844387,-0.4999999999999998,0,0,0,0,0,0,1,0,0,0
2023-04-21,C562C6,0.2605784002015996,15.75,0.0,0.0,,2.511859694,0.26188970222859,-0.0013113020269903,,1.864174714,0,2023,4,111,0.8660254037844387,-0.4999999999999998,0,0,0,0,0,0,0,0,1,0
2023-04-22,C54992,0.1669858174482949,15.708333333333334,0.0,0.0,,0.97,0.1689228860794765,-0.0019370686311815,,2.67,0,2023,4,112,0.8660254037844387,-0.4999999999999998,0,0,0,0,0,0,1,0,0,0
2023-04-22,C562C6,0.2590387591737071,15.416666666666666,0.0,0.0,,1.08372915,0.2605784002015996,-0.0015396410278925,,2.511859694,0,2023,4,112,0.8660254037844387,-0.4999999999999998,0,0,0,0,0,0,0,0,1,0
2023-04-23,C54992,0.1661372336634952,17.666666666666668,0.0,0.0,,1.6,0.1669858174482949,-0.0008485837847997,,0.97,0,2023,4,113,0.8660254037844387,-0.4999999999999998,0,0,0,0,0,0,1,0,0,0
2023-04-23,C562C6,0.2578423857510781,17.833333333333332,0.0,0.0,,1.621016188,0.2590387591737071,-0.001196373422629,,1.08372915,0,2023,4,113,0.8660254037844387,-0.4999999999999998,0,0,0,0,0,0,0,0,1,0
2023-04-24,C54992,0.1658853403425162,15.25,0.0,0.0,,1.91,0.1661372336634952,-0.0002518933209789,,1.6,0,2023,4,114,0.8660254037844387,-0.4999999999999998,0,0,0,0,0,0,1,0,0,0
2023-04-24,C562C6,0.2577420070956122,17.208333333333332,0.0,0.0,,2.068763829,0.2578423857510781,-0.0001003786554659,,1.621016188,0,2023,4,114,0.8660254037844387,-0.4999999999999998,0,0,0,0,0,0,0,0,1,0
2023-04-25,C54992,0.1660964497270616,14.333333333333334,0.0,0.0,,2.29,0.1658853403425162,0.0002111093845453,,1.91,0,2023,4,115,0.8660254037844387,-0.4999999999999998,0,0,0,0,0,0,1,0,0,0
2023-04-25,C562C6,0.2583520910362476,16.541666666666668,0.0,0.0,,2.238167083,0.2577420070956122,0.0006100839406354,,2.068763829,0,2023,4,115,0.8660254037844387,-0.4999999999999998,0,0,0,0,0,0,0,0,1,0
2023-04-26,C54992,0.1649144420575737,15.125,0.0,0.0,,2.27,0.1660964497270616,-0.0011820076694878,,2.29,0,2023,4,116,0.8660254037844387,-0.4999999999999998,0,0,0,0,0,0,1,0,0,0
2023-04-26,C562C6,0.2574299041971453,16.0,0.0,0.0,,2.193499488,0.2583520910362476,-0.0009221868391023,,2.238167083,0,2023,4,116,0.8660254037844387,-0.4999999999999998,0,0,0,0,0,0,0,0,1,0
2023-04-27,C54992,0.1627927234018049,17.166666666666668,0.0,0.0,,2.77,0.1649144420575737,-0.0021217186557687,,2.27,0,2023,4,117,0.8660254037844387,-0.4999999999999998,0,0,0,0,0,0,1,0,0,0
2023-04-27,C562C6,0.2549655895237662,18.08333333333333,0.0,0.0,,2.564528063,0.2574299041971453,-0.002464314673379,,2.193499488,0,2023,4,117,0.8660254037844387,-0.4999999999999998,0,0,0,0,0,0,0,0,1,0
2023-04-28,C54992,0.1610243731082164,18.5,0.0,0.0,,1.34,0.1627927234018049,-0.0017683502935884,,2.77,0,2023,4,118,0.8660254037844387,-0.4999999999999998,0,0,0,0,0,0,1,0,0,0
2023-04-28,C562C6,0.310041712559639,18.5,0.0,0.0,,1.225689945,0.2549655895237662,0.0550761230358727,,2.564528063,0,2023,4,118,0.8660254037844387,-0.4999999999999998,0,0,0,0,0,0,0,0,1,0
2023-04-29,C54992,0.1596302612189738,18.041666666666668,0.0,0.0,,1.86,0.1610243731082164,-0.0013941118892426,,1.34,0,2023,4,119,0.8660254037844387,-0.4999999999999998,0,0,0,0,0,0,1,0,0,0
2023-04-29,C562C6,0.3491843170866851,17.833333333333332,0.0,0.0,,1.849866947,0.310041712559639,0.0391426045270461,,1.225689945,0,2023,4,119,0.8660254037844387,-0.4999999999999998,0,0,0,0,0,0,0,0,1,0
2023-04-30,C54992,0.1572814133776193,21.625,0.0,0.0,,3.3,0.1596302612189738,-0.0023488478413544,,1.86,0,2023,4,120,0.8660254037844387,-0.4999999999999998,0,0,0,0,0,0,1,0,0,0
2023-04-30,C562C6,0.3466953296754003,19.791666666666668,0.0,0.0,,2.996120968,0.3491843170866851,-0.0024889874112847,,1.849866947,0,2023,4,120,0.8660254037844387,-0.4999999999999998,0,0,0,0,0,0,0,0,1,0
2023-05-01,C54992,0.1539667166366669,20.26086956521739,0.0,0.0,0.07,2.52,0.1572814133776193,-0.0033146967409523,,3.3,0,2023,5,121,0.49999999999999994,-0.8660254037844387,0,0,0,0,0,0,1,0,0,0
2023-05-01,C562C6,0.344903022082465,21.416666666666668,0.0,0.0,0.09,2.506814596,0.3466953296754003,-0.0017923075929353,,2.996120968,0,2023,5,121,0.49999999999999994,-0.8660254037844387,0,0,0,0,0,0,0,0,1,0
2023-05-02,C54992,0.1513714341915825,20.58333333333333,0.0,0.0,0.0,3.15,0.1539667166366669,-0.0025952824450843,0.07,2.52,0,2023,5,122,0.49999999999999994,-0.8660254037844387,0,0,0,0,0,0,1,0,0,0
2023-05-02,C562C6,0.3433701622254709,19.95833333333333,0.0,0.0,0.0,2.842787307,0.344903022082465,-0.001532859856994,0.09,2.506814596,0,2023,5,122,0.49999999999999994,-0.8660254037844387,0,0,0,0,0,0,0,0,1,0
2023-05-03,C54992,0.1478832739175884,19.875,0.0,0.0,0.0,3.66,0.1513714341915825,-0.0034881602739941,0.0,3.15,0,2023,5,123,0.49999999999999994,-0.8660254037844387,0,0,0,0,0,0,1,0,0,0
2023-05-03,C55D7C,0.1540141561456827,7.3125,0.0,0.0,0.0,3.38,,,0.0,2.84,0,2023,5,123,0.49999999999999994,-0.8660254037844387,0,0,0,0,0,0,0,1,0,0
2023-05-03,C562C6,0.3399159388890236,18.75,0.0,0.0,0.0,3.383578382,0.3433701622254709,-0.0034542233364473,0.0,2.842787307,0,2023,5,123,0.49999999999999994,-0.8660254037844387,0,0,0,0,0,0,0,0,1,0
2023-05-04,C54992,0.1435720942852903,24.416666666666668,0.0,0.0,0.09,4.21,0.1478832739175884,-0.004311179632298,0.0,3.66,0,2023,5,124,0.49999999999999994,-0.8660254037844387,0,0,0,0,0,0,1,0,0,0
2023-05-04,C55D7C,0.1513155777990044,14.75,0.0,0.0,0.0,4.1,0.1540141561456827,-0.0026985783466783,0.0,3.38,0,2023,5,124,0.49999999999999994,-0.8660254037844387,0,0,0,0,0,0,0,1,0,0
2023-05-04,C562C6,0.3370535352006351,23.125,0.0,0.0,4.37,4.098899278,0.3399159388890236,-0.0028624036883884,0.0,3.383578382,0,2023,5,124,0.49999999999999994,-0.8660254037844387,0,0,0,0,0,0,0,0,1,0
2023-05-05,C54992,0.1400596610970564,22.25,0.0,0.0,1.75,2.37,0.1435720942852903,-0.0035124331882339,0.09,4.21,0,2023,5,125,0.49999999999999994,-0.8660254037844387,0,0,0,0,0,0,1,0,0,0
2023-05-05,C55D7C,0.1531493722832234,21.041666666666668,15.6,0.0,7.8,2.5,0.1513155777990044,0.0018337944842189,0.0,4.1,0,2023,5,125,0.49999999999999994,-0.8660254037844387,0,0,0,0,0,0,0,1,0,0
2023-05-05,C562C6,0.3354948343805853,22.291666666666668,0.0,0.0,3.11,2.495037744,0.3370535352006351,-0.0015587008200498,4.37,4.098899278,0,2023,5,125,0.49999999999999994,-0.8660254037844387,0,0,0,0,0,0,0,0,1,0
2023-05-06,C54992,0.1383604923023537,22.5,0.0,0.0,0.0,2.32,0.1400596610970564,-0.0016991687947026,1.75,2.37,0,2023,5,126,0.49999999999999994,-0.8660254037844387,0,0,0,0,0,0,1,0,0,0
2023-05-06,C55D7C,0.1657732175094655,10.478260869565217,4.8,0.0,2.4,2.39,0.1531493722832234,0.012623845226242,7.8,2.5,0,2023,5,126,0.49999999999999994,-0.8660254037844387,0,0,0,0,0,0,0,1,0,0
2023-05-06,C562C6,0.334140419918767,23.20833333333333,0.0,0.0,0.0,2.392449645,0.3354948343805853,-0.0013544144618182,3.11,2.495037744,0,2023,5,126,0.49999999999999994,-0.8660254037844387,0,0,0,0,0,0,0,0,1,0
2023-05-07,C54992,0.1373111355712359,22.5,0.0,0.0,4.17,1.47,0.1383604923023537,-0.0010493567311177,0.0,2.32,0,2023,5,127,0.49999999999999994,-0.8660254037844387,0,0,0,0,0,0,1,0,0,0
2023-05-07,C55D7C,0.1669467420379323,17.82608695652174,0.0,0.0,0.0,1.52,0.1657732175094655,0.0011735245284668,2.4,2.39,0,2023,5,127,0.49999999999999994,-0.8660254037844387,0,0,0,0,0,0,0,1,0,0
2023-05-07,C562C6,0.3325304427295927,22.916666666666668,0.0,0.0,6.48,1.523122922,0.334140419918767,-0.0016099771891743,0.0,2.392449645,0,2023,5,127,0.49999999999999994,-0.8660254037844387,0,0,0,0,0,0,0,0,1,0
2023-05-08,C54992,0.1364129002891139,23.791666666666668,0.0,0.0,0.0,2.09,0.1373111355712359,-0.000898235282122,4.17,1.47,0,2023,5,128,0.49999999999999994,-0.8660254037844387,0,0,0,0,0,0,1,0,0,0
2023-05-08,C55D7C,0.162334762924542,23.565217391304348,0.0,0.0,0.0,1.31,0.1669467420379323,-0.0046119791133903,0.0,1.52,0,2023,5,128,0.49999999999999994,-0.8660254037844387,0,0,0,0,0,0,0,1,0,0
2023-05-08,C562C6,0.3318454519779377,20.791666666666668,0.0,0.0,0.03,1.311664301,0.3325304427295927,-0.0006849907516549,6.48,1.523122922,0,2023,5,128,0.49999999999999994,-0.8660254037844387,0,0,0,0,0,0,0,0,1,0
2023-05-09,C54992,0.1415464550976905,19.666666666666668,0.0,0.0,17.25,0.96,0.1364129002891139,0.0051335548085765,0.0,2.09,0,2023,5,129,0.49999999999999994,-0.8660254037844387,0,0,0,0,0,0,1,0,0,0
2023-05-09,C55D7C,0.1666040063290188,20.416666666666668,29.6000002,0.0,14.8,1.05,0.162334762924542,0.0042692434044768,0.0,1.31,0,2023,5,129,0.49999999999999994,-0.8660254037844387,0,0,0,0,0,0,0,1,0,0
2023-05-09,C562C6,0.3043228023789708,19.83333333333333,0.0,0.0,16.01,1.048274034,0.3318454519779377,-0.0275226495989668,0.03,1.311664301,0,2023,5,129,0.49999999999999994,-0.8660254037844387,0,0,0,0,0,0,0,0,1,0
2023-05-10,C54992,0.1508821996115621,20.416666666666668,0.0,0.0,1.18,1.53,0.1415464550976905,0.0093357445138715,17.25,0.96,0,2023,5,130,0.49999999999999994,-0.8660254037844387,0,0,0,0,0,0,1,0,0,0
2023-05-10,C55D7C,0.1943913413181572,19.95833333333333,1.6,0.0,0.8,1.47,0.1666040063290188,0.0277873349891384,14.8,1.05,0,2023,5,130,0.49999999999999994,-0.8660254037844387,0,0,0,0,0,0,0,1,0,0
2023-05-10,C562C6,0.2475169534560988,20.791666666666668,0.0,0.0,1.18,1.471890282,0.3043228023789708,-0.056805848922872,16.01,1.048274034,0,2023,5,130,0.49999999999999994,-0.8660254037844387,0,0,0,0,0,0,0,0,1,0
2023-05-11,C54992,0.1503744963878493,21.565217391304348,0.0,0.0,13.99,2.22,0.1508821996115621,-0.0005077032237127,1.18,1.53,0,2023,5,131,0.49999999999999994,-0.8660254037844387,0,0,0,0,0,0,1,0,0,0
2023-05-11,C55D7C,0.1841649576615573,19.58333333333333,0.0,0.0,0.0,2.06,0.1943913413181572,-0.0102263836565999,0.8,1.47,0,2023,5,131,0.49999999999999994,-0.8660254037844387,0,0,0,0,0,0,0,1,0,0
2023-05-11,C562C6,0.2447939536277338,20.0,0.0,0.0,9.27,2.058435449,0.2475169534560988,-0.0027229998283649,1.18,1.471890282,0,2023,5,131,0.49999999999999994,-0.8660254037844387,0,0,0,0,0,0,0,0,1,0
2023-05-12,C54992,0.1633059708742779,20.875,0.0,0.0,6.41,1.68,0.1503744963878493,0.0129314744864286,13.99,2.22,0,2023,5,132,0.49999999999999994,-0.8660254037844387,0,0,0,0,0,0,1,0,0,0
2023-05-12,C55D7C,0.1966817152776981,20.5,20.8,0.0,10.4,1.6,0.1841649576615573,0.0125167576161408,0.0,2.06,0,2023,5,132,0.49999999999999994,-0.8660254037844387,0,0,0,0,0,0,0,1,0,0
2023-05-12,C562C6,0.2430688332714881,20.20833333333333,0.0,0.0,10.49,1.60085398,0.2447939536277338,-0.0017251203562456,9.27,2.058435449,0,2023,5,132,0.49999999999999994,-0.8660254037844387,0,0,0,0,0,0,0,0,1,0
2023-05-13,C54992,0.1534278667996206,25.375,0.0,0.0,0.0,4.28,0.1633059708742779,-0.0098781040746573,6.41,1.68,0,2023,5,133,0.49999999999999994,-0.8660254037844387,0,0,0,0,0,0,1,0,0,0
2023-05-13,C55D7C,0.1915008189936267,11.333333333333334,1.2,0.0,0.6,3.47,0.1966817152776981,-0.0051808962840714,10.4,1.6,0,2023,5,133,0.49999999999999994,-0.8660254037844387,0,0,0,0,0,0,0,1,0,0
2023-05-13,C562C6,0.2414487903805506,22.625,0.0,0.0,0.0,3.47150611,0.2430688332714881,-0.0016200428909375,10.49,1.60085398,0,2023,5,133,0.49999999999999994,-0.8660254037844387,0,0,0,0,0,0,0,0,1,0
2023-05-14,C54992,0.1473315728117956,23.25,0.0,0.0,0.0,3.01,0.1534278667996206,-0.0060962939878249,0.0,4.28,0,2023,5,134,0.49999999999999994,-0.8660254037844387,0,0,0,0,0,0,1,0,0,0
2023-05-14,C55D7C,0.1811852628583913,20.45833333333333,0.0,0.0,0.0,2.84,0.1915008189936267,-0.0103155561352353,0.6,3.47,0,2023,5,134,0.49999999999999994,-0.8660254037844387,0,0,0,0,0,0,0,1,0,0
2023-05-14,C562C6,0.2383916386192591,21.791666666666668,0.0,0.0,0.0,2.840868784,0.2414487903805506,-0.0030571517612914,0.0,3.47150611,0,2023,5,134,0.49999999999999994,-0.8660254037844387,0,0,0,0,0,0,0,0,1,0
2023-05-15,C54992,0.1443918796960112,17.958333333333332,0.0,0.0,1.15,1.1,0.1473315728117956,-0.0029396931157844,0.0,3.01,0,2023,5,135,0.49999999999999994,-0.8660254037844387,0,0,0,0,0,0,1,0,0,0
2023-05-15,C55D7C,0.1729100714944058,19.291666666666668,1.2000000000000002,0.0,0.6,0.96,0.1811852628583913,-0.0082751913639854,0.0,2.84,0,2023,5,135,0.49999999999999994,-0.8660254037844387,0,0,0,0,0,0,0,1,0,0
2023-05-15,C562C6,0.2366201375312764,18.35,0.0,0.0,8.05,0.963767417,0.2383916386192591,-0.0017715010879827,0.0,2.840868784,0,2023,5,135,0.49999999999999994,-0.8660254037844387,0,0,0,0,0,0,0,0,1,0
2023-05-16,C54992,0.142972404609578,18.70833333333333,0.0,0.0,0.0,3.08,0.1443918796960112,-0.0014194750864331,1.15,1.1,0,2023,5,136,0.49999999999999994,-0.8660254037844387,0,0,0,0,0,0,1,0,0,0
2023-05-16,C55D7C,0.1686972535944062,17.333333333333332,2.4,0.0,1.2,3.11,0.1729100714944058,-0.0042128178999996,0.6,0.96,0,2023,5,136,0.49999999999999994,-0.8660254037844387,0,0,0,0,0,0,0,1,0,0
2023-05-17,C54992,0.1401324634144341,20.625,0.0,0.0,0.0,3.4,0.142972404609578,-0.0028399411951438,0.0,3.08,0,2023,5,137,0.49999999999999994,-0.8660254037844387,0,0,0,0,0,0,1,0,0,0
2023-05-17,C55D7C,0.1637747250675773,8.75,0.0,0.0,0.0,3.11,0.1686972535944062,-0.0049225285268288,1.2,3.11,0,2023,5,137,0.49999999999999994,-0.8660254037844387,0,0,0,0,0,0,0,1,0,0
2023-05-18,C54992,0.1366926982630804,19.695652173913043,0.0,0.0,0.0,3.51,0.1401324634144341,-0.0034397651513536,0.0,3.4,0,2023,5,138,0.49999999999999994,-0.8660254037844387,0,0,0,0,0,0,1,0,0,0
2023-05-18,C55D7C,0.1563516703287515,16.434782608695652,0.0,0.0,0.0,3.49,0.1637747250675773,-0.0074230547388258,0.0,3.11,0,2023,5,138,0.49999999999999994,-0.8660254037844387,0,0,0,0,0,0,0,1,0,0
2023-05-19,C54992,0.1333580516965833,21.916666666666668,0.0,0.0,0.0,4.13,0.1366926982630804,-0.0033346465664971,0.0,3.51,0,2023,5,139,0.49999999999999994,-0.8660254037844387,0,0,0,0,0,0,1,0,0,0
2023-05-19,C55D7C,0.1500622483411669,14.75,0.0,0.0,0.0,3.52,0.1563516703287515,-0.0062894219875846,0.0,3.49,0,2023,5,139,0.49999999999999994,-0.8660254037844387,0,0,0,0,0,0,0,1,0,0
2023-05-20,C54992,0.12863058538256,24.166666666666668,0.0,0.0,0.0,4.38,0.1333580516965833,-0.0047274663140233,0.0,4.13,0,2023,5,140,0.49999999999999994,-0.8660254037844387,0,0,0,0,0,0,1,0,0,0
2023-05-20,C55D7C,0.1433256794092357,16.291666666666668,0.0,0.0,0.0,4.17,0.1500622483411669,-0.0067365689319311,0.0,3.52,0,2023,5,140,0.49999999999999994,-0.8660254037844387,0,0,0,0,0,0,0,1,0,0
2023-05-21,C54992,0.1239183212389079,25.791666666666668,0.0,0.0,0.0,3.69,0.12863058538256,-0.004712264143652,0.0,4.38,0,2023,5,141,0.49999999999999994,-0.8660254037844387,0,0,0,0,0,0,1,0,0,0
2023-05-21,C55D7C,0.137588278665927,22.45833333333333,0.0,0.0,0.0,3.13,0.1433256794092357,-0.0057374007433087,0.0,4.17,0,2023,5,141,0.49999999999999994,-0.8660254037844387,0,0,0,0,0,0,0,1,0,0
2023-05-22,C54992,0.1203517035875887,23.681818181818183,0.0,0.0,0.0,2.13,0.1239183212389079,-0.0035666176513191,0.0,3.69,0,2023,5,142,0.49999999999999994,-0.8660254037844387,0,0,0,0,0,0,1,0,0,0
2023-05-22,C55D7C,0.1327332300898786,23.291666666666668,0.0,0.0,0.0,1.76,0.137588278665927,-0.0048550485760483,0.0,3.13,0,2023,5,142,0.49999999999999994,-0.8660254037844387,0,0,0,0,0,0,0,1,0,0
2023-05-23,C54992,0.1176644883775223,22.70833333333333,0.0,0.0,0.0,3.24,0.1203517035875887,-0.0026872152100663,0.0,2.13,0,2023,5,143,0.49999999999999994,-0.8660254037844387,0,0,0,0,0,0,1,0,0,0
2023-05-23,C55D7C,0.1288698685516509,20.666666666666668,0.0,0.0,0.0,2.89,0.1327332300898786,-0.0038633615382276,0.0,1.76,0,2023,5,143,0.49999999999999994,-0.8660254037844387,0,0,0,0,0,0,0,1,0,0
2023-05-24,C54992,0.1146664139219893,20.08695652173913,0.0,0.0,0.0,2.59,0.1176644883775223,-0.002998074455533,0.0,3.24,0,2023,5,144,0.49999999999999994,-0.8660254037844387,0,0,0,0,0,0,1,0,0,0
2023-05-24,C55D7C,0.1250923168939306,16.5,0.0,0.0,0.0,3.06,0.1288698685516509,-0.0037775516577203,0.0,2.89,0,2023,5,144,0.49999999999999994,-0.8660254037844387,0,0,0,0,0,0,0,1,0,0
2023-05-25,C535CA,0.1173002811064503,28.0,39.600002,0.0,39.6,3.66,,,0.0,3.14,0,2023,5,145,0.49999999999999994,-0.8660254037844387,0,0,0,1,0,0,0,0,0,0
2023-05-25,C54992,0.1113230076964433,22.26086956521739,0.0,0.0,0.0,3.66,0.1146664139219893,-0.0033434062255459,0.0,2.59,0,2023,5,145,0.49999999999999994,-0.8660254037844387,0,0,0,0,0,0,1,0,0,0
2023-05-25,C55D7C,0.1225071105411428,8.458333333333334,0.0,0.0,0.0,3.85,0.1250923168939306,-0.0025852063527877,0.0,3.06,0,2023,5,145,0.49999999999999994,-0.8660254037844387,0,0,0,0,0,0,0,1,0,0
2023-05-25,C562C6,0.2240995620206246,24.52380952380953,0.0,2.31,0.0,3.851187221,,,0.0,3.06201717,1,2023,5,145,0.49999999999999994,-0.8660254037844387,0,0,0,0,0,0,0,0,1,0
2023-05-26,C535CA,0.1189934291151163,13.4,0.0,0.0,0.0,4.64,0.1173002811064503,0.001693148008666,39.6,3.66,0,2023,5,146,0.49999999999999994,-0.8660254037844387,0,0,0,1,0,0,0,0,0,0
2023-05-26,C54992,0.1064009796791622,23.375,0.0,0.0,0.0,4.64,0.1113230076964433,-0.004922028017281,0.0,3.66,0,2023,5,146,0.49999999999999994,-0.8660254037844387,0,0,0,0,0,0,1,0,0,0
2023-05-26,C55D7C,0.1153218440275619,17.708333333333332,0.0,0.0,0.0,4.57,0.1225071105411428,-0.0071852665135809,0.0,3.85,0,2023,5,146,0.49999999999999994,-0.8660254037844387,0,0,0,0,0,0,0,1,0,0
2023-05-26,C562C6,0.2275094905126681,21.291666666666668,0.0,0.0,0.0,4.565156995,0.2240995620206246,0.0034099284920434,0.0,3.851187221,0,2023,5,146,0.49999999999999994,-0.8660254037844387,0,0,0,0,0,0,0,0,1,0
2023-05-27,C535CA,0.1012922985030498,33.0,0.0,0.0,0.0,4.82,0.1189934291151163,-0.0177011306120665,0.0,4.64,0,2023,5,147,0.49999999999999994,-0.8660254037844387,0,0,0,1,0,0,0,0,0,0
2023-05-27,C54992,0.1004704974002112,25.25,0.0,0.0,0.0,4.82,0.1064009796791622,-0.005930482278951,0.0,4.64,0,2023,5,147,0.49999999999999994,-0.8660254037844387,0,0,0,0,0,0,1,0,0,0
2023-05-27,C55D7C,0.1081726497426559,17.333333333333332,0.0,0.0,0.0,4.71,0.1153218440275619,-0.0071491942849059,0.0,4.57,0,2023,5,147,0.49999999999999994,-0.8660254037844387,0,0,0,0,0,0,0,1,0,0
2023-05-27,C562C6,0.2261577121308836,23.125,0.0,2.31,0.0,4.711575175,0.2275094905126681,-0.0013517783817845,0.0,4.565156995,1,2023,5,147,0.49999999999999994,-0.8660254037844387,0,0,0,0,0,0,0,0,1,0
2023-05-28,C54992,0.0939450374226198,26.70833333333333,0.0,0.0,0.03,4.92,0.1004704974002112,-0.0065254599775914,0.0,4.82,0,2023,5,148,0.49999999999999994,-0.8660254037844387,0,0,0,0,0,0,1,0,0,0
2023-05-28,C55D7C,0.0988727593791976,19.58333333333333,0.0,0.0,0.0,4.64,0.1081726497426559,-0.0092998903634583,0.0,4.71,0,2023,5,148,0.49999999999999994,-0.8660254037844387,0,0,0,0,0,0,0,1,0,0
2023-05-28,C562C6,0.2265944742584763,24.041666666666668,0.0,2.31,0.0,4.64448094,0.2261577121308836,0.0004367621275926,0.0,4.711575175,1,2023,5,148,0.49999999999999994,-0.8660254037844387,0,0,0,0,0,0,0,0,1,0
2023-05-29,C535CA,0.0829256417007274,22.0,0.0,0.0,0.0,4.34,0.1012922985030498,-0.0183666568023223,0.0,4.82,0,2023,5,149,0.49999999999999994,-0.8660254037844387,0,0,0,1,0,0,0,0,0,0
2023-05-29,C54992,0.0834074422598012,24.47826086956522,0.0,0.0,0.0,4.34,0.0939450374226198,-0.0105375951628186,0.03,4.92,0,2023,5,149,0.49999999999999994,-0.8660254037844387,0,0,0,0,0,0,1,0,0,0
2023-05-29,C55D7C,0.0898543105714983,20.291666666666668,0.0,0.0,0.0,4.35,0.0988727593791976,-0.0090184488076993,0.0,4.64,0,2023,5,149,0.49999999999999994,-0.8660254037844387,0,0,0,0,0,0,0,1,0,0
2023-05-29,C562C6,0.227138830315112,21.791666666666668,0.0,2.31,0.0,4.34904892,0.2265944742584763,0.0005443560566357,0.0,4.64448094,1,2023,5,149,0.49999999999999994,-0.8660254037844387,0,0,0,0,0,0,0,0,1,0
2023-05-30,C535CA,0.0799969463375591,19.25,0.0,0.0,0.0,4.43,0.0829256417007274,-0.0029286953631682,0.0,4.34,0,2023,5,150,0.49999999999999994,-0.8660254037844387,0,0,0,1,0,0,0,0,0,0
2023-05-30,C54992,0.0741622641983364,17.071428571428573,0.0,0.0,0.0,4.43,0.0834074422598012,-0.0092451780614647,0.0,4.34,0,2023,5,150,0.49999999999999994,-0.8660254037844387,0,0,0,0,0,0,1,0,0,0
2023-05-30,C55D7C,0.0843610047255076,13.291666666666666,0.0,0.0,0.0,4.38,0.0898543105714983,-0.0054933058459907,0.0,4.35,0,2023,5,150,0.49999999999999994,-0.8660254037844387,0,0,0,0,0,0,0,1,0,0
2023-05-30,C562C6,0.2276647968907334,21.041666666666668,0.0,2.31,0.0,4.384191427,0.227138830315112,0.0005259665756214,0.0,4.34904892,1,2023,5,150,0.49999999999999994,-0.8660254037844387,0,0,0,0,0,0,0,0,1,0
2023-05-31,C535CA,0.0717178807032248,18.0,0.0,0.0,0.0,5.18,0.0799969463375591,-0.0082790656343343,0.0,4.43,0,2023,5,151,0.49999999999999994,-0.8660254037844387,0,0,0,1,0,0,0,0,0,0
2023-05-31,C55D7C,0.073432563791249,22.70833333333333,0.0,0.0,0.0,4.9,0.0843610047255076,-0.0109284409342585,0.0,4.38,0,2023,5,151,0.49999999999999994,-0.8660254037844387,0,0,0,0,0,0,0,1,0,0
2023-05-31,C562C6,0.2305504115171213,24.625,0.0,2.31,0.0,4.899740893,0.2276647968907334,0.0028856146263879,0.0,4.384191427,1,2023,5,151,0.49999999999999994,-0.8660254037844387,0,0,0,0,0,0,0,0,1,0
2023-06-01,C535CA,0.0620640523109941,17.0,0.0,0.0,0.0,4.28,0.0717178807032248,-0.0096538283922306,0.0,5.18,0,2023,6,152,1.2246467991473532e-16,-1.0,0,0,0,1,0,0,0,0,0,0
2023-06-01,C55D7C,0.0657510331131845,22.416666666666668,3.2,0.0,1.6,4.11,0.073432563791249,-0.0076815306780644,0.0,4.9,0,2023,6,152,1.2246467991473532e-16,-1.0,0,0,0,0,0,0,0,1,0,0
2023-06-01,C562C6,0.2298920601491483,22.166666666666668,0.0,0.0,0.0,4.112897778,0.2305504115171213,-0.000658351367973,0.0,4.899740893,0,2023,6,152,1.2246467991473532e-16,-1.0,0,0,0,0,0,0,0,0,1,0
2023-06-02,C535CA,0.0537098664840077,18.0,0.2,0.0,0.2,4.02,0.0620640523109941,-0.0083541858269863,0.0,4.28,0,2023,6,153,1.2246467991473532e-16,-1.0,0,0,0,1,0,0,0,0,0,0
2023-06-02,C55D7C,0.0603051019988828,20.5,0.0,0.0,0.0,3.98,0.0657510331131845,-0.0054459311143017,1.6,4.11,0,2023,6,153,1.2246467991473532e-16,-1.0,0,0,0,0,0,0,0,1,0,0
2023-06-02,C562C6,0.2266056796895107,20.791666666666668,0.0,2.31,0.0,3.977916483,0.2298920601491483,-0.0032863804596376,0.0,4.112897778,1,2023,6,153,1.2246467991473532e-16,-1.0,0,0,0,0,0,0,0,0,1,0
2023-06-03,C55D7C,0.0557524418210997,21.25,0.0,25.0,0.0,5.37,0.0603051019988828,-0.004552660177783,0.0,3.98,1,2023,6,154,1.2246467991473532e-16,-1.0,0,0,0,0,0,0,0,1,0,0
2023-06-03,C562C6,0.2279542524724107,24.5,0.0,0.0,0.0,5.370317208,0.2266056796895107,0.0013485727829,0.0,3.977916483,0,2023,6,154,1.2246467991473532e-16,-1.0,0,0,0,0,0,0,0,0,1,0
2023-06-04,C535CA,0.0396060809235103,7.0,0.0,0.0,0.0,5.64,0.0537098664840077,-0.0141037855604974,0.2,4.02,0,2023,6,155,1.2246467991473532e-16,-1.0,0,0,0,1,0,0,0,0,0,0
2023-06-04,C55D7C,0.1774392035068962,17.375,39.6,0.0,19.8,5.36,0.0557524418210997,0.1216867616857965,0.0,5.37,0,2023,6,155,1.2246467991473532e-16,-1.0,0,0,0,0,0,0,0,1,0,0
2023-06-04,C562C6,0.2226784391026407,24.541666666666668,0.0,0.0,0.0,5.364751375,0.2279542524724107,-0.00527581336977,0.0,5.370317208,0,2023,6,155,1.2246467991473532e-16,-1.0,0,0,0,0,0,0,0,0,1,0
2023-06-05,C55D7C,0.2145711822095071,22.26086956521739,0.0,0.0,0.0,4.54,0.1774392035068962,0.0371319787026108,19.8,5.36,0,2023,6,156,1.2246467991473532e-16,-1.0,0,0,0,0,0,0,0,1,0,0
2023-06-05,C562C6,0.2218189608468289,23.125,0.0,2.31,0.0,4.540735081,0.2226784391026407,-0.0008594782558117,0.0,5.364751375,1,2023,6,156,1.2246467991473532e-16,-1.0,0,0,0,0,0,0,0,0,1,0
2023-06-05,C58157,0.219606894915954,28.75,0.0,0.0,0.03,4.82,,,0.0,4.96,0,2023,6,156,1.2246467991473532e-16,-1.0,0,0,0,0,0,0,0,0,0,1
2023-06-06,C55D7C,0.1767339032403893,18.08333333333333,0.0,0.0,0.0,4.54,0.2145711822095071,-0.0378372789691177,0.0,4.54,0,2023,6,157,1.2246467991473532e-16,-1.0,0,0,0,0,0,0,0,1,0,0
2023-06-06,C562C6,0.2235937298992608,23.83333333333333,0.0,0.0,0.0,4.538738957,0.2218189608468289,0.0017747690524318,0.0,4.540735081,0,2023,6,157,1.2246467991473532e-16,-1.0,0,0,0,0,0,0,0,0,1,0
2023-06-06,C58157,0.2235378114557409,27.041666666666668,0.0,5.0,0.0,4.5,0.219606894915954,0.0039309165397868,0.03,4.82,1,2023,6,157,1.2246467991473532e-16,-1.0,0,0,0,0,0,0,0,0,0,1
2023-06-07,C55D7C,0.1526455960110318,22.95833333333333,0.4,0.0,0.2,4.3,0.1767339032403893,-0.0240883072293575,0.0,4.54,0,2023,6,158,1.2246467991473532e-16,-1.0,0,0,0,0,0,0,0,1,0,0
2023-06-07,C562C6,0.2196350453052481,24.95833333333333,0.0,0.0,0.0,4.304741878,0.2235937298992608,-0.0039586845940127,0.0,4.538738957,0,2023,6,158,1.2246467991473532e-16,-1.0,0,0,0,0,0,0,0,0,1,0
2023-06-07,C58157,0.2270846057131758,26.08333333333333,0.0,0.0,1.0,4.26,0.2235378114557409,0.0035467942574348,0.0,4.5,0,2023,6,158,1.2246467991473532e-16,-1.0,0,0,0,0,0,0,0,0,0,1
2023-06-08,C55D7C,0.137370506120998,25.95833333333333,0.0,0.0,0.0,5.05,0.1526455960110318,-0.0152750898900338,0.2,4.3,0,2023,6,159,1.2246467991473532e-16,-1.0,0,0,0,0,0,0,0,1,0,0
2023-06-08,C562C6,0.2175307550362948,27.166666666666668,0.0,0.0,0.0,5.048392914,0.2196350453052481,-0.0021042902689532,0.0,4.304741878,0,2023,6,159,1.2246467991473532e-16,-1.0,0,0,0,0,0,0,0,0,1,0
2023-06-08,C58157,0.2411563243168734,28.875,0.0,11.0,0.0,4.24,0.2270846057131758,0.0140717186036976,1.0,4.26,1,2023,6,159,1.2246467991473532e-16,-1.0,0,0,0,0,0,0,0,0,0,1
2023-06-09,C55D7C,0.11493632186764,24.714285714285715,0.0,0.0,0.0,6.05,0.137370506120998,-0.0224341842533579,0.0,5.05,0,2023,6,160,1.2246467991473532e-16,-1.0,0,0,0,0,0,0,0,1,0,0
2023-06-09,C562C6,0.2150168826695518,30.875,0.0,0.0,0.0,6.054924144,0.2175307550362948,-0.0025138723667429,0.0,5.048392914,0,2023,6,160,1.2246467991473532e-16,-1.0,0,0,0,0,0,0,0,0,1,0
2023-06-09,C58157,0.2546747052783481,30.0,0.0,6.0,0.0,5.1,0.2411563243168734,0.0135183809614746,0.0,4.24,1,2023,6,160,1.2246467991473532e-16,-1.0,0,0,0,0,0,0,0,0,0,1
2023-06-10,C55D7C,0.0883052256592474,27.0,0.0,30.0,0.0,6.59,0.11493632186764,-0.0266310962083925,0.0,6.05,1,2023,6,161,1.2246467991473532e-16,-1.0,0,0,0,0,0,0,0,1,0,0
2023-06-10,C562C6,0.2123435714303588,32.416666666666664,0.0,0.0,0.0,6.590955065,0.2150168826695518,-0.0026733112391929,0.0,6.054924144,0,2023,6,161,1.2246467991473532e-16,-1.0,0,0,0,0,0,0,0,0,1,0
2023-06-10,C58157,0.2569465767984641,32.0,0.0,6.0,0.0,5.72,0.2546747052783481,0.0022718715201159,0.0,5.1,1,2023,6,161,1.2246467991473532e-16,-1.0,0,0,0,0,0,0,0,0,0,1
2023-06-11,C55D7C,0.1716642396778934,28.210526315789476,58.0000008,0.0,29.0,5.36,0.0883052256592474,0.0833590140186459,0.0,6.59,0,2023,6,162,1.2246467991473532e-16,-1.0,0,0,0,0,0,0,0,1,0,0
2023-06-11,C562C6,0.2108631535667068,32.125,0.0,0.0,1.4,5.364819219,0.2123435714303588,-0.001480417863652,0.0,6.590955065,0,2023,6,162,1.2246467991473532e-16,-1.0,0,0,0,0,0,0,0,0,1,0
2023-06-11,C58157,0.2521569356331236,32.041666666666664,0.0,0.0,0.0,3.9,0.2569465767984641,-0.0047896411653404,0.0,5.72,0,2023,6,162,1.2246467991473532e-16,-1.0,0,0,0,0,0,0,0,0,0,1
2023-06-12,C54986,0.2012717487290966,35.06666666666667,0.0,0.0,0.0,5.87,,,0.0,6.05,0,2023,6,163,1.2246467991473532e-16,-1.0,0,0,0,0,0,1,0,0,0,0
2023-06-12,C55D7C,0.1870274599038417,21.9375,0.0,0.0,0.0,5.87,0.1716642396778934,0.0153632202259483,29.0,5.36,0,2023,6,163,1.2246467991473532e-16,-1.0,0,0,0,0,0,0,0,1,0,0
2023-06-12,C562C6,0.2169547651175097,32.375,0.0,2.31,0.0,5.867097917,0.2108631535667068,0.0060916115508028,1.4,5.364819219,1,2023,6,163,1.2246467991473532e-16,-1.0,0,0,0,0,0,0,0,0,1,0
2023-06-12,C58157,0.2664203832549722,31.916666666666668,0.0,11.0,0.0,4.22,0.2521569356331236,0.0142634476218486,0.0,3.9,1,2023,6,163,1.2246467991473532e-16,-1.0,0,0,0,0,0,0,0,0,0,1
2023-06-13,C54986,0.1899752334873135,30.76,0.0,0.0,0.0,6.56,0.2012717487290966,-0.0112965152417831,0.0,5.87,0,2023,6,164,1.2246467991473532e-16,-1.0,0,0,0,0,0,1,0,0,0,0
2023-06-13,C55D7C,0.137714239812195,25.0,0.0,0.0,0.0,6.56,0.1870274599038417,-0.0493132200916467,0.0,5.87,0,2023,6,164,1.2246467991473532e-16,-1.0,0,0,0,0,0,0,0,1,0,0
2023-06-13,C562C6,0.2286051332358311,31.58333333333333,0.0,0.0,0.0,6.557596176,0.2169547651175097,0.0116503681183214,0.0,5.867097917,0,2023,6,164,1.2246467991473532e-16,-1.0,0,0,0,0,0,0,0,0,1,0
2023-06-13,C58157,0.2820456208066547,30.375,0.0,6.0,0.0,5.68,0.2664203832549722,0.0156252375516824,0.0,4.22,1,2023,6,164,1.2246467991473532e-16,-1.0,0,0,0,0,0,0,0,0,0,1
2023-06-14,C54986,0.1715382778890226,28.541666666666668,0.0,0.0,0.0,5.76,0.1899752334873135,-0.0184369555982908,0.0,6.56,0,2023,6,165,1.2246467991473532e-16,-1.0,0,0,0,0,0,1,0,0,0,0
2023-06-14,C54992,0.211851182438326,34.4,0.0,0.0,0.0,6.34,,,0.0,6.7,0,2023,6,165,1.2246467991473532e-16,-1.0,0,0,0,0,0,0,1,0,0,0
2023-06-14,C55D7C,0.1063226008003568,25.63636363636364,0.0,0.0,0.0,5.76,0.137714239812195,-0.0313916390118381,0.0,6.56,0,2023,6,165,1.2246467991473532e-16,-1.0,0,0,0,0,0,0,0,1,0,0
2023-06-14,C562C6,0.2153501887377485,30.416666666666668,0.0,0.0,0.0,5.760010458,0.2286051332358311,-0.0132549444980826,0.0,6.557596176,0,2023,6,165,1.2246467991473532e-16,-1.0,0,0,0,0,0,0,0,0,1,0
2023-06-14,C58157,0.284160641777577,28.416666666666668,0.0,6.0,0.0,5.18,0.2820456208066547,0.0021150209709223,0.0,5.68,1,2023,6,165,1.2246467991473532e-16,-1.0,0,0,0,0,0,0,0,0,0,1
2023-06-15,C54986,0.1707233313041081,27.166666666666668,0.0,0.0,0.0,5.43,0.1715382778890226,-0.0008149465849144,0.0,5.76,0,2023,6,166,1.2246467991473532e-16,-1.0,0,0,0,0,0,1,0,0,0,0
2023-06-15,C54992,0.2169414232260505,28.83333333333333,0.0,0.0,0.0,5.52,0.211851182438326,0.0050902407877244,0.0,6.34,0,2023,6,166,1.2246467991473532e-16,-1.0,0,0,0,0,0,0,1,0,0,0
2023-06-15,C55D7C,0.0896095523079853,22.8,0.0,0.0,0.0,5.43,0.1063226008003568,-0.0167130484923714,0.0,5.76,0,2023,6,166,1.2246467991473532e-16,-1.0,0,0,0,0,0,0,0,1,0,0
2023-06-15,C562C6,0.2123468479046706,29.0,0.0,0.0,0.0,5.433507833,0.2153501887377485,-0.0030033408330778,0.0,5.760010458,0,2023,6,166,1.2246467991473532e-16,-1.0,0,0,0,0,0,0,0,0,1,0
2023-06-15,C58157,0.2853036931116441,28.20833333333333,0.0,6.0,0.0,4.96,0.284160641777577,0.0011430513340671,0.0,5.18,1,2023,6,166,1.2246467991473532e-16,-1.0,0,0,0,0,0,0,0,0,0,1
2023-06-16,C54986,0.1700022760088256,26.916666666666668,0.0,0.0,0.0,4.82,0.1707233313041081,-0.0007210552952825,0.0,5.43,0,2023,6,167,1.2246467991473532e-16,-1.0,0,0,0,0,0,1,0,0,0,0
2023-06-16,C54992,0.2455366561971802,29.0,0.0,20.0,0.0,5.11,0.2169414232260505,0.0285952329711296,0.0,5.52,1,2023,6,167,1.2246467991473532e-16,-1.0,0,0,0,0,0,0,1,0,0,0
2023-06-16,C55D7C,0.0710255628191524,25.8,0.0,30.0,0.0,4.82,0.0896095523079853,-0.0185839894888328,0.0,5.43,1,2023,6,167,1.2246467991473532e-16,-1.0,0,0,0,0,0,0,0,1,0,0
2023-06-16,C562C6,0.2227458968464575,29.0,0.0,5.0,0.0,4.816659578,0.2123468479046706,0.0103990489417868,0.0,5.433507833,1,2023,6,167,1.2246467991473532e-16,-1.0,0,0,0,0,0,0,0,0,1,0
2023-06-16,C58157,0.2865886957455616,28.666666666666668,0.0,6.0,0.0,4.7,0.2853036931116441,0.0012850026339174,0.0,4.96,1,2023,6,167,1.2246467991473532e-16,-1.0,0,0,0,0,0,0,0,0,0,1
2023-06-17,C54986,0.1693045713607089,26.791666666666668,0.0,0.0,0.0,4.03,0.1700022760088256,-0.0006977046481166,0.0,4.82,0,2023,6,168,1.2246467991473532e-16,-1.0,0,0,0,0,0,1,0,0,0,0
2023-06-17,C54992,0.2642643111621464,28.875,0.0,0.0,0.0,4.73,0.2455366561971802,0.0187276549649661,0.0,5.11,0,2023,6,168,1.2246467991473532e-16,-1.0,0,0,0,0,0,0,1,0,0,0
2023-06-17,C55D7C,0.2211121692960557,21.4375,104.0,0.0,52.0,4.03,0.0710255628191524,0.1500866064769032,0.0,4.82,0,2023,6,168,1.2246467991473532e-16,-1.0,0,0,0,0,0,0,0,1,0,0
2023-06-17,C562C6,0.2231590364830105,28.75,0.0,0.0,0.0,4.025339038,0.2227458968464575,0.000413139636553,0.0,4.816659578,0,2023,6,168,1.2246467991473532e-16,-1.0,0,0,0,0,0,0,0,0,1,0
2023-06-17,C58157,0.2883403747847969,28.666666666666668,0.0,8.0,0.0,3.83,0.2865886957455616,0.0017516790392352,0.0,4.7,1,2023,6,168,1.2246467991473532e-16,-1.0,0,0,0,0,0,0,0,0,0,1
2023-06-18,C54986,0.1688365968703903,25.375,0.0,0.0,2.6,3.4,0.1693045713607089,-0.0004679744903186,0.0,4.03,0,2023,6,169,1.2246467991473532e-16,-1.0,0,0,0,0,0,1,0,0,0,0
2023-06-18,C54992,0.2621419795763838,26.875,0.0,0.0,0.36,3.09,0.2642643111621464,-0.0021223315857625,0.0,4.73,0,2023,6,169,1.2246467991473532e-16,-1.0,0,0,0,0,0,0,1,0,0,0
2023-06-18,C55D7C,0.2315475626236592,24.47058823529412,0.0,0.0,0.0,3.4,0.2211121692960557,0.0104353933276034,52.0,4.03,0,2023,6,169,1.2246467991473532e-16,-1.0,0,0,0,0,0,0,0,1,0,0
2023-06-18,C562C6,0.2164129305042515,26.70833333333333,0.0,0.0,2.6,3.395831198,0.2231590364830105,-0.0067461059787589,0.0,4.025339038,0,2023,6,169,1.2246467991473532e-16,-1.0,0,0,0,0,0,0,0,0,1,0
2023-06-18,C58157,0.2942491241217201,26.83333333333333,0.0,4.0,1.0,2.48,0.2883403747847969,0.0059087493369232,0.0,3.83,1,2023,6,169,1.2246467991473532e-16,-1.0,0,0,0,0,0,0,0,0,0,1
2023-06-19,C54986,0.168358545690426,26.58333333333333,0.0,0.0,0.2,4.46,0.1688365968703903,-0.0004780511799642,2.6,3.4,0,2023,6,170,1.2246467991473532e-16,-1.0,0,0,0,0,0,1,0,0,0,0
2023-06-19,C54992,0.2582358440521371,29.58333333333333,0.0,0.0,0.03,5.06,0.2621419795763838,-0.0039061355242466,0.36,3.09,0,2023,6,170,1.2246467991473532e-16,-1.0,0,0,0,0,0,0,1,0,0,0
2023-06-19,C55D7C,0.208553678648304,29.666666666666668,0.0,0.0,0.0,4.46,0.2315475626236592,-0.0229938839753552,0.0,3.4,0,2023,6,170,1.2246467991473532e-16,-1.0,0,0,0,0,0,0,0,1,0,0
2023-06-19,C562C6,0.2141963209058966,28.625,0.0,0.0,0.2,4.457820239,0.2164129305042515,-0.0022166095983549,2.6,3.395831198,0,2023,6,170,1.2246467991473532e-16,-1.0,0,0,0,0,0,0,0,0,1,0
2023-06-19,C58157,0.2990499931458215,29.416666666666668,0.0,6.0,0.0,4.39,0.2942491241217201,0.0048008690241013,1.0,2.48,1,2023,6,170,1.2246467991473532e-16,-1.0,0,0,0,0,0,0,0,0,0,1
2023-06-20,C54986,0.1676673098752741,25.83333333333333,0.0,0.0,5.8,3.29,0.168358545690426,-0.0006912358151519,0.2,4.46,0,2023,6,171,1.2246467991473532e-16,-1.0,0,0,0,0,0,1,0,0,0,0
2023-06-20,C54992,0.256282393857648,29.70833333333333,0.0,0.0,16.45,3.92,0.2582358440521371,-0.001953450194489,0.03,5.06,0,2023,6,171,1.2246467991473532e-16,-1.0,0,0,0,0,0,0,1,0,0,0
2023-06-20,C55D7C,0.1818298985195507,28.727272727272727,6.4,0.0,3.2,3.29,0.208553678648304,-0.0267237801287532,0.0,4.46,0,2023,6,171,1.2246467991473532e-16,-1.0,0,0,0,0,0,0,0,1,0,0
2023-06-20,C562C6,0.2132316802597425,28.166666666666668,0.0,0.0,5.8,3.285160448,0.2141963209058966,-0.000964640646154,0.2,4.457820239,0,2023,6,171,1.2246467991473532e-16,-1.0,0,0,0,0,0,0,0,0,1,0
2023-06-20,C58157,0.2904814076422171,30.041666666666668,0.0,0.0,7.0,3.74,0.2990499931458215,-0.0085685855036044,0.0,4.39,0,2023,6,171,1.2246467991473532e-16,-1.0,0,0,0,0,0,0,0,0,0,1
2023-06-21,C54986,0.1675610544368297,26.291666666666668,0.0,0.0,0.2,4.5,0.1676673098752741,-0.0001062554384444,5.8,3.29,0,2023,6,172,1.2246467991473532e-16,-1.0,0,0,0,0,0,1,0,0,0,0
2023-06-21,C54992,0.2757903182083014,28.70833333333333,0.0,0.0,0.13,4.79,0.256282393857648,0.0195079243506534,16.45,3.92,0,2023,6,172,1.2246467991473532e-16,-1.0,0,0,0,0,0,0,1,0,0,0
2023-06-21,C55D7C,0.1716304767081714,26.4,1.2000000000000002,0.0,0.6,4.5,0.1818298985195507,-0.0101994218113792,3.2,3.29,0,2023,6,172,1.2246467991473532e-16,-1.0,0,0,0,0,0,0,0,1,0,0
2023-06-21,C562C6,0.2152447043593498,28.375,0.0,0.0,0.2,4.503158501,0.2132316802597425,0.0020130240996072,5.8,3.285160448,0,2023,6,172,1.2246467991473532e-16,-1.0,0,0,0,0,0,0,0,0,1,0
2023-06-21,C58157,0.2891264707355911,29.75,0.0,0.0,0.0,4.43,0.2904814076422171,-0.0013549369066259,7.0,3.74,0,2023,6,172,1.2246467991473532e-16,-1.0,0,0,0,0,0,0,0,0,0,1
2023-06-22,C54986,0.1675106906440115,22.95833333333333,0.0,0.0,1.0,1.79,0.1675610544368297,-5.036379281811443e-05,0.2,4.5,0,2023,6,173,1.2246467991473532e-16,-1.0,0,0,0,0,0,1,0,0,0,0
2023-06-22,C54992,0.2903345828037707,23.75,0.0,0.0,20.37,1.34,0.2757903182083014,0.0145442645954692,0.13,4.79,0,2023,6,173,1.2246467991473532e-16,-1.0,0,0,0,0,0,0,1,0,0,0
2023-06-22,C55D7C,0.1572123789789017,23.875,6.8000002,0.0,3.4,1.79,0.1716304767081714,-0.0144180977292696,0.6,4.5,0,2023,6,173,1.2246467991473532e-16,-1.0,0,0,0,0,0,0,0,1,0,0
2023-06-22,C562C6,0.2119592412632482,24.416666666666668,0.0,0.0,1.0,1.792435786,0.2152447043593498,-0.0032854630961015,0.2,4.503158501,0,2023,6,173,1.2246467991473532e-16,-1.0,0,0,0,0,0,0,0,0,1,0
2023-06-22,C58157,0.2877547212399429,24.83333333333333,0.0,0.0,14.0,1.23,0.2891264707355911,-0.0013717494956482,0.0,4.43,0,2023,6,173,1.2246467991473532e-16,-1.0,0,0,0,0,0,0,0,0,0,1
2023-06-23,C54986,0.1672002476748904,25.916666666666668,0.0,0.0,0.0,4.27,0.1675106906440115,-0.0003104429691211,1.0,1.79,0,2023,6,174,1.2246467991473532e-16,-1.0,0,0,0,0,0,1,0,0,0,0
2023-06-23,C54992,0.3298206115370982,27.625,0.0,0.0,0.0,4.78,0.2903345828037707,0.0394860287333275,20.37,1.34,0,2023,6,174,1.2246467991473532e-16,-1.0,0,0,0,0,0,0,1,0,0,0
2023-06-23,C562C6,0.2111727162801998,27.916666666666668,0.0,0.0,0.0,4.274502427,0.2119592412632482,-0.0007865249830484,1.0,1.792435786,0,2023,6,174,1.2246467991473532e-16,-1.0,0,0,0,0,0,0,0,0,1,0
2023-06-23,C58157,0.2966954456612028,28.791666666666668,0.0,0.0,0.0,4.23,0.2877547212399429,0.0089407244212599,14.0,1.23,0,2023,6,174,1.2246467991473532e-16,-1.0,0,0,0,0,0,0,0,0,0,1
2023-06-24,C54986,0.1659925224793142,27.33333333333333,0.0,0.0,0.0,5.41,0.1672002476748904,-0.0012077251955761,0.0,4.27,0,2023,6,175,1.2246467991473532e-16,-1.0,0,0,0,0,0,1,0,0,0,0
2023-06-24,C54992,0.3091797138099606,29.125,0.0,0.0,0.0,5.52,0.3298206115370982,-0.0206408977271376,0.0,4.78,0,2023,6,175,1.2246467991473532e-16,-1.0,0,0,0,0,0,0,1,0,0,0
2023-06-24,C562C6,0.2088613500536581,28.91304347826087,0.0,0.0,0.0,5.407242707,0.2111727162801998,-0.0023113662265416,0.0,4.274502427,0,2023,6,175,1.2246467991473532e-16,-1.0,0,0,0,0,0,0,0,0,1,0
2023-06-24,C58157,0.2843693755119964,29.166666666666668,0.0,0.0,0.0,4.95,0.2966954456612028,-0.0123260701492063,0.0,4.23,0,2023,6,175,1.2246467991473532e-16,-1.0,0,0,0,0,0,0,0,0,0,1
2023-06-25,C54986,0.1644694492236932,29.791666666666668,0.0,0.0,0.0,5.68,0.1659925224793142,-0.001523073255621,0.0,5.41,0,2023,6,176,1.2246467991473532e-16,-1.0,0,0,0,0,0,1,0,0,0,0
2023-06-25,C54992,0.2840068667392919,32.041666666666664,0.0,0.0,0.0,5.88,0.3091797138099606,-0.0251728470706687,0.0,5.52,0,2023,6,176,1.2246467991473532e-16,-1.0,0,0,0,0,0,0,1,0,0,0
2023-06-25,C562C6,0.2060448699662455,32.5,0.0,0.0,0.0,5.679734232,0.2088613500536581,-0.0028164800874126,0.0,5.407242707,0,2023,6,176,1.2246467991473532e-16,-1.0,0,0,0,0,0,0,0,0,1,0
2023-06-25,C58157,0.2761984367642485,31.33333333333333,0.0,0.0,0.0,5.4,0.2843693755119964,-0.0081709387477479,0.0,4.95,0,2023,6,176,1.2246467991473532e-16,-1.0,0,0,0,0,0,0,0,0,0,1
2023-06-26,C535C9,0.2551060606246713,31.0,0.0,0.0,0.0,5.06,,,0.0,4.78,0,2023,6,177,1.2246467991473532e-16,-1.0,0,0,1,0,0,0,0,0,0,0
2023-06-26,C54986,0.1627868620251807,24.83333333333333,0.0,0.0,0.0,4.83,0.1644694492236932,-0.0016825871985124,0.0,5.68,0,2023,6,177,1.2246467991473532e-16,-1.0,0,0,0,0,0,1,0,0,0,0
2023-06-26,C54992,0.2598547863302869,27.25,0.0,0.0,0.0,5.05,0.2840068667392919,-0.0241520804090049,0.0,5.88,0,2023,6,177,1.2246467991473532e-16,-1.0,0,0,0,0,0,0,1,0,0,0
2023-06-26,C562C6,0.2043827758582664,26.791666666666668,0.0,0.0,0.0,4.829923252,0.2060448699662455,-0.001662094107979,0.0,5.679734232,0,2023,6,177,1.2246467991473532e-16,-1.0,0,0,0,0,0,0,0,0,1,0
2023-06-26,C58157,0.2692491161883372,28.041666666666668,0.0,0.0,0.0,4.54,0.2761984367642485,-0.0069493205759113,0.0,5.4,0,2023,6,177,1.2246467991473532e-16,-1.0,0,0,0,0,0,0,0,0,0,1
2023-06-27,C535C9,0.2535624524707525,26.166666666666668,0.0,0.0,0.9,3.65,0.2551060606246713,-0.0015436081539187,0.0,5.06,0,2023,6,178,1.2246467991473532e-16,-1.0,0,0,1,0,0,0,0,0,0,0
2023-06-27,C535CA,0.1871200412314124,24.142857142857142,0.6,0.0,0.6,3.65,,,0.4,5.05,0,2023,6,178,1.2246467991473532e-16,-1.0,0,0,0,1,0,0,0,0,0,0
2023-06-27,C54986,0.1617381566441603,23.75,0.0,0.0,0.0,3.81,0.1627868620251807,-0.0010487053810203,0.0,4.83,0,2023,6,178,1.2246467991473532e-16,-1.0,0,0,0,0,0,1,0,0,0,0
2023-06-27,C54992,0.2460218874549384,25.33333333333333,0.0,0.0,0.9,3.65,0.2598547863302869,-0.0138328988753485,0.0,5.05,0,2023,6,178,1.2246467991473532e-16,-1.0,0,0,0,0,0,0,1,0,0,0
2023-06-27,C562C6,0.2040528301111925,25.83333333333333,0.0,0.0,0.0,3.810850254,0.2043827758582664,-0.0003299457470739,0.0,4.829923252,0,2023,6,178,1.2246467991473532e-16,-1.0,0,0,0,0,0,0,0,0,1,0
2023-06-27,C58157,0.2645918988614856,26.625,0.0,0.0,1.0,3.25,0.2692491161883372,-0.0046572173268515,0.0,4.54,0,2023,6,178,1.2246467991473532e-16,-1.0,0,0,0,0,0,0,0,0,0,1
2023-06-28,C535C9,0.2616328970447174,23.95,0.0,10.0,0.27,3.11,0.2535624524707525,0.0080704445739648,0.9,3.65,1,2023,6,179,1.2246467991473532e-16,-1.0,0,0,1,0,0,0,0,0,0,0
2023-06-28,C535CA,0.1873942555723964,23.8,0.2,0.0,0.2,3.11,0.1871200412314124,0.0002742143409839,0.6,3.65,0,2023,6,179,1.2246467991473532e-16,-1.0,0,0,0,1,0,0,0,0,0,0
2023-06-28,C54986,0.1606329378465881,24.5,0.0,0.0,0.0,2.56,0.1617381566441603,-0.0011052187975722,0.0,3.81,0,2023,6,179,1.2246467991473532e-16,-1.0,0,0,0,0,0,1,0,0,0,0
2023-06-28,C54992,0.2398671389194698,26.08333333333333,0.0,0.0,0.27,3.11,0.2460218874549384,-0.0061547485354685,0.9,3.65,0,2023,6,179,1.2246467991473532e-16,-1.0,0,0,0,0,0,0,1,0,0,0
2023-06-28,C562C6,0.2037374357276055,25.88235294117647,0.0,0.0,0.0,2.555882875,0.2040528301111925,-0.000315394383587,0.0,3.810850254,0,2023,6,179,1.2246467991473532e-16,-1.0,0,0,0,0,0,0,0,0,1,0
2023-06-28,C58157,0.2611560959316056,26.75,0.0,0.0,0.0,2.75,0.2645918988614856,-0.0034358029298799,1.0,3.25,0,2023,6,179,1.2246467991473532e-16,-1.0,0,0,0,0,0,0,0,0,0,1
2023-06-29,C535C9,0.298570980854491,23.944444444444443,0.0,15.0,0.57,2.44,0.2616328970447174,0.0369380838097735,0.27,3.11,1,2023,6,180,1.2246467991473532e-16,-1.0,0,0,1,0,0,0,0,0,0,0
2023-06-29,C535CA,0.1863522667650236,26.375,4.2000003,0.0,4.2,2.44,0.1873942555723964,-0.0010419888073727,0.2,3.11,0,2023,6,180,1.2246467991473532e-16,-1.0,0,0,0,1,0,0,0,0,0,0
2023-06-29,C54986,0.1598225672506746,23.45833333333333,0.0,0.0,0.2,2.71,0.1606329378465881,-0.0008103705959135,0.0,2.56,0,2023,6,180,1.2246467991473532e-16,-1.0,0,0,0,0,0,1,0,0,0,0
2023-06-29,C54992,0.238106795195596,25.916666666666668,0.0,0.0,0.57,2.44,0.2398671389194698,-0.0017603437238738,0.27,3.11,0,2023,6,180,1.2246467991473532e-16,-1.0,0,0,0,0,0,0,1,0,0,0
2023-06-29,C562C6,0.2038605895123255,24.545454545454547,0.0,0.0,0.2,2.713871407,0.2037374357276055,0.0001231537847199,0.0,2.555882875,0,2023,6,180,1.2246467991473532e-16,-1.0,0,0,0,0,0,0,0,0,1,0
2023-06-29,C58157,0.2587534974443357,26.791666666666668,0.0,0.0,3.5,1.94,0.2611560959316056,-0.0024025984872699,0.0,2.75,0,2023,6,180,1.2246467991473532e-16,-1.0,0,0,0,0,0,0,0,0,0,1
2023-06-30,C535C9,0.3149288224018371,22.22222222222222,0.0,0.0,0.0,4.21,0.298570980854491,0.0163578415473461,0.57,2.44,0,2023,6,181,1.2246467991473532e-16,-1.0,0,0,1,0,0,0,0,0,0,0
2023-06-30,C535CA,0.186194259210489,24.8,0.2,0.0,0.2,4.21,0.1863522667650236,-0.0001580075545346,4.2,2.44,0,2023,6,181,1.2246467991473532e-16,-1.0,0,0,0,1,0,0,0,0,0,0
2023-06-30,C54986,0.1589308420803467,21.75,0.0,0.0,0.2,3.93,0.1598225672506746,-0.0008917251703278,0.2,2.71,0,2023,6,181,1.2246467991473532e-16,-1.0,0,0,0,0,0,1,0,0,0,0
2023-06-30,C54992,0.23932601128892,25.166666666666668,0.0,0.0,0.0,4.21,0.238106795195596,0.001219216093324,0.57,2.44,0,2023,6,181,1.2246467991473532e-16,-1.0,0,0,0,0,0,0,1,0,0,0
2023-06-30,C562C6,0.2031939446233622,29.23076923076923,0.0,0.0,0.2,3.925533545,0.2038605895123255,-0.0006666448889632,0.2,2.713871407,0,2023,6,181,1.2246467991473532e-16,-1.0,0,0,0,0,0,0,0,0,1,0
2023-06-30,C58157,0.2579921905474378,26.416666666666668,0.0,0.0,0.0,3.59,0.2587534974443357,-0.0007613068968978,3.5,1.94,0,2023,6,181,1.2246467991473532e-16,-1.0,0,0,0,0,0,0,0,0,0,1
2023-07-01,C535C9,0.3080118476940306,19.41176470588235,0.0,0.0,3.16,2.15,0.3149288224018371,-0.0069169747078065,0.0,4.21,0,2023,7,182,-0.4999999999999997,-0.8660254037844388,0,0,1,0,0,0,0,0,0,0
2023-07-01,C535CA,0.1851527624460221,23.7,0.4,0.0,0.4,2.15,0.186194259210489,-0.0010414967644668,0.2,4.21,0,2023,7,182,-0.4999999999999997,-0.8660254037844388,0,0,0,1,0,0,0,0,0,0
2023-07-01,C54986,0.1582765962718743,21.75,0.0,0.0,4.6,1.83,0.1589308420803467,-0.0006542458084723,0.2,3.93,0,2023,7,182,-0.4999999999999997,-0.8660254037844388,0,0,0,0,0,1,0,0,0,0
2023-07-01,C54992,0.2352748535085976,23.416666666666668,0.0,0.0,3.16,2.15,0.23932601128892,-0.0040511577803224,0.0,4.21,0,2023,7,182,-0.4999999999999997,-0.8660254037844388,0,0,0,0,0,0,1,0,0,0
2023-07-01,C562C6,0.2030541522014939,22.7,0.0,0.0,4.6,1.831007203,0.2031939446233622,-0.0001397924218682,0.2,3.925533545,0,2023,7,182,-0.4999999999999997,-0.8660254037844388,0,0,0,0,0,0,0,0,1,0
2023-07-01,C58157,0.2561687230924482,24.5,0.0,0.0,1.5,2.31,0.2579921905474378,-0.0018234674549895,0.0,3.59,0,2023,7,182,-0.4999999999999997,-0.8660254037844388,0,0,0,0,0,0,0,0,0,1
2023-07-02,C535C9,0.3048014203185193,21.42105263157895,0.0,0.0,0.0,4.28,0.3080118476940306,-0.0032104273755113,3.16,2.15,0,2023,7,183,-0.4999999999999997,-0.8660254037844388,0,0,1,0,0,0,0,0,0,0
2023-07-02,C535CA,0.1836981378522967,24.08333333333333,0.0,0.0,0.0,4.28,0.1851527624460221,-0.0014546245937254,0.4,2.15,0,2023,7,183,-0.4999999999999997,-0.8660254037844388,0,0,0,1,0,0,0,0,0,0
2023-07-02,C54986,0.1575979450870653,22.625,0.0,0.0,0.0,4.26,0.1582765962718743,-0.000678651184809,4.6,1.83,0,2023,7,183,-0.4999999999999997,-0.8660254037844388,0,0,0,0,0,1,0,0,0,0
2023-07-02,C54992,0.2352559429678191,24.666666666666668,0.0,0.0,0.0,4.28,0.2352748535085976,-1.8910540778432905e-05,3.16,2.15,0,2023,7,183,-0.4999999999999997,-0.8660254037844388,0,0,0,0,0,0,1,0,0,0
2023-07-02,C562C6,0.2039658011990637,23.625,0.0,0.0,0.0,4.262775429,0.2030541522014939,0.0009116489975697,4.6,1.831007203,0,2023,7,183,-0.4999999999999997,-0.8660254037844388,0,0,0,0,0,0,0,0,1,0
2023-07-02,C58157,0.254787851579378,25.70833333333333,0.0,0.0,1.0,3.41,0.2561687230924482,-0.0013808715130702,1.5,2.31,0,2023,7,183,-0.4999999999999997,-0.8660254037844388,0,0,0,0,0,0,0,0,0,1
2023-07-03,C535C9,0.2933375517953536,18.76923076923077,0.0,0.0,0.0,4.11,0.3048014203185193,-0.0114638685231657,0.0,4.28,0,2023,7,184,-0.4999999999999997,-0.8660254037844388,0,0,1,0,0,0,0,0,0,0
2023-07-03,C535CA,0.1815194484598747,22.571428571428573,0.2,0.0,0.2,4.11,0.1836981378522967,-0.0021786893924219,0.0,4.28,0,2023,7,184,-0.4999999999999997,-0.8660254037844388,0,0,0,1,0,0,0,0,0,0
2023-07-03,C54986,0.1553184621049708,21.75,0.0,0.0,0.0,4.25,0.1575979450870653,-0.0022794829820944,0.0,4.26,0,2023,7,184,-0.4999999999999997,-0.8660254037844388,0,0,0,0,0,1,0,0,0,0
2023-07-03,C54992,0.2292312553494103,23.58333333333333,0.0,0.0,0.0,4.11,0.2352559429678191,-0.0060246876184087,0.0,4.28,0,2023,7,184,-0.4999999999999997,-0.8660254037844388,0,0,0,0,0,0,1,0,0,0
2023-07-03,C562C6,0.2025634587101104,22.0,0.0,0.0,0.0,4.249504539,0.2039658011990637,-0.0014023424889532,0.0,4.262775429,0,2023,7,184,-0.4999999999999997,-0.8660254037844388,0,0,0,0,0,0,0,0,1,0
2023-07-03,C58157,0.2518954672622766,24.791666666666668,0.0,0.0,0.5,3.95,0.254787851579378,-0.0028923843171014,1.0,3.41,0,2023,7,184,-0.4999999999999997,-0.8660254037844388,0,0,0,0,0,0,0,0,0,1
2023-07-04,C535C9,0.283160768180433,22.5,0.0,0.0,2.27,3.78,0.2933375517953536,-0.0101767836149206,0.0,4.11,0,2023,7,185,-0.4999999999999997,-0.8660254037844388,0,0,1,0,0,0,0,0,0,0
2023-07-04,C535CA,0.1778548711452734,26.666666666666668,0.0,0.0,0.0,3.78,0.1815194484598747,-0.0036645773146012,0.2,4.11,0,2023,7,185,-0.4999999999999997,-0.8660254037844388,0,0,0,1,0,0,0,0,0,0
2023-07-04,C54986,0.1537716454409843,22.041666666666668,0.0,0.0,0.2,3.33,0.1553184621049708,-0.0015468166639864,0.0,4.25,0,2023,7,185,-0.4999999999999997,-0.8660254037844388,0,0,0,0,0,1,0,0,0,0
2023-07-04,C54992,0.2349006774476845,24.0,0.0,10.0,2.27,3.78,0.2292312553494103,0.0056694220982741,0.0,4.11,1,2023,7,185,-0.4999999999999997,-0.8660254037844388,0,0,0,0,0,0,1,0,0,0
2023-07-04,C562C6,0.2011663339494304,22.4,0.0,0.0,0.2,3.326026439,0.2025634587101104,-0.0013971247606799,0.0,4.249504539,0,2023,7,185,-0.4999999999999997,-0.8660254037844388,0,0,0,0,0,0,0,0,1,0
2023-07-04,C58157,0.2483910930336784,25.916666666666668,0.0,0.0,1.0,3.23,0.2518954672622766,-0.0035043742285981,0.5,3.95,0,2023,7,185,-0.4999999999999997,-0.8660254037844388,0,0,0,0,0,0,0,0,0,1
2023-07-05,C535C9,0.2832914660795083,20.39130434782609,0.0,0.0,15.98,3.39,0.283160768180433,0.0001306978990753,2.27,3.78,0,2023,7,186,-0.4999999999999997,-0.8660254037844388,0,0,1,0,0,0,0,0,0,0
2023-07-05,C535CA,0.1792332305921721,19.666666666666668,8.600000300000001,0.0,8.6,3.39,0.1778548711452734,0.0013783594468986,0.0,3.78,0,2023,7,186,-0.4999999999999997,-0.8660254037844388,0,0,0,1,0,0,0,0,0,0
2023-07-05,C54986,0.153525347637583,21.25,0.0,0.0,8.8,4.1,0.1537716454409843,-0.0002462978034013,0.2,3.33,0,2023,7,186,-0.4999999999999997,-0.8660254037844388,0,0,0,0,0,1,0,0,0,0
2023-07-05,C54992,0.2509235453998337,21.375,0.0,0.0,15.98,3.39,0.2349006774476845,0.0160228679521491,2.27,3.78,0,2023,7,186,-0.4999999999999997,-0.8660254037844388,0,0,0,0,0,0,1,0,0,0
2023-07-05,C562C6,0.2089551396940949,22.166666666666668,0.0,0.0,8.8,4.098970632,0.2011663339494304,0.0077888057446644,0.2,3.326026439,0,2023,7,186,-0.4999999999999997,-0.8660254037844388,0,0,0,0,0,0,0,0,1,0
2023-07-05,C58157,0.2462954531372351,23.416666666666668,0.0,0.0,0.5,2.65,0.2483910930336784,-0.0020956398964433,1.0,3.23,0,2023,7,186,-0.4999999999999997,-0.8660254037844388,0,0,0,0,0,0,0,0,0,1
2023-07-06,C535C9,0.2981187020034668,21.695652173913043,0.0,0.0,0.0,4.03,0.2832914660795083,0.0148272359239584,15.98,3.39,0,2023,7,187,-0.4999999999999997,-0.8660254037844388,0,0,1,0,0,0,0,0,0,0
2023-07-06,C535CA,0.1798360534350075,22.444444444444443,0.0,0.0,0.0,4.03,0.1792332305921721,0.0006028228428354,8.6,3.39,0,2023,7,187,-0.4999999999999997,-0.8660254037844388,0,0,0,1,0,0,0,0,0,0
2023-07-06,C54986,0.154272436185341,22.291666666666668,0.0,0.0,0.0,3.65,0.153525347637583,0.000747088547758,8.8,4.1,0,2023,7,187,-0.4999999999999997,-0.8660254037844388,0,0,0,0,0,1,0,0,0,0
2023-07-06,C54992,0.2680436307074503,24.041666666666668,0.0,0.0,0.0,4.03,0.2509235453998337,0.0171200853076166,15.98,3.39,0,2023,7,187,-0.4999999999999997,-0.8660254037844388,0,0,0,0,0,0,1,0,0,0
2023-07-06,C562C6,0.2045294243950862,22.357142857142858,0.0,0.0,0.0,3.654256422,0.2089551396940949,-0.0044257152990087,8.8,4.098970632,0,2023,7,187,-0.4999999999999997,-0.8660254037844388,0,0,0,0,0,0,0,0,1,0
2023-07-06,C58157,0.2444998290818608,24.70833333333333,0.0,0.0,3.0,3.42,0.2462954531372351,-0.0017956240553742,0.5,2.65,0,2023,7,187,-0.4999999999999997,-0.8660254037844388,0,0,0,0,0,0,0,0,0,1
2023-07-07,C535C9,0.2915598970139934,24.35,0.0,0.0,0.0,5.26,0.2981187020034668,-0.0065588049894733,0.0,4.03,0,2023,7,188,-0.4999999999999997,-0.8660254037844388,0,0,1,0,0,0,0,0,0,0
2023-07-07,C535CA,0.1776232624998358,25.08333333333333,0.0,0.0,0.0,5.26,0.1798360534350075,-0.0022127909351717,0.0,4.03,0,2023,7,188,-0.4999999999999997,-0.8660254037844388,0,0,0,1,0,0,0,0,0,0
2023-07-07,C54986,0.1526191771623809,26.95833333333333,0.0,0.0,0.0,5.34,0.154272436185341,-0.0016532590229601,0.0,3.65,0,2023,7,188,-0.4999999999999997,-0.8660254037844388,0,0,0,0,0,1,0,0,0,0
2023-07-07,C54992,0.2569228421856634,27.25,0.0,0.0,0.0,5.26,0.2680436307074503,-0.0111207885217868,0.0,4.03,0,2023,7,188,-0.4999999999999997,-0.8660254037844388,0,0,0,0,0,0,1,0,0,0
2023-07-07,C562C6,0.2009154882354331,23.25,0.0,0.0,0.0,5.340759754,0.2045294243950862,-0.003613936159653,0.0,3.654256422,0,2023,7,188,-0.4999999999999997,-0.8660254037844388,0,0,0,0,0,0,0,0,1,0
2023-07-07,C58157,0.2617608636913469,27.75,0.0,14.0,1.0,4.41,0.2444998290818608,0.017261034609486,3.0,3.42,1,2023,7,188,-0.4999999999999997,-0.8660254037844388,0,0,0,0,0,0,0,0,0,1
2023-07-08,C535C9,0.2820802998207215,27.95833333333333,0.0,0.0,0.81,5.21,0.2915598970139934,-0.0094795971932719,0.0,5.26,0,2023,7,189,-0.4999999999999997,-0.8660254037844388,0,0,1,0,0,0,0,0,0,0
2023-07-08,C535CA,0.1742565853705738,26.07692307692308,0.0,0.0,0.0,5.2,0.1776232624998358,-0.003366677129262,0.0,5.26,0,2023,7,189,-0.4999999999999997,-0.8660254037844388,0,0,0,1,0,0,0,0,0,0
2023-07-08,C54986,0.1497230918941123,30.5,0.0,0.0,0.0,5.27,0.1526191771623809,-0.0028960852682685,0.0,5.34,0,2023,7,189,-0.4999999999999997,-0.8660254037844388,0,0,0,0,0,1,0,0,0,0
2023-07-08,C54992,0.2446670337950414,31.08333333333333,0.0,0.0,0.81,5.21,0.2569228421856634,-0.012255808390622,0.0,5.26,0,2023,7,189,-0.4999999999999997,-0.8660254037844388,0,0,0,0,0,0,1,0,0,0
2023-07-08,C562C6,0.1977908992254078,30.375,0.0,0.0,0.0,5.266165392,0.2009154882354331,-0.0031245890100252,0.0,5.340759754,0,2023,7,189,-0.4999999999999997,-0.8660254037844388,0,0,0,0,0,0,0,0,1,0
2023-07-08,C58157,0.2657588752692456,31.58333333333333,0.0,0.0,0.0,4.85,0.2617608636913469,0.0039980115778986,1.0,4.41,0,2023,7,189,-0.4999999999999997,-0.8660254037844388,0,0,0,0,0,0,0,0,0,1
2023-07-09,C535C9,0.2732005775112265,26.954545454545453,0.0,0.0,2.76,3.47,0.2820802998207215,-0.0088797223094949,0.81,5.21,0,2023,7,190,-0.4999999999999997,-0.8660254037844388,0,0,1,0,0,0,0,0,0,0
2023-07-09,C535CA,0.1706028860952439,30.5,0.2,0.0,0.2,3.46,0.1742565853705738,-0.0036536992753299,0.0,5.2,0,2023,7,190,-0.4999999999999997,-0.8660254037844388,0,0,0,1,0,0,0,0,0,0
2023-07-09,C54986,0.147900885423804,26.041666666666668,0.0,0.0,0.2,3.36,0.1497230918941123,-0.0018222064703083,0.0,5.27,0,2023,7,190,-0.4999999999999997,-0.8660254037844388,0,0,0,0,0,1,0,0,0,0
2023-07-09,C54992,0.2369688863428617,28.666666666666668,0.0,0.0,2.76,3.46,0.2446670337950414,-0.0076981474521796,0.81,5.21,0,2023,7,190,-0.4999999999999997,-0.8660254037844388,0,0,0,0,0,0,1,0,0,0
2023-07-09,C562C6,0.1950855469515982,27.22222222222222,0.0,0.0,0.2,3.358954141,0.1977908992254078,-0.0027053522738096,0.0,5.266165392,0,2023,7,190,-0.4999999999999997,-0.8660254037844388,0,0,0,0,0,0,0,0,1,0
2023-07-09,C58157,0.2563542315613654,30.08333333333333,0.0,0.0,6.0,3.4,0.2657588752692456,-0.0094046437078801,0.0,4.85,0,2023,7,190,-0.4999999999999997,-0.8660254037844388,0,0,0,0,0,0,0,0,0,1
2023-07-10,C535C9,0.2683600759531835,26.80952380952381,0.0,0.0,0.0,5.17,0.2732005775112265,-0.0048405015580429,2.76,3.47,0,2023,7,191,-0.4999999999999997,-0.8660254037844388,0,0,1,0,0,0,0,0,0,0
2023-07-10,C535CA,0.1695819262858848,27.294117647058822,0.0,0.0,0.0,5.17,0.1706028860952439,-0.001020959809359,0.2,3.46,0,2023,7,191,-0.4999999999999997,-0.8660254037844388,0,0,0,1,0,0,0,0,0,0
2023-07-10,C54986,0.1463000320086279,26.125,0.0,0.0,0.0,4.77,0.147900885423804,-0.0016008534151761,0.2,3.36,0,2023,7,191,-0.4999999999999997,-0.8660254037844388,0,0,0,0,0,1,0,0,0,0
2023-07-10,C54992,0.2346148181956786,29.08333333333333,0.0,0.0,0.0,5.17,0.2369688863428617,-0.0023540681471831,2.76,3.46,0,2023,7,191,-0.4999999999999997,-0.8660254037844388,0,0,0,0,0,0,1,0,0,0
2023-07-10,C562C6,0.1938878169159846,28.11764705882353,0.0,0.0,0.0,4.765842648,0.1950855469515982,-0.0011977300356136,0.2,3.358954141,0,2023,7,191,-0.4999999999999997,-0.8660254037844388,0,0,0,0,0,0,0,0,1,0
2023-07-10,C58157,0.254045813914715,29.33333333333333,0.0,0.0,0.0,4.56,0.2563542315613654,-0.0023084176466504,6.0,3.4,0,2023,7,191,-0.4999999999999997,-0.8660254037844388,0,0,0,0,0,0,0,0,0,1
2023-07-11,C535C9,0.25759018199778,25.82608695652174,0.0,0.0,0.99,4.78,0.2683600759531835,-0.0107698939554035,0.0,5.17,0,2023,7,192,-0.4999999999999997,-0.8660254037844388,0,0,1,0,0,0,0,0,0,0
2023-07-11,C535CA,0.1671446004559174,28.0,0.0,0.0,0.0,4.78,0.1695819262858848,-0.0024373258299673,0.0,5.17,0,2023,7,192,-0.4999999999999997,-0.8660254037844388,0,0,0,1,0,0,0,0,0,0
2023-07-11,C54986,0.14285612967992,27.20833333333333,0.0,0.0,0.0,5.01,0.1463000320086279,-0.0034439023287078,0.0,4.77,0,2023,7,192,-0.4999999999999997,-0.8660254037844388,0,0,0,0,0,1,0,0,0,0
2023-07-11,C54992,0.2244351913584914,28.916666666666668,0.0,0.0,0.99,4.78,0.2346148181956786,-0.0101796268371872,0.0,5.17,0,2023,7,192,-0.4999999999999997,-0.8660254037844388,0,0,0,0,0,0,1,0,0,0
2023-07-11,C562C6,0.191128617752005,25.0625,0.0,0.0,0.0,5.006596319,0.1938878169159846,-0.0027591991639796,0.0,4.765842648,0,2023,7,192,-0.4999999999999997,-0.8660254037844388,0,0,0,0,0,0,0,0,1,0
2023-07-11,C58157,0.2478188158879294,30.125,0.0,0.0,4.5,5.7,0.254045813914715,-0.0062269980267855,0.0,4.56,0,2023,7,192,-0.4999999999999997,-0.8660254037844388,0,0,0,0,0,0,0,0,0,1
2023-07-12,C535C9,0.2507539608175845,23.26086956521739,0.0,0.0,2.08,4.03,0.25759018199778,-0.0068362211801954,0.99,4.78,0,2023,7,193,-0.4999999999999997,-0.8660254037844388,0,0,1,0,0,0,0,0,0,0
2023-07-12,C535CA,0.1647282969774501,23.2,0.8,0.0,0.8,4.03,0.1671446004559174,-0.0024163034784673,0.0,4.78,0,2023,7,193,-0.4999999999999997,-0.8660254037844388,0,0,0,1,0,0,0,0,0,0
2023-07-12,C54986,0.1398521587763747,23.45833333333333,0.0,0.0,3.0,4.5,0.14285612967992,-0.0030039709035452,0.0,5.01,0,2023,7,193,-0.4999999999999997,-0.8660254037844388,0,0,0,0,0,1,0,0,0,0
2023-07-12,C54992,0.2195183328440532,25.166666666666668,0.0,0.0,2.08,4.03,0.2244351913584914,-0.0049168585144382,0.99,4.78,0,2023,7,193,-0.4999999999999997,-0.8660254037844388,0,0,0,0,0,0,1,0,0,0
2023-07-12,C562C6,0.1884880814911194,23.0625,0.0,0.0,3.0,4.500439527,0.191128617752005,-0.0026405362608855,0.0,5.006596319,0,2023,7,193,-0.4999999999999997,-0.8660254037844388,0,0,0,0,0,0,0,0,1,0
2023-07-12,C58157,0.2423281076409398,26.875,0.0,0.0,0.0,3.87,0.2478188158879294,-0.0054907082469896,4.5,5.7,0,2023,7,193,-0.4999999999999997,-0.8660254037844388,0,0,0,0,0,0,0,0,0,1
2023-07-13,C535C9,0.2469254917469711,22.25,0.0,0.0,1.15,3.3,0.2507539608175845,-0.0038284690706133,2.08,4.03,0,2023,7,194,-0.4999999999999997,-0.8660254037844388,0,0,1,0,0,0,0,0,0,0
2023-07-13,C535CA,0.1647649112064907,19.285714285714285,0.2,0.0,0.2,3.3,0.1647282969774501,3.6614229040637936e-05,0.8,4.03,0,2023,7,194,-0.4999999999999997,-0.8660254037844388,0,0,0,1,0,0,0,0,0,0
2023-07-13,C54986,0.137388120225115,23.33333333333333,0.0,4.0,0.8,4.06,0.1398521587763747,-0.0024640385512596,3.0,4.5,1,2023,7,194,-0.4999999999999997,-0.8660254037844388,0,0,0,0,0,1,0,0,0,0
2023-07-13,C54992,0.2169320780117029,24.45833333333333,0.0,0.0,1.15,3.3,0.2195183328440532,-0.0025862548323502,2.08,4.03,0,2023,7,194,-0.4999999999999997,-0.8660254037844388,0,0,0,0,0,0,1,0,0,0
2023-07-13,C562C6,0.187180072885792,23.65,0.0,0.0,0.8,4.058317186,0.1884880814911194,-0.0013080086053273,3.0,4.500439527,0,2023,7,194,-0.4999999999999997,-0.8660254037844388,0,0,0,0,0,0,0,0,1,0
2023-07-13,C58157,0.2392219556858147,25.916666666666668,0.0,0.0,0.0,2.98,0.2423281076409398,-0.003106151955125,0.0,3.87,0,2023,7,194,-0.4999999999999997,-0.8660254037844388,0,0,0,0,0,0,0,0,0,1
2023-07-14,C535C9,0.2421802522455403,23.3,0.0,0.0,0.0,4.3,0.2469254917469711,-0.0047452395014308,1.15,3.3,0,2023,7,195,-0.4999999999999997,-0.8660254037844388,0,0,1,0,0,0,0,0,0,0
2023-07-14,C535CA,0.1662601178764892,21.25,0.0,0.0,0.0,4.3,0.1647649112064907,0.0014952066699985,0.2,3.3,0,2023,7,195,-0.4999999999999997,-0.8660254037844388,0,0,0,1,0,0,0,0,0,0
2023-07-14,C54986,0.1345434213689277,25.0,0.0,4.0,0.0,4.08,0.137388120225115,-0.0028446988561873,0.8,4.06,1,2023,7,195,-0.4999999999999997,-0.8660254037844388,0,0,0,0,0,1,0,0,0,0
2023-07-14,C54992,0.2287816553021665,27.416666666666668,0.0,15.0,0.0,4.3,0.2169320780117029,0.0118495772904635,1.15,3.3,1,2023,7,195,-0.4999999999999997,-0.8660254037844388,0,0,0,0,0,0,1,0,0,0
2023-07-14,C562C6,0.1851371441651796,23.857142857142858,0.0,0.0,0.0,4.080182635,0.187180072885792,-0.0020429287206124,0.8,4.058317186,0,2023,7,195,-0.4999999999999997,-0.8660254037844388,0,0,0,0,0,0,0,0,1,0
2023-07-14,C58157,0.2569112815120765,28.041666666666668,0.0,21.0,0.0,4.25,0.2392219556858147,0.0176893258262617,0.0,2.98,1,2023,7,195,-0.4999999999999997,-0.8660254037844388,0,0,0,0,0,0,0,0,0,1
2023-07-15,C535C9,0.2344394772092232,24.235294117647054,0.0,0.0,4.95,4.39,0.2421802522455403,-0.007740775036317,0.0,4.3,0,2023,7,196,-0.4999999999999997,-0.8660254037844388,0,0,1,0,0,0,0,0,0,0
2023-07-15,C54986,0.1308060388001586,26.125,0.0,0.0,3.4,5.17,0.1345434213689277,-0.003737382568769,0.0,4.08,0,2023,7,196,-0.4999999999999997,-0.8660254037844388,0,0,0,0,0,1,0,0,0,0
2023-07-15,C54992,0.2452185890831028,27.791666666666668,0.0,0.0,4.95,4.38,0.2287816553021665,0.0164369337809363,0.0,4.3,0,2023,7,196,-0.4999999999999997,-0.8660254037844388,0,0,0,0,0,0,1,0,0,0
2023-07-15,C562C6,0.1819949596091747,26.1875,0.0,0.0,3.4,5.171795156,0.1851371441651796,-0.0031421845560048,0.0,4.080182635,0,2023,7,196,-0.4999999999999997,-0.8660254037844388,0,0,0,0,0,0,0,0,1,0
2023-07-15,C58157,0.2713685712905994,28.25,0.0,0.0,0.0,3.98,0.2569112815120765,0.0144572897785228,0.0,4.25,0,2023,7,196,-0.4999999999999997,-0.8660254037844388,0,0,0,0,0,0,0,0,0,1
2023-07-16,C535C9,0.2304594290075385,21.63636363636364,0.0,0.0,0.06,3.84,0.2344394772092232,-0.0039800482016847,4.95,4.39,0,2023,7,197,-0.4999999999999997,-0.8660254037844388,0,0,1,0,0,0,0,0,0,0
2023-07-16,C54986,0.1283703207575131,22.291666666666668,0.0,0.0,0.0,4.14,0.1308060388001586,-0.0024357180426455,3.4,5.17,0,2023,7,197,-0.4999999999999997,-0.8660254037844388,0,0,0,0,0,1,0,0,0,0
2023-07-16,C54992,0.2393964116835081,24.33333333333333,0.0,0.0,0.06,3.83,0.2452185890831028,-0.0058221773995947,4.95,4.38,0,2023,7,197,-0.4999999999999997,-0.8660254037844388,0,0,0,0,0,0,1,0,0,0
2023-07-16,C562C6,0.1796663512313347,22.625,0.0,0.0,0.0,4.139401609,0.1819949596091747,-0.0023286083778399,3.4,5.171795156,0,2023,7,197,-0.4999999999999997,-0.8660254037844388,0,0,0,0,0,0,0,0,1,0
2023-07-16,C58157,0.26152471581662,25.375,0.0,0.0,3.0,3.63,0.2713685712905994,-0.0098438554739793,0.0,3.98,0,2023,7,197,-0.4999999999999997,-0.8660254037844388,0,0,0,0,0,0,0,0,0,1
2023-07-17,C535C9,0.2279329660154533,21.1,0.0,0.0,4.78,3.56,0.2304594290075385,-0.0025264629920852,0.06,3.84,0,2023,7,198,-0.4999999999999997,-0.8660254037844388,0,0,1,0,0,0,0,0,0,0
2023-07-17,C54986,0.1268595629212592,22.625,0.0,4.0,1.0,4.22,0.1283703207575131,-0.0015107578362539,0.0,4.14,1,2023,7,198,-0.4999999999999997,-0.8660254037844388,0,0,0,0,0,1,0,0,0,0
2023-07-17,C54992,0.2310899563571838,24.58333333333333,0.0,0.0,4.78,3.56,0.2393964116835081,-0.0083064553263242,0.06,3.83,0,2023,7,198,-0.4999999999999997,-0.8660254037844388,0,0,0,0,0,0,1,0,0,0
2023-07-17,C562C6,0.1784970512904325,21.705882352941178,0.0,0.0,1.0,4.215292791,0.1796663512313347,-0.0011692999409021,0.0,4.139401609,0,2023,7,198,-0.4999999999999997,-0.8660254037844388,0,0,0,0,0,0,0,0,1,0
2023-07-17,C58157,0.2542271826124601,25.33333333333333,0.0,0.0,0.5,3.79,0.26152471581662,-0.0072975332041599,3.0,3.63,0,2023,7,198,-0.4999999999999997,-0.8660254037844388,0,0,0,0,0,0,0,0,0,1
2023-07-18,C535C9,0.2258593607505993,17.5,0.0,0.0,0.0,4.4,0.2279329660154533,-0.0020736052648539,4.78,3.56,0,2023,7,199,-0.4999999999999997,-0.8660254037844388,0,0,1,0,0,0,0,0,0,0
2023-07-18,C54986,0.1325742509465809,23.70833333333333,0.0,0.0,0.0,4.73,0.1268595629212592,0.0057146880253217,1.0,4.22,0,2023,7,199,-0.4999999999999997,-0.8660254037844388,0,0,0,0,0,1,0,0,0,0
2023-07-18,C54992,0.258285878261228,25.166666666666668,0.0,15.0,0.0,4.39,0.2310899563571838,0.0271959219040442,4.78,3.56,1,2023,7,199,-0.4999999999999997,-0.8660254037844388,0,0,0,0,0,0,1,0,0,0
2023-07-18,C562C6,0.1752822859068431,22.666666666666668,0.0,0.0,0.0,4.731884937,0.1784970512904325,-0.0032147653835894,1.0,4.215292791,0,2023,7,199,-0.4999999999999997,-0.8660254037844388,0,0,0,0,0,0,0,0,1,0
2023-07-18,C58157,0.247024050429638,25.625,0.0,0.0,0.0,3.86,0.2542271826124601,-0.007203132182822,0.5,3.79,0,2023,7,199,-0.4999999999999997,-0.8660254037844388,0,0,0,0,0,0,0,0,0,1
2023-07-19,C535C9,0.2194137909898159,19.0,0.0,0.0,0.0,3.34,0.2258593607505993,-0.0064455697607834,0.0,4.4,0,2023,7,200,-0.4999999999999997,-0.8660254037844388,0,0,1,0,0,0,0,0,0,0
2023-07-19,C54986,0.1333925181528928,23.08333333333333,0.0,0.0,0.4,3.11,0.1325742509465809,0.0008182672063118,0.0,4.73,0,2023,7,200,-0.4999999999999997,-0.8660254037844388,0,0,0,0,0,1,0,0,0,0
2023-07-19,C54992,0.2691806404512121,24.375,0.0,0.0,0.0,3.34,0.258285878261228,0.010894762189984,0.0,4.39,0,2023,7,200,-0.4999999999999997,-0.8660254037844388,0,0,0,0,0,0,1,0,0,0
2023-07-19,C562C6,0.170478031449523,22.764705882352946,0.0,0.0,0.4,3.107711917,0.1752822859068431,-0.0048042544573201,0.0,4.731884937,0,2023,7,200,-0.4999999999999997,-0.8660254037844388,0,0,0,0,0,0,0,0,1,0
2023-07-19,C58157,0.2407647181685215,25.125,0.0,0.0,3.0,3.15,0.247024050429638,-0.0062593322611164,0.0,3.86,0,2023,7,200,-0.4999999999999997,-0.8660254037844388,0,0,0,0,0,0,0,0,0,1
2023-07-20,C535C9,0.2141245286778433,17.5,0.0,0.0,1.82,2.53,0.2194137909898159,-0.0052892623119725,0.0,3.34,0,2023,7,201,-0.4999999999999997,-0.8660254037844388,0,0,1,0,0,0,0,0,0,0
2023-07-20,C535CA,0.1825751743627569,31.0,45.8,0.0,45.8,2.53,0.1662601178764892,0.0163150564862677,0.0,4.3,0,2023,7,201,-0.4999999999999997,-0.8660254037844388,0,0,0,1,0,0,0,0,0,0
2023-07-20,C54986,0.1343304937669452,21.58333333333333,0.0,10.0,5.4,2.38,0.1333925181528928,0.0009379756140523,0.4,3.11,1,2023,7,201,-0.4999999999999997,-0.8660254037844388,0,0,0,0,0,1,0,0,0,0
2023-07-20,C54992,0.2565000874415135,23.125,0.0,0.0,1.82,2.53,0.2691806404512121,-0.0126805530096985,0.0,3.34,0,2023,7,201,-0.4999999999999997,-0.8660254037844388,0,0,0,0,0,0,1,0,0,0
2023-07-20,C562C6,0.1692457798240906,22.526315789473685,0.0,0.0,5.4,2.382908881,0.170478031449523,-0.0012322516254323,0.4,3.107711917,0,2023,7,201,-0.4999999999999997,-0.8660254037844388,0,0,0,0,0,0,0,0,1,0
2023-07-20,C58157,0.2376622399052429,25.25,0.0,0.0,0.0,3.77,0.2407647181685215,-0.0031024782632785,3.0,3.15,0,2023,7,201,-0.4999999999999997,-0.8660254037844388,0,0,0,0,0,0,0,0,0,1
2023-07-21,C535CA,0.1813726362269544,21.0,4.0,0.0,4.0,2.79,0.1825751743627569,-0.0012025381358025,45.8,2.53,0,2023,7,202,-0.4999999999999997,-0.8660254037844388,0,0,0,1,0,0,0,0,0,0
2023-07-21,C54986,0.1470642846906158,21.041666666666668,0.0,0.0,0.4,3.43,0.1343304937669452,0.0127337909236706,5.4,2.38,0,2023,7,202,-0.4999999999999997,-0.8660254037844388,0,0,0,0,0,1,0,0,0,0
2023-07-21,C54992,0.2498165153547839,22.125,0.0,0.0,2.9,2.79,0.2565000874415135,-0.0066835720867296,1.82,2.53,0,2023,7,202,-0.4999999999999997,-0.8660254037844388,0,0,0,0,0,0,1,0,0,0
2023-07-21,C562C6,0.1730523124734904,21.55555555555556,0.0,0.0,0.4,3.432069349,0.1692457798240906,0.0038065326493997,5.4,2.382908881,0,2023,7,202,-0.4999999999999997,-0.8660254037844388,0,0,0,0,0,0,0,0,1,0
2023-07-21,C58157,0.2357701963597157,23.5,0.0,0.0,0.0,2.89,0.2376622399052429,-0.0018920435455271,0.0,3.77,0,2023,7,202,-0.4999999999999997,-0.8660254037844388,0,0,0,0,0,0,0,0,0,1
2023-07-22,C535C9,0.212117744699577,17.0,0.0,0.0,1.2,3.38,0.2141245286778433,-0.0020067839782663,1.82,2.53,0,2023,7,203,-0.4999999999999997,-0.8660254037844388,0,0,1,0,0,0,0,0,0,0
2023-07-22,C535CA,0.175898689188989,21.0,0.4,0.0,0.4,3.38,0.1813726362269544,-0.0054739470379654,4.0,2.79,0,2023,7,203,-0.4999999999999997,-0.8660254037844388,0,0,0,1,0,0,0,0,0,0
2023-07-22,C54986,0.1451690856281976,21.45833333333333,0.0,0.0,0.8,3.2,0.1470642846906158,-0.0018951990624181,0.4,3.43,0,2023,7,203,-0.4999999999999997,-0.8660254037844388,0,0,0,0,0,1,0,0,0,0
2023-07-22,C54992,0.241512750135918,22.75,0.0,0.0,1.2,3.38,0.2498165153547839,-0.0083037652188659,2.9,2.79,0,2023,7,203,-0.4999999999999997,-0.8660254037844388,0,0,0,0,0,0,1,0,0,0
2023-07-22,C562C6,0.1702198344475765,21.47058823529412,0.0,0.0,0.8,3.196402285,0.1730523124734904,-0.0028324780259138,0.4,3.432069349,0,2023,7,203,-0.4999999999999997,-0.8660254037844388,0,0,0,0,0,0,0,0,1,0
2023-07-22,C58157,0.2325383236297513,24.20833333333333,0.0,0.0,0.0,3.37,0.2357701963597157,-0.0032318727299643,0.0,2.89,0,2023,7,203,-0.4999999999999997,-0.8660254037844388,0,0,0,0,0,0,0,0,0,1
2023-07-23,C535CA,0.1761961159570976,20.0,0.0,0.0,0.0,2.02,0.175898689188989,0.0002974267681086,0.4,3.38,0,2023,7,204,-0.4999999999999997,-0.8660254037844388,0,0,0,1,0,0,0,0,0,0
2023-07-23,C54986,0.143202029403733,21.5,0.0,0.0,10.2,2.12,0.1451690856281976,-0.0019670562244646,0.8,3.2,0,2023,7,204,-0.4999999999999997,-0.8660254037844388,0,0,0,0,0,1,0,0,0,0
2023-07-23,C54992,0.2369431103083661,22.70833333333333,0.0,0.0,17.71,2.02,0.241512750135918,-0.0045696398275519,1.2,3.38,0,2023,7,204,-0.4999999999999997,-0.8660254037844388,0,0,0,0,0,0,1,0,0,0
2023-07-23,C562C6,0.1695999412361152,21.823529411764707,0.0,0.0,10.2,2.119257783,0.1702198344475765,-0.0006198932114613,0.8,3.196402285,0,2023,7,204,-0.4999999999999997,-0.8660254037844388,0,0,0,0,0,0,0,0,1,0
2023-07-23,C58157,0.2293594139673621,25.25,0.0,0.0,28.0,1.96,0.2325383236297513,-0.0031789096623892,0.0,3.37,0,2023,7,204,-0.4999999999999997,-0.8660254037844388,0,0,0,0,0,0,0,0,0,1
2023-07-24,C535CA,0.213196159614479,23.0,19.2,0.0,19.2,2.26,0.1761961159570976,0.0370000436573813,0.0,2.02,0,2023,7,205,-0.4999999999999997,-0.8660254037844388,0,0,0,1,0,0,0,0,0,0
2023-07-24,C54986,0.1489111540247011,22.166666666666668,0.0,0.0,7.4,2.63,0.143202029403733,0.0057091246209681,10.2,2.12,0,2023,7,205,-0.4999999999999997,-0.8660254037844388,0,0,0,0,0,1,0,0,0,0
2023-07-24,C54992,0.3143441171633093,23.33333333333333,0.0,0.0,30.35,2.26,0.2369431103083661,0.0774010068549432,17.71,2.02,0,2023,7,205,-0.4999999999999997,-0.8660254037844388,0,0,0,0,0,0,1,0,0,0
2023-07-24,C562C6,0.2100099972039929,24.88888888888889,0.0,0.0,7.4,2.632209882,0.1695999412361152,0.0404100559678776,10.2,2.119257783,0,2023,7,205,-0.4999999999999997,-0.8660254037844388,0,0,0,0,0,0,0,0,1,0
2023-07-24,C58157,0.2622345522170599,25.08333333333333,0.0,0.0,6.0,2.07,0.2293594139673621,0.0328751382496977,28.0,1.96,0,2023,7,205,-0.4999999999999997,-0.8660254037844388,0,0,0,0,0,0,0,0,0,1
2023-07-25,C535C9,0.2660482502287148,23.5,0.0,0.0,0.0,3.61,0.212117744699577,0.0539305055291378,1.2,3.38,0,2023,7,206,-0.4999999999999997,-0.8660254037844388,0,0,1,0,0,0,0,0,0,0
2023-07-25,C535CA,0.2109128549981431,23.0,0.0,0.0,0.0,3.61,0.213196159614479,-0.0022833046163358,19.2,2.26,0,2023,7,206,-0.4999999999999997,-0.8660254037844388,0,0,0,1,0,0,0,0,0,0
2023-07-25,C54986,0.1547227453953021,20.791666666666668,0.0,0.0,0.8,2.8,0.1489111540247011,0.0058115913706009,7.4,2.63,0,2023,7,206,-0.4999999999999997,-0.8660254037844388,0,0,0,0,0,1,0,0,0,0
2023-07-25,C54992,0.3268940194923006,22.58333333333333,0.0,0.0,0.0,3.61,0.3143441171633093,0.0125499023289912,30.35,2.26,0,2023,7,206,-0.4999999999999997,-0.8660254037844388,0,0,0,0,0,0,1,0,0,0
2023-07-25,C562C6,0.2065842459474367,22.0,0.0,0.0,0.8,2.796099057,0.2100099972039929,-0.0034257512565562,7.4,2.632209882,0,2023,7,206,-0.4999999999999997,-0.8660254037844388,0,0,0,0,0,0,0,0,1,0
2023-07-25,C58157,0.2791341724882179,24.0,0.0,0.0,1.0,1.98,0.2622345522170599,0.0168996202711579,6.0,2.07,0,2023,7,206,-0.4999999999999997,-0.8660254037844388,0,0,0,0,0,0,0,0,0,1
2023-07-26,C535C9,0.2610507073782505,22.70833333333333,0.0,0.0,0.21,3.84,0.2660482502287148,-0.0049975428504643,0.0,3.61,0,2023,7,207,-0.4999999999999997,-0.8660254037844388,0,0,1,0,0,0,0,0,0,0
2023-07-26,C535CA,0.2022720221112459,22.375,0.0,0.0,0.0,3.84,0.2109128549981431,-0.0086408328868971,0.0,3.61,0,2023,7,207,-0.4999999999999997,-0.8660254037844388,0,0,0,1,0,0,0,0,0,0
2023-07-26,C54986,0.1524314939021334,22.541666666666668,0.0,0.0,0.0,3.66,0.1547227453953021,-0.0022912514931687,0.8,2.8,0,2023,7,207,-0.4999999999999997,-0.8660254037844388,0,0,0,0,0,1,0,0,0,0
2023-07-26,C54992,0.3050978163809303,23.541666666666668,0.0,0.0,0.21,3.84,0.3268940194923006,-0.0217962031113703,0.0,3.61,0,2023,7,207,-0.4999999999999997,-0.8660254037844388,0,0,0,0,0,0,1,0,0,0
2023-07-26,C562C6,0.1984083031019861,24.041666666666668,0.0,0.0,0.0,3.656776723,0.2065842459474367,-0.0081759428454505,0.8,2.796099057,0,2023,7,207,-0.4999999999999997,-0.8660254037844388,0,0,0,0,0,0,0,0,1,0
2023-07-26,C58157,0.2676889751411996,25.166666666666668,0.0,0.0,4.0,2.77,0.2791341724882179,-0.0114451973470182,1.0,1.98,0,2023,7,207,-0.4999999999999997,-0.8660254037844388,0,0,0,0,0,0,0,0,0,1
2023-07-27,C535C9,0.2692474407598928,21.0,0.0,0.0,16.9,1.26,0.2610507073782505,0.0081967333816423,0.21,3.84,0,2023,7,208,-0.4999999999999997,-0.8660254037844388,0,0,1,0,0,0,0,0,0,0
2023-07-27,C535CA,0.2062358044449508,21.541666666666668,13.4000001,0.0,13.4,1.26,0.2022720221112459,0.0039637823337048,0.0,3.84,0,2023,7,208,-0.4999999999999997,-0.8660254037844388,0,0,0,1,0,0,0,0,0,0
2023-07-27,C54986,0.1524615020964452,20.625,0.0,0.0,18.2,1.17,0.1524314939021334,3.0008194311814677e-05,0.0,3.66,0,2023,7,208,-0.4999999999999997,-0.8660254037844388,0,0,0,0,0,1,0,0,0,0
2023-07-27,C54992,0.318860754396032,22.08333333333333,0.0,0.0,16.9,1.26,0.3050978163809303,0.0137629380151017,0.21,3.84,0,2023,7,208,-0.4999999999999997,-0.8660254037844388,0,0,0,0,0,0,1,0,0,0
2023-07-27,C562C6,0.2118643153116807,21.95833333333333,0.0,0.0,18.2,1.172536635,0.1984083031019861,0.0134560122096945,0.0,3.656776723,0,2023,7,208,-0.4999999999999997,-0.8660254037844388,0,0,0,0,0,0,0,0,1,0
2023-07-27,C58157,0.2743139923960795,23.625,0.0,0.0,0.5,1.14,0.2676889751411996,0.0066250172548799,4.0,2.77,0,2023,7,208,-0.4999999999999997,-0.8660254037844388,0,0,0,0,0,0,0,0,0,1
2023-07-28,C535C9,0.275839783249266,25.58333333333333,0.0,0.0,0.42,2.94,0.2692474407598928,0.0065923424893732,16.9,1.26,0,2023,7,209,-0.4999999999999997,-0.8660254037844388,0,0,1,0,0,0,0,0,0,0
2023-07-28,C535CA,0.2160266429529566,25.5,0.8,0.0,0.8,2.94,0.2062358044449508,0.0097908385080058,13.4,1.26,0,2023,7,209,-0.4999999999999997,-0.8660254037844388,0,0,0,1,0,0,0,0,0,0
2023-07-28,C54986,0.1653218762179934,24.041666666666668,0.0,0.0,1.0,2.68,0.1524615020964452,0.0128603741215482,18.2,1.17,0,2023,7,209,-0.4999999999999997,-0.8660254037844388,0,0,0,0,0,1,0,0,0,0
2023-07-28,C54992,0.3230625527329811,26.75,0.0,0.0,0.42,2.94,0.318860754396032,0.004201798336949,16.9,1.26,0,2023,7,209,-0.4999999999999997,-0.8660254037844388,0,0,0,0,0,0,1,0,0,0
2023-07-28,C562C6,0.2232435197406177,25.45833333333333,0.0,0.0,1.0,2.676078632,0.2118643153116807,0.011379204428937,18.2,1.172536635,0,2023,7,209,-0.4999999999999997,-0.8660254037844388,0,0,0,0,0,0,0,0,1,0
2023-07-28,C58157,0.285178653891029,27.666666666666668,0.0,0.0,1.0,1.81,0.2743139923960795,0.0108646614949494,0.5,1.14,0,2023,7,209,-0.4999999999999997,-0.8660254037844388,0,0,0,0,0,0,0,0,0,1
2023-07-29,C535C9,0.2710096583117855,23.541666666666668,0.0,0.0,5.29,2.88,0.275839783249266,-0.0048301249374805,0.42,2.94,0,2023,7,210,-0.4999999999999997,-0.8660254037844388,0,0,1,0,0,0,0,0,0,0
2023-07-29,C535CA,0.2094239787994541,24.608695652173918,1.6,0.0,1.6,2.88,0.2160266429529566,-0.0066026641535024,0.8,2.94,0,2023,7,210,-0.4999999999999997,-0.8660254037844388,0,0,0,1,0,0,0,0,0,0
2023-07-29,C54986,0.1666056934524971,22.83333333333333,0.0,0.0,4.2,3.21,0.1653218762179934,0.0012838172345036,1.0,2.68,0,2023,7,210,-0.4999999999999997,-0.8660254037844388,0,0,0,0,0,1,0,0,0,0
2023-07-29,C54992,0.3140362901405232,24.70833333333333,0.0,0.0,5.29,2.88,0.3230625527329811,-0.0090262625924579,0.42,2.94,0,2023,7,210,-0.4999999999999997,-0.8660254037844388,0,0,0,0,0,0,1,0,0,0
2023-07-29,C562C6,0.2166825216663715,23.875,0.0,0.0,4.2,3.206425162,0.2232435197406177,-0.0065609980742461,1.0,2.676078632,0,2023,7,210,-0.4999999999999997,-0.8660254037844388,0,0,0,0,0,0,0,0,1,0
2023-07-29,C58157,0.2764710604124534,26.45833333333333,0.0,0.0,2.5,2.9,0.285178653891029,-0.0087075934785755,1.0,1.81,0,2023,7,210,-0.4999999999999997,-0.8660254037844388,0,0,0,0,0,0,0,0,0,1
2023-07-30,C535C9,0.2699473604119978,21.625,0.0,0.0,9.12,2.89,0.2710096583117855,-0.0010622978997876,5.29,2.88,0,2023,7,211,-0.4999999999999997,-0.8660254037844388,0,0,1,0,0,0,0,0,0,0
2023-07-30,C535CA,0.2036407859048873,22.181818181818183,4.0,0.0,4.0,2.89,0.2094239787994541,-0.0057831928945668,1.6,2.88,0,2023,7,211,-0.4999999999999997,-0.8660254037844388,0,0,0,1,0,0,0,0,0,0
2023-07-30,C54986,0.1648999455142348,21.375,0.0,0.0,5.8,2.87,0.1666056934524971,-0.0017057479382623,4.2,3.21,0,2023,7,211,-0.4999999999999997,-0.8660254037844388,0,0,0,0,0,1,0,0,0,0
2023-07-30,C54992,0.3157291974937438,22.95833333333333,0.0,0.0,9.12,2.89,0.3140362901405232,0.0016929073532205,5.29,2.88,0,2023,7,211,-0.4999999999999997,-0.8660254037844388,0,0,0,0,0,0,1,0,0,0
2023-07-30,C562C6,0.2165643681200615,22.625,0.0,0.0,5.8,2.867909586,0.2166825216663715,-0.00011815354631,4.2,3.206425162,0,2023,7,211,-0.4999999999999997,-0.8660254037844388,0,0,0,0,0,0,0,0,1,0
2023-07-30,C58157,0.2706163719795167,24.041666666666668,0.0,0.0,10.0,2.42,0.2764710604124534,-0.0058546884329366,2.5,2.9,0,2023,7,211,-0.4999999999999997,-0.8660254037844388,0,0,0,0,0,0,0,0,0,1
2023-07-31,C535C9,0.279345795424145,21.08333333333333,0.0,0.0,10.89,1.31,0.2699473604119978,0.0093984350121472,9.12,2.89,0,2023,7,212,-0.4999999999999997,-0.8660254037844388,0,0,1,0,0,0,0,0,0,0
2023-07-31,C535CA,0.2054298544035722,22.125,12.6000001,0.0,12.6,1.31,0.2036407859048873,0.0017890684986849,4.0,2.89,0,2023,7,212,-0.4999999999999997,-0.8660254037844388,0,0,0,1,0,0,0,0,0,0
2023-07-31,C54986,0.1699478237275059,21.291666666666668,0.0,0.0,23.0,1.39,0.1648999455142348,0.0050478782132711,5.8,2.87,0,2023,7,212,-0.4999999999999997,-0.8660254037844388,0,0,0,0,0,1,0,0,0,0
2023-07-31,C54992,0.3324023301802681,22.416666666666668,0.0,0.0,10.89,1.31,0.3157291974937438,0.0166731326865243,9.12,2.89,0,2023,7,212,-0.4999999999999997,-0.8660254037844388,0,0,0,0,0,0,1,0,0,0
2023-07-31,C562C6,0.233602056696342,22.541666666666668,0.0,0.0,23.0,1.385697235,0.2165643681200615,0.0170376885762805,5.8,2.867909586,0,2023,7,212,-0.4999999999999997,-0.8660254037844388,0,0,0,0,0,0,0,0,1,0
2023-07-31,C58157,0.2795303257352778,24.041666666666668,0.0,0.0,12.0,1.3,0.2706163719795167,0.008913953755761,10.0,2.42,0,2023,7,212,-0.4999999999999997,-0.8660254037844388,0,0,0,0,0,0,0,0,0,1
2023-08-01,C535C9,0.2840888798507406,21.95833333333333,0.0,0.0,0.63,2.53,0.279345795424145,0.0047430844265955,10.89,1.31,0,2023,8,213,-0.8660254037844385,-0.5000000000000004,0,0,1,0,0,0,0,0,0,0
2023-08-01,C535CA,0.2437656964475405,22.916666666666668,10.2000003,0.0,10.2,2.53,0.2054298544035722,0.0383358420439683,12.6,1.31,0,2023,8,213,-0.8660254037844385,-0.5000000000000004,0,0,0,1,0,0,0,0,0,0
2023-08-01,C54986,0.2096583152218603,21.70833333333333,0.0,0.0,0.0,2.48,0.1699478237275059,0.0397104914943543,23.0,1.39,0,2023,8,213,-0.8660254037844385,-0.5000000000000004,0,0,0,0,0,1,0,0,0,0
2023-08-01,C54992,0.3335092218068307,22.875,0.0,0.0,0.63,2.53,0.3324023301802681,0.0011068916265625,10.89,1.31,0,2023,8,213,-0.8660254037844385,-0.5000000000000004,0,0,0,0,0,0,1,0,0,0
2023-08-01,C562C6,0.2446359694696659,23.166666666666668,0.0,0.0,0.0,2.477855424,0.233602056696342,0.0110339127733238,23.0,1.385697235,0,2023,8,213,-0.8660254037844385,-0.5000000000000004,0,0,0,0,0,0,0,0,1,0
2023-08-01,C58157,0.301712582930539,24.666666666666668,0.0,0.0,6.0,2.28,0.2795303257352778,0.0221822571952612,12.0,1.3,0,2023,8,213,-0.8660254037844385,-0.5000000000000004,0,0,0,0,0,0,0,0,0,1
2023-08-02,C535C9,0.2865187640524088,22.33333333333333,0.0,0.0,19.48,2.71,0.2840888798507406,0.0024298842016681,0.63,2.53,0,2023,8,214,-0.8660254037844385,-0.5000000000000004,0,0,1,0,0,0,0,0,0,0
2023-08-02,C535CA,0.2360927369542965,23.043478260869566,8.4,0.0,8.4,2.7,0.2437656964475405,-0.0076729594932439,10.2,2.53,0,2023,8,214,-0.8660254037844385,-0.5000000000000004,0,0,0,1,0,0,0,0,0,0
2023-08-02,C54986,0.2061885809513328,21.83333333333333,0.0,0.0,12.8,2.66,0.2096583152218603,-0.0034697342705274,0.0,2.48,0,2023,8,214,-0.8660254037844385,-0.5000000000000004,0,0,0,0,0,1,0,0,0,0
2023-08-02,C54992,0.3329738566274876,23.5,0.0,0.0,19.48,2.7,0.3335092218068307,-0.0005353651793431,0.63,2.53,0,2023,8,214,-0.8660254037844385,-0.5000000000000004,0,0,0,0,0,0,1,0,0,0
2023-08-02,C562C6,0.2367296751148914,23.08333333333333,0.0,0.0,12.8,2.662670469,0.2446359694696659,-0.0079062943547744,0.0,2.477855424,0,2023,8,214,-0.8660254037844385,-0.5000000000000004,0,0,0,0,0,0,0,0,1,0
2023-08-02,C58157,0.2997020698970811,25.375,0.0,0.0,16.0,2.37,0.301712582930539,-0.0020105130334579,6.0,2.28,0,2023,8,214,-0.8660254037844385,-0.5000000000000004,0,0,0,0,0,0,0,0,0,1
2023-08-03,C535C9,0.3208357031141619,20.416666666666668,0.0,0.0,14.9,1.79,0.2865187640524088,0.0343169390617531,19.48,2.71,0,2023,8,215,-0.8660254037844385,-0.5000000000000004,0,0,1,0,0,0,0,0,0,0
2023-08-03,C535CA,0.244192323728468,21.681818181818183,11.8000001,0.0,11.8,1.79,0.2360927369542965,0.0080995867741714,8.4,2.7,0,2023,8,215,-0.8660254037844385,-0.5000000000000004,0,0,0,1,0,0,0,0,0,0
2023-08-03,C54986,0.2165350575995043,20.541666666666668,0.0,0.0,6.6,1.71,0.2061885809513328,0.0103464766481714,12.8,2.66,0,2023,8,215,-0.8660254037844385,-0.5000000000000004,0,0,0,0,0,1,0,0,0,0
2023-08-03,C54992,0.3342076351674255,21.83333333333333,0.0,0.0,14.9,1.79,0.3329738566274876,0.0012337785399379,19.48,2.7,0,2023,8,215,-0.8660254037844385,-0.5000000000000004,0,0,0,0,0,0,1,0,0,0
2023-08-03,C55D7C,0.2109979427631669,22.928571428571427,7.6000002,0.0,3.8,1.71,,,0.0,2.66,0,2023,8,215,-0.8660254037844385,-0.5000000000000004,0,0,0,0,0,0,0,1,0,0
2023-08-03,C562C6,0.2467686177696167,21.791666666666668,0.0,0.0,6.6,1.713652276,0.2367296751148914,0.0100389426547252,12.8,2.662670469,0,2023,8,215,-0.8660254037844385,-0.5000000000000004,0,0,0,0,0,0,0,0,1,0
2023-08-03,C58157,0.3129401294631564,23.58333333333333,0.0,0.0,1.0,1.37,0.2997020698970811,0.0132380595660753,16.0,2.37,0,2023,8,215,-0.8660254037844385,-0.5000000000000004,0,0,0,0,0,0,0,0,0,1
2023-08-04,C535C9,0.3213451234352022,20.95833333333333,0.0,0.0,0.13,2.86,0.3208357031141619,0.0005094203210402,14.9,1.79,0,2023,8,216,-0.8660254037844385,-0.5000000000000004,0,0,1,0,0,0,0,0,0,0
2023-08-04,C535CA,0.2390668797526659,21.31578947368421,0.2,0.0,0.2,2.86,0.244192323728468,-0.005125443975802,11.8,1.79,0,2023,8,216,-0.8660254037844385,-0.5000000000000004,0,0,0,1,0,0,0,0,0,0
2023-08-04,C54986,0.212380872956301,21.0,0.0,0.0,2.6,2.69,0.2165350575995043,-0.0041541846432033,6.6,1.71,0,2023,8,216,-0.8660254037844385,-0.5000000000000004,0,0,0,0,0,1,0,0,0,0
2023-08-04,C54992,0.3297783722753755,22.58333333333333,0.0,0.0,0.13,2.86,0.3342076351674255,-0.00442926289205,14.9,1.79,0,2023,8,216,-0.8660254037844385,-0.5000000000000004,0,0,0,0,0,0,1,0,0,0
2023-08-04,C55D7C,0.2052429922370553,22.70833333333333,0.4,0.0,0.2,2.69,0.2109979427631669,-0.0057549505261115,3.8,1.71,0,2023,8,216,-0.8660254037844385,-0.5000000000000004,0,0,0,0,0,0,0,1,0,0
2023-08-04,C562C6,0.2368147058013271,22.166666666666668,0.0,0.0,2.6,2.686817914,0.2467686177696167,-0.0099539119682895,6.6,1.713652276,0,2023,8,216,-0.8660254037844385,-0.5000000000000004,0,0,0,0,0,0,0,0,1,0
2023-08-04,C58157,0.3025914906621981,23.375,0.0,0.0,3.0,2.05,0.3129401294631564,-0.0103486388009583,1.0,1.37,0,2023,8,216,-0.8660254037844385,-0.5000000000000004,0,0,0,0,0,0,0,0,0,1
2023-08-05,C535C9,0.3160096229197955,18.166666666666668,0.0,0.0,8.0,1.39,0.3213451234352022,-0.0053355005154066,0.13,2.86,0,2023,8,217,-0.8660254037844385,-0.5000000000000004,0,0,1,0,0,0,0,0,0,0
2023-08-05,C535CA,0.2272324740727859,20.166666666666668,1.4,0.0,1.4,1.39,0.2390668797526659,-0.01183440567988,0.2,2.86,0,2023,8,217,-0.8660254037844385,-0.5000000000000004,0,0,0,1,0,0,0,0,0,0
2023-08-05,C54986,0.2074966882320884,18.541666666666668,0.0,0.0,9.8,1.45,0.212380872956301,-0.0048841847242125,2.6,2.69,0,2023,8,217,-0.8660254037844385,-0.5000000000000004,0,0,0,0,0,1,0,0,0,0
2023-08-05,C54992,0.3239492810246194,19.5,0.0,0.0,8.0,1.39,0.3297783722753755,-0.005829091250756,0.13,2.86,0,2023,8,217,-0.8660254037844385,-0.5000000000000004,0,0,0,0,0,0,1,0,0,0
2023-08-05,C55D7C,0.1956539429809,21.5,1.6,0.0,0.8,1.45,0.2052429922370553,-0.0095890492561553,0.2,2.69,0,2023,8,217,-0.8660254037844385,-0.5000000000000004,0,0,0,0,0,0,0,1,0,0
2023-08-05,C562C6,0.231635105302823,19.33333333333333,0.0,0.0,9.8,1.448117019,0.2368147058013271,-0.005179600498504,2.6,2.686817914,0,2023,8,217,-0.8660254037844385,-0.5000000000000004,0,0,0,0,0,0,0,0,1,0
2023-08-05,C58157,0.295191863124731,21.375,0.0,0.0,9.0,1.45,0.3025914906621981,-0.007399627537467,3.0,2.05,0,2023,8,217,-0.8660254037844385,-0.5000000000000004,0,0,0,0,0,0,0,0,0,1
2023-08-06,C535C9,0.3293010555330415,18.33333333333333,0.0,0.0,25.73,1.44,0.3160096229197955,0.0132914326132459,8.0,1.39,0,2023,8,218,-0.8660254037844385,-0.5000000000000004,0,0,1,0,0,0,0,0,0,0
2023-08-06,C535CA,0.2372243268129457,19.428571428571427,16.8000002,0.0,16.8,1.44,0.2272324740727859,0.0099918527401597,1.4,1.39,0,2023,8,218,-0.8660254037844385,-0.5000000000000004,0,0,0,1,0,0,0,0,0,0
2023-08-06,C54986,0.2305836444182168,18.20833333333333,0.0,0.0,14.4,1.88,0.2074966882320884,0.0230869561861284,9.8,1.45,0,2023,8,218,-0.8660254037844385,-0.5000000000000004,0,0,0,0,0,1,0,0,0,0
2023-08-06,C54992,0.3308333081363655,19.416666666666668,0.0,0.0,25.73,1.44,0.3239492810246194,0.006884027111746,8.0,1.39,0,2023,8,218,-0.8660254037844385,-0.5000000000000004,0,0,0,0,0,0,1,0,0,0
2023-08-06,C55D7C,0.206281291065922,19.83333333333333,28.4000004,0.0,14.2,1.88,0.1956539429809,0.010627348085022,0.8,1.45,0,2023,8,218,-0.8660254037844385,-0.5000000000000004,0,0,0,0,0,0,0,1,0,0
2023-08-06,C562C6,0.2565013685658783,19.17391304347826,0.0,0.0,14.4,1.880303177,0.231635105302823,0.0248662632630553,9.8,1.448117019,0,2023,8,218,-0.8660254037844385,-0.5000000000000004,0,0,0,0,0,0,0,0,1,0
2023-08-06,C58157,0.316699274372314,20.75,0.0,0.0,16.0,1.55,0.295191863124731,0.0215074112475829,9.0,1.45,0,2023,8,218,-0.8660254037844385,-0.5000000000000004,0,0,0,0,0,0,0,0,0,1
2023-08-07,C535C9,0.3284225964597117,19.40909090909091,0.0,0.0,0.0,3.47,0.3293010555330415,-0.0008784590733297,25.73,1.44,0,2023,8,219,-0.8660254037844385,-0.5000000000000004,0,0,1,0,0,0,0,0,0,0
2023-08-07,C535CA,0.2453617493150263,19.8,0.0,0.0,0.0,3.47,0.2372243268129457,0.0081374225020806,16.8,1.44,0,2023,8,219,-0.8660254037844385,-0.5000000000000004,0,0,0,1,0,0,0,0,0,0
2023-08-07,C54986,0.2257474737995077,19.45833333333333,0.0,0.0,0.0,3.42,0.2305836444182168,-0.0048361706187091,14.4,1.88,0,2023,8,219,-0.8660254037844385,-0.5000000000000004,0,0,0,0,0,1,0,0,0,0
2023-08-07,C54992,0.3310561379915952,21.33333333333333,0.0,0.0,0.0,3.47,0.3308333081363655,0.0002228298552297,25.73,1.44,0,2023,8,219,-0.8660254037844385,-0.5000000000000004,0,0,0,0,0,0,1,0,0,0
2023-08-07,C55D7C,0.2163016362773829,21.33333333333333,0.0,0.0,0.0,3.42,0.206281291065922,0.0100203452114608,14.2,1.88,0,2023,8,219,-0.8660254037844385,-0.5000000000000004,0,0,0,0,0,0,0,1,0,0
2023-08-07,C562C6,0.2433245790500347,20.956521739130437,0.0,0.0,0.0,3.422480299,0.2565013685658783,-0.0131767895158436,14.4,1.880303177,0,2023,8,219,-0.8660254037844385,-0.5000000000000004,0,0,0,0,0,0,0,0,1,0
2023-08-07,C58157,0.3079608616251567,22.58333333333333,0.0,0.0,0.0,2.63,0.316699274372314,-0.0087384127471573,16.0,1.55,0,2023,8,219,-0.8660254037844385,-0.5000000000000004,0,0,0,0,0,0,0,0,0,1
2023-08-08,C535C9,0.3213828086127538,19.791666666666668,0.0,0.0,4.07,2.24,0.3284225964597117,-0.0070397878469578,0.0,3.47,0,2023,8,220,-0.8660254037844385,-0.5000000000000004,0,0,1,0,0,0,0,0,0,0
2023-08-08,C535CA,0.2326959076896118,19.285714285714285,4.8,0.0,4.8,2.24,0.2453617493150263,-0.0126658416254144,0.0,3.47,0,2023,8,220,-0.8660254037844385,-0.5000000000000004,0,0,0,1,0,0,0,0,0,0
2023-08-08,C54986,0.2150194212630521,19.666666666666668,0.0,0.0,4.0,2.2,0.2257474737995077,-0.0107280525364555,0.0,3.42,0,2023,8,220,-0.8660254037844385,-0.5000000000000004,0,0,0,0,0,1,0,0,0,0
2023-08-08,C54992,0.3262611737577117,20.916666666666668,0.0,0.0,4.07,2.24,0.3310561379915952,-0.0047949642338835,0.0,3.47,0,2023,8,220,-0.8660254037844385,-0.5000000000000004,0,0,0,0,0,0,1,0,0,0
2023-08-08,C55D7C,0.2063261272659195,20.791666666666668,12.8,0.0,6.4,2.2,0.2163016362773829,-0.0099755090114634,0.0,3.42,0,2023,8,220,-0.8660254037844385,-0.5000000000000004,0,0,0,0,0,0,0,1,0,0
2023-08-08,C562C6,0.233248761258493,21.0,0.0,0.0,4.0,2.199666749,0.2433245790500347,-0.0100758177915417,0.0,3.422480299,0,2023,8,220,-0.8660254037844385,-0.5000000000000004,0,0,0,0,0,0,0,0,1,0
2023-08-08,C58157,0.2959163284984927,22.791666666666668,0.0,0.0,10.0,2.17,0.3079608616251567,-0.0120445331266639,0.0,2.63,0,2023,8,220,-0.8660254037844385,-0.5000000000000004,0,0,0,0,0,0,0,0,0,1
2023-08-09,C535C9,0.3251775065401791,23.166666666666668,0.0,0.0,3.88,3.66,0.3213828086127538,0.0037946979274252,4.07,2.24,0,2023,8,221,-0.8660254037844385,-0.5000000000000004,0,0,1,0,0,0,0,0,0,0
2023-08-09,C535CA,0.2356912605255074,25.23076923076923,4.4000001,0.0,4.4,3.65,0.2326959076896118,0.0029953528358955,4.8,2.24,0,2023,8,221,-0.8660254037844385,-0.5000000000000004,0,0,0,1,0,0,0,0,0,0
2023-08-09,C54986,0.2114306813033238,22.666666666666668,0.0,0.0,0.4,3.45,0.2150194212630521,-0.0035887399597282,4.0,2.2,0,2023,8,221,-0.8660254037844385,-0.5000000000000004,0,0,0,0,0,1,0,0,0,0
2023-08-09,C54992,0.3285986852310359,24.58333333333333,0.0,0.0,3.88,3.66,0.3262611737577117,0.0023375114733242,4.07,2.24,0,2023,8,221,-0.8660254037844385,-0.5000000000000004,0,0,0,0,0,0,1,0,0,0
2023-08-09,C55D7C,0.2105621856624036,23.916666666666668,7.2,0.0,3.6,3.45,0.2063261272659195,0.0042360583964841,6.4,2.2,0,2023,8,221,-0.8660254037844385,-0.5000000000000004,0,0,0,0,0,0,0,1,0,0
2023-08-09,C562C6,0.232632089984567,24.0,0.0,0.0,0.4,3.451923999,0.233248761258493,-0.0006166712739259,4.0,2.199666749,0,2023,8,221,-0.8660254037844385,-0.5000000000000004,0,0,0,0,0,0,0,0,1,0
2023-08-09,C58157,0.3045408527874472,25.666666666666668,0.0,0.0,0.0,3.12,0.2959163284984927,0.0086245242889544,10.0,2.17,0,2023,8,221,-0.8660254037844385,-0.5000000000000004,0,0,0,0,0,0,0,0,0,1
2023-08-10,C535C9,0.3162477513994596,23.666666666666668,0.0,0.0,0.0,3.88,0.3251775065401791,-0.0089297551407194,3.88,3.66,0,2023,8,222,-0.8660254037844385,-0.5000000000000004,0,0,1,0,0,0,0,0,0,0
2023-08-10,C535CA,0.2258991279253858,26.307692307692307,0.0,0.0,0.0,3.87,0.2356912605255074,-0.0097921326001216,4.4,3.65,0,2023,8,222,-0.8660254037844385,-0.5000000000000004,0,0,0,1,0,0,0,0,0,0
2023-08-10,C54986,0.2035281042631508,24.56,0.0,0.0,0.0,3.84,0.2114306813033238,-0.0079025770401729,0.4,3.45,0,2023,8,222,-0.8660254037844385,-0.5000000000000004,0,0,0,0,0,1,0,0,0,0
2023-08-10,C54992,0.3198039284748039,25.25,0.0,0.0,0.0,3.87,0.3285986852310359,-0.008794756756232,3.88,3.66,0,2023,8,222,-0.8660254037844385,-0.5000000000000004,0,0,0,0,0,0,1,0,0,0
2023-08-10,C55D7C,0.2001542343764253,22.916666666666668,0.0,0.0,0.0,3.84,0.2105621856624036,-0.0104079512859783,3.6,3.45,0,2023,8,222,-0.8660254037844385,-0.5000000000000004,0,0,0,0,0,0,0,1,0,0
2023-08-10,C562C6,0.2246628120207741,24.916666666666668,0.0,0.0,0.0,3.837719302,0.232632089984567,-0.0079692779637928,0.4,3.451923999,0,2023,8,222,-0.8660254037844385,-0.5000000000000004,0,0,0,0,0,0,0,0,1,0
2023-08-10,C58157,0.2931323032750993,25.875,0.0,0.0,0.0,3.67,0.3045408527874472,-0.0114085495123478,0.0,3.12,0,2023,8,222,-0.8660254037844385,-0.5000000000000004,0,0,0,0,0,0,0,0,0,1
2023-08-11,C535C9,0.3061662341016039,25.83333333333333,0.0,0.0,0.25,3.58,0.3162477513994596,-0.0100815172978557,0.0,3.88,0,2023,8,223,-0.8660254037844385,-0.5000000000000004,0,0,1,0,0,0,0,0,0,0
2023-08-11,C535CA,0.2170750033915395,28.8,1.2,0.0,1.2,3.58,0.2258991279253858,-0.0088241245338462,0.0,3.87,0,2023,8,223,-0.8660254037844385,-0.5000000000000004,0,0,0,1,0,0,0,0,0,0
2023-08-11,C54986,0.1958602291453793,25.041666666666668,0.0,0.0,0.0,3.22,0.2035281042631508,-0.0076678751177715,0.0,3.84,0,2023,8,223,-0.8660254037844385,-0.5000000000000004,0,0,0,0,0,1,0,0,0,0
2023-08-11,C54992,0.3128983968602577,27.041666666666668,0.0,0.0,0.25,3.58,0.3198039284748039,-0.0069055316145461,0.0,3.87,0,2023,8,223,-0.8660254037844385,-0.5000000000000004,0,0,0,0,0,0,1,0,0,0
2023-08-11,C55D7C,0.1920277034898868,28.20833333333333,2.4000000000000004,0.0,1.2,3.22,0.2001542343764253,-0.0081265308865384,0.0,3.84,0,2023,8,223,-0.8660254037844385,-0.5000000000000004,0,0,0,0,0,0,0,1,0,0
2023-08-11,C562C6,0.2186595670775322,26.125,0.0,0.0,0.0,3.220125392,0.2246628120207741,-0.0060032449432419,0.0,3.837719302,0,2023,8,223,-0.8660254037844385,-0.5000000000000004,0,0,0,0,0,0,0,0,1,0
2023-08-11,C58157,0.2838732158388263,28.916666666666668,0.0,0.0,5.0,3.46,0.2931323032750993,-0.0092590874362729,0.0,3.67,0,2023,8,223,-0.8660254037844385,-0.5000000000000004,0,0,0,0,0,0,0,0,0,1
2023-08-12,C535C9,0.3090379598386717,24.58333333333333,0.0,0.0,9.89,3.01,0.3061662341016039,0.0028717257370678,0.25,3.58,0,2023,8,224,-0.8660254037844385,-0.5000000000000004,0,0,1,0,0,0,0,0,0,0
2023-08-12,C535CA,0.2188316480707125,24.47058823529412,9.8000003,0.0,9.8,3.01,0.2170750033915395,0.0017566446791729,1.2,3.58,0,2023,8,224,-0.8660254037844385,-0.5000000000000004,0,0,0,1,0,0,0,0,0,0
2023-08-12,C54986,0.1928805152499872,24.541666666666668,0.0,0.0,8.0,3.52,0.1958602291453793,-0.0029797138953921,0.0,3.22,0,2023,8,224,-0.8660254037844385,-0.5000000000000004,0,0,0,0,0,1,0,0,0,0
2023-08-12,C54992,0.3213008269983814,26.5,0.0,0.0,9.89,3.01,0.3128983968602577,0.0084024301381236,0.25,3.58,0,2023,8,224,-0.8660254037844385,-0.5000000000000004,0,0,0,0,0,0,1,0,0,0
2023-08-12,C55D7C,0.1907073700557238,26.45833333333333,13.2,0.0,6.6,3.52,0.1920277034898868,-0.001320333434163,1.2,3.22,0,2023,8,224,-0.8660254037844385,-0.5000000000000004,0,0,0,0,0,0,0,1,0,0
2023-08-12,C562C6,0.2229523159160467,26.08695652173913,0.0,0.0,8.0,3.518673353,0.2186595670775322,0.0042927488385144,0.0,3.220125392,0,2023,8,224,-0.8660254037844385,-0.5000000000000004,0,0,0,0,0,0,0,0,1,0
2023-08-12,C58157,0.2827127380580613,27.0,0.0,0.0,1.0,2.5,0.2838732158388263,-0.001160477780765,5.0,3.46,0,2023,8,224,-0.8660254037844385,-0.5000000000000004,0,0,0,0,0,0,0,0,0,1
2023-08-13,C535C9,0.3076415989960184,23.416666666666668,0.0,0.0,0.0,3.1,0.3090379598386717,-0.0013963608426532,9.89,3.01,0,2023,8,225,-0.8660254037844385,-0.5000000000000004,0,0,1,0,0,0,0,0,0,0
2023-08-13,C535CA,0.2218124043579936,26.071428571428573,0.0,0.0,0.0,3.1,0.2188316480707125,0.0029807562872811,9.8,3.01,0,2023,8,225,-0.8660254037844385,-0.5000000000000004,0,0,0,1,0,0,0,0,0,0
2023-08-13,C54986,0.1903649243773672,22.875,0.0,0.0,0.2,2.69,0.1928805152499872,-0.0025155908726199,8.0,3.52,0,2023,8,225,-0.8660254037844385,-0.5000000000000004,0,0,0,0,0,1,0,0,0,0
2023-08-13,C54992,0.3177574696692563,25.041666666666668,0.0,0.0,0.0,3.1,0.3213008269983814,-0.0035433573291251,9.89,3.01,0,2023,8,225,-0.8660254037844385,-0.5000000000000004,0,0,0,0,0,0,1,0,0,0
2023-08-13,C55D7C,0.1893794556955441,25.541666666666668,0.0,0.0,0.0,2.69,0.1907073700557238,-0.0013279143601796,6.6,3.52,0,2023,8,225,-0.8660254037844385,-0.5000000000000004,0,0,0,0,0,0,0,1,0,0
2023-08-13,C562C6,0.2206638783782399,23.25,0.0,0.0,0.2,2.690890936,0.2229523159160467,-0.0022884375378067,8.0,3.518673353,0,2023,8,225,-0.8660254037844385,-0.5000000000000004,0,0,0,0,0,0,0,0,1,0
2023-08-13,C58157,0.281404566410953,26.166666666666668,0.0,0.0,0.0,3.06,0.2827127380580613,-0.0013081716471083,1.0,2.5,0,2023,8,225,-0.8660254037844385,-0.5000000000000004,0,0,0,0,0,0,0,0,0,1
2023-08-14,C535C9,0.2972750939077304,25.375,0.0,0.0,0.0,4.07,0.3076415989960184,-0.010366505088288,0.0,3.1,0,2023,8,226,-0.8660254037844385,-0.5000000000000004,0,0,1,0,0,0,0,0,0,0
2023-08-14,C535CA,0.2163204332527341,28.157894736842103,0.6000000000000001,0.0,0.6,4.07,0.2218124043579936,-0.0054919711052595,0.0,3.1,0,2023,8,226,-0.8660254037844385,-0.5000000000000004,0,0,0,1,0,0,0,0,0,0
2023-08-14,C54986,0.1842655764842038,25.0,0.0,0.0,0.0,3.91,0.1903649243773672,-0.0060993478931634,0.2,2.69,0,2023,8,226,-0.8660254037844385,-0.5000000000000004,0,0,0,0,0,1,0,0,0,0
2023-08-14,C54992,0.3061807042752209,26.916666666666668,0.0,0.0,0.0,4.07,0.3177574696692563,-0.0115767653940353,0.0,3.1,0,2023,8,226,-0.8660254037844385,-0.5000000000000004,0,0,0,0,0,0,1,0,0,0
2023-08-14,C55D7C,0.1840674128723922,26.33333333333333,2.8,0.0,1.4,3.91,0.1893794556955441,-0.0053120428231518,0.0,2.69,0,2023,8,226,-0.8660254037844385,-0.5000000000000004,0,0,0,0,0,0,0,1,0,0
2023-08-14,C562C6,0.2161714651433274,25.666666666666668,0.0,0.0,0.0,3.910357185,0.2206638783782399,-0.0044924132349125,0.2,2.690890936,0,2023,8,226,-0.8660254037844385,-0.5000000000000004,0,0,0,0,0,0,0,0,1,0
2023-08-14,C58157,0.2755467490552201,28.25,0.0,0.0,0.0,3.04,0.281404566410953,-0.0058578173557329,0.0,3.06,0,2023,8,226,-0.8660254037844385,-0.5000000000000004,0,0,0,0,0,0,0,0,0,1
2023-08-15,C535C9,0.2831640067311776,25.291666666666668,0.0,0.0,0.0,3.67,0.2972750939077304,-0.0141110871765527,0.0,4.07,0,2023,8,227,-0.8660254037844385,-0.5000000000000004,0,0,1,0,0,0,0,0,0,0
2023-08-15,C535CA,0.2123694667550923,28.61111111111111,0.0,0.0,0.0,3.67,0.2163204332527341,-0.0039509664976418,0.6,4.07,0,2023,8,227,-0.8660254037844385,-0.5000000000000004,0,0,0,1,0,0,0,0,0,0
2023-08-15,C54986,0.1754091515805193,24.666666666666668,0.0,0.0,0.0,3.44,0.1842655764842038,-0.0088564249036844,0.0,3.91,0,2023,8,227,-0.8660254037844385,-0.5000000000000004,0,0,0,0,0,1,0,0,0,0
2023-08-15,C54992,0.2866480140266604,26.95833333333333,0.0,0.0,0.0,3.67,0.3061807042752209,-0.0195326902485604,0.0,4.07,0,2023,8,227,-0.8660254037844385,-0.5000000000000004,0,0,0,0,0,0,1,0,0,0
2023-08-15,C55D7C,0.1791590898054769,28.95833333333333,0.4,0.0,0.2,3.44,0.1840674128723922,-0.0049083230669152,1.4,3.91,0,2023,8,227,-0.8660254037844385,-0.5000000000000004,0,0,0,0,0,0,0,1,0,0
2023-08-15,C562C6,0.2119032167449171,24.916666666666668,0.0,0.0,0.0,3.439798831,0.2161714651433274,-0.0042682483984103,0.0,3.910357185,0,2023,8,227,-0.8660254037844385,-0.5000000000000004,0,0,0,0,0,0,0,0,1,0
2023-08-15,C58157,0.2682622400683186,28.625,0.0,0.0,0.0,3.18,0.2755467490552201,-0.0072845089869014,0.0,3.04,0,2023,8,227,-0.8660254037844385,-0.5000000000000004,0,0,0,0,0,0,0,0,0,1
2023-08-16,C535C9,0.2700292265299805,23.75,0.0,0.0,0.0,2.37,0.2831640067311776,-0.0131347802011971,0.0,3.67,0,2023,8,228,-0.8660254037844385,-0.5000000000000004,0,0,1,0,0,0,0,0,0,0
2023-08-16,C535CA,0.2083560117350512,26.764705882352946,0.0,0.0,0.0,2.37,0.2123694667550923,-0.004013455020041,0.0,3.67,0,2023,8,228,-0.8660254037844385,-0.5000000000000004,0,0,0,1,0,0,0,0,0,0
2023-08-16,C54986,0.1686751738495087,25.5,0.0,5.0,0.0,3.0,0.1754091515805193,-0.0067339777310106,0.0,3.44,1,2023,8,228,-0.8660254037844385,-0.5000000000000004,0,0,0,0,0,1,0,0,0,0
2023-08-16,C54992,0.2677915842857767,25.0,0.0,0.0,0.0,2.37,0.2866480140266604,-0.0188564297408836,0.0,3.67,0,2023,8,228,-0.8660254037844385,-0.5000000000000004,0,0,0,0,0,0,1,0,0,0
2023-08-16,C55D7C,0.1739993813173622,26.666666666666668,0.0,0.0,0.0,3.0,0.1791590898054769,-0.0051597084881147,0.2,3.44,0,2023,8,228,-0.8660254037844385,-0.5000000000000004,0,0,0,0,0,0,0,1,0,0
2023-08-16,C562C6,0.2084210063660185,25.291666666666668,0.0,0.0,0.0,2.999177667,0.2119032167449171,-0.0034822103788985,0.0,3.439798831,0,2023,8,228,-0.8660254037844385,-0.5000000000000004,0,0,0,0,0,0,0,0,1,0
2023-08-16,C58157,0.2624456737057118,28.25,0.0,0.0,0.0,2.19,0.2682622400683186,-0.0058165663626067,0.0,3.18,0,2023,8,228,-0.8660254037844385,-0.5000000000000004,0,0,0,0,0,0,0,0,0,1
2023-08-17,C535C9,0.2606283430975103,22.916666666666668,0.0,0.0,0.0,2.14,0.2700292265299805,-0.0094008834324701,0.0,2.37,0,2023,8,229,-0.8660254037844385,-0.5000000000000004,0,0,1,0,0,0,0,0,0,0
2023-08-17,C535CA,0.2065363294819336,24.26086956521739,0.0,0.0,0.0,2.14,0.2083560117350512,-0.0018196822531175,0.0,2.37,0,2023,8,229,-0.8660254037844385,-0.5000000000000004,0,0,0,1,0,0,0,0,0,0
2023-08-17,C54986,0.1667931605614788,23.166666666666668,0.0,0.0,0.0,2.18,0.1686751738495087,-0.0018820132880298,0.0,3.0,0,2023,8,229,-0.8660254037844385,-0.5000000000000004,0,0,0,0,0,1,0,0,0,0
2023-08-17,C54992,0.2549597934185213,24.58333333333333,0.0,0.0,0.0,2.14,0.2677915842857767,-0.0128317908672554,0.0,2.37,0,2023,8,229,-0.8660254037844385,-0.5000000000000004,0,0,0,0,0,0,1,0,0,0
2023-08-17,C55D7C,0.1696486380841105,25.041666666666668,0.0,0.0,0.0,2.18,0.1739993813173622,-0.0043507432332516,0.0,3.0,0,2023,8,229,-0.8660254037844385,-0.5000000000000004,0,0,0,0,0,0,0,1,0,0
2023-08-17,C562C6,0.2056798995421485,23.65217391304348,0.0,0.0,0.0,2.179037079,0.2084210063660185,-0.0027411068238699,0.0,2.999177667,0,2023,8,229,-0.8660254037844385,-0.5000000000000004,0,0,0,0,0,0,0,0,1,0
2023-08-17,C58157,0.2583660150966809,26.08333333333333,0.0,0.0,0.0,1.94,0.2624456737057118,-0.0040796586090309,0.0,2.19,0,2023,8,229,-0.8660254037844385,-0.5000000000000004,0,0,0,0,0,0,0,0,0,1
2023-08-18,C535C9,0.2520373920223585,26.166666666666668,0.0,0.0,0.0,2.9,0.2606283430975103,-0.0085909510751518,0.0,2.14,0,2023,8,230,-0.8660254037844385,-0.5000000000000004,0,0,1,0,0,0,0,0,0,0
2023-08-18,C535CA,0.2050226774788329,28.17391304347826,0.0,0.0,0.0,2.9,0.2065363294819336,-0.0015136520031007,0.0,2.14,0,2023,8,230,-0.8660254037844385,-0.5000000000000004,0,0,0,1,0,0,0,0,0,0
2023-08-18,C54986,0.1658394263309386,25.45833333333333,0.0,5.0,0.0,2.33,0.1667931605614788,-0.0009537342305402,0.0,2.18,1,2023,8,230,-0.8660254037844385,-0.5000000000000004,0,0,0,0,0,1,0,0,0,0
2023-08-18,C54992,0.2725984888988904,28.291666666666668,0.0,15.0,0.0,2.9,0.2549597934185213,0.017638695480369,0.0,2.14,1,2023,8,230,-0.8660254037844385,-0.5000000000000004,0,0,0,0,0,0,1,0,0,0
2023-08-18,C55D7C,0.1660503294116408,27.83333333333333,0.0,0.0,0.0,2.33,0.1696486380841105,-0.0035983086724697,0.0,2.18,0,2023,8,230,-0.8660254037844385,-0.5000000000000004,0,0,0,0,0,0,0,1,0,0
2023-08-18,C562C6,0.2042633031112319,26.227272727272727,0.0,0.0,0.0,2.328902319,0.2056798995421485,-0.0014165964309166,0.0,2.179037079,0,2023,8,230,-0.8660254037844385,-0.5000000000000004,0,0,0,0,0,0,0,0,1,0
2023-08-18,C58157,0.2550076996515147,29.70833333333333,0.0,0.0,0.0,3.17,0.2583660150966809,-0.0033583154451661,0.0,1.94,0,2023,8,230,-0.8660254037844385,-0.5000000000000004,0,0,0,0,0,0,0,0,0,1
2023-08-19,C535C9,0.2427609244112712,27.041666666666668,0.0,0.0,0.0,2.7,0.2520373920223585,-0.0092764676110872,0.0,2.9,0,2023,8,231,-0.8660254037844385,-0.5000000000000004,0,0,1,0,0,0,0,0,0,0
2023-08-19,C535CA,0.2036546175741758,26.07692307692308,1.6,0.0,1.6,2.69,0.2050226774788329,-0.001368059904657,0.0,2.9,0,2023,8,231,-0.8660254037844385,-0.5000000000000004,0,0,0,1,0,0,0,0,0,0
2023-08-19,C54986,0.1632684153854969,27.25,0.0,0.0,0.0,2.9,0.1658394263309386,-0.0025710109454416,0.0,2.33,0,2023,8,231,-0.8660254037844385,-0.5000000000000004,0,0,0,0,0,1,0,0,0,0
2023-08-19,C54992,0.3027951733161599,28.75,0.0,0.0,0.0,2.69,0.2725984888988904,0.0301966844172695,0.0,2.9,0,2023,8,231,-0.8660254037844385,-0.5000000000000004,0,0,0,0,0,0,1,0,0,0
2023-08-19,C55D7C,0.1615434242596349,28.125,2.8,0.0,1.4,2.9,0.1660503294116408,-0.0045069051520058,0.0,2.33,0,2023,8,231,-0.8660254037844385,-0.5000000000000004,0,0,0,0,0,0,0,1,0,0
2023-08-19,C562C6,0.2023911508393205,27.5,0.0,0.0,0.0,2.899968132,0.2042633031112319,-0.0018721522719114,0.0,2.328902319,0,2023,8,231,-0.8660254037844385,-0.5000000000000004,0,0,0,0,0,0,0,0,1,0
2023-08-19,C58157,0.2504933756074053,29.666666666666668,0.0,0.0,0.0,2.58,0.2550076996515147,-0.0045143240441094,0.0,3.17,0,2023,8,231,-0.8660254037844385,-0.5000000000000004,0,0,0,0,0,0,0,0,0,1
2023-08-20,C535C9,0.232111359052156,26.541666666666668,0.0,0.0,0.0,3.93,0.2427609244112712,-0.0106495653591152,0.0,2.7,0,2023,8,232,-0.8660254037844385,-0.5000000000000004,0,0,1,0,0,0,0,0,0,0
2023-08-20,C535CA,0.2035370945215404,26.75,0.2,0.0,0.2,3.92,0.2036546175741758,-0.0001175230526353,1.6,2.69,0,2023,8,232,-0.8660254037844385,-0.5000000000000004,0,0,0,1,0,0,0,0,0,0
2023-08-20,C54986,0.1561537119866492,26.291666666666668,0.0,0.0,0.0,3.55,0.1632684153854969,-0.0071147033988477,0.0,2.9,0,2023,8,232,-0.8660254037844385,-0.5000000000000004,0,0,0,0,0,1,0,0,0,0
2023-08-20,C54992,0.2846976622202632,28.043478260869566,0.0,0.0,0.0,3.93,0.3027951733161599,-0.0180975110958966,0.0,2.69,0,2023,8,232,-0.8660254037844385,-0.5000000000000004,0,0,0,0,0,0,1,0,0,0
2023-08-20,C55D7C,0.1589141891546548,28.625,0.0,0.0,0.0,3.55,0.1615434242596349,-0.00262923510498,1.4,2.9,0,2023,8,232,-0.8660254037844385,-0.5000000000000004,0,0,0,0,0,0,0,1,0,0
2023-08-20,C562C6,0.1993638800611343,25.625,0.0,0.0,0.0,3.550506839,0.2023911508393205,-0.0030272707781861,0.0,2.899968132,0,2023,8,232,-0.8660254037844385,-0.5000000000000004,0,0,0,0,0,0,0,0,1,0
2023-08-20,C58157,0.2456459665443285,30.166666666666668,0.0,0.0,0.0,3.49,0.2504933756074053,-0.0048474090630767,0.0,2.58,0,2023,8,232,-0.8660254037844385,-0.5000000000000004,0,0,0,0,0,0,0,0,0,1
2023-08-21,C535C9,0.2270905124091171,25.83333333333333,0.0,9.0,0.0,3.98,0.232111359052156,-0.0050208466430388,0.0,3.93,1,2023,8,233,-0.8660254037844385,-0.5000000000000004,0,0,1,0,0,0,0,0,0,0
2023-08-21,C535CA,0.2016611732567746,28.42105263157895,0.0,0.0,0.0,3.98,0.2035370945215404,-0.0018759212647658,0.2,3.92,0,2023,8,233,-0.8660254037844385,-0.5000000000000004,0,0,0,1,0,0,0,0,0,0
2023-08-21,C54986,0.1493850555188066,25.25,0.0,0.0,0.0,3.6,0.1561537119866492,-0.0067686564678425,0.0,3.55,0,2023,8,233,-0.8660254037844385,-0.5000000000000004,0,0,0,0,0,1,0,0,0,0
2023-08-21,C54992,0.2963440252780575,27.416666666666668,0.0,15.0,0.0,3.98,0.2846976622202632,0.0116463630577942,0.0,3.93,1,2023,8,233,-0.8660254037844385,-0.5000000000000004,0,0,0,0,0,0,1,0,0,0
2023-08-21,C55D7C,0.1515998503536076,26.041666666666668,0.0,0.0,0.0,3.6,0.1589141891546548,-0.0073143388010472,0.0,3.55,0,2023,8,233,-0.8660254037844385,-0.5000000000000004,0,0,0,0,0,0,0,1,0,0
2023-08-21,C562C6,0.196303577148398,24.70833333333333,0.0,0.0,0.0,3.598490554,0.1993638800611343,-0.0030603029127362,0.0,3.550506839,0,2023,8,233,-0.8660254037844385,-0.5000000000000004,0,0,0,0,0,0,0,0,1,0
2023-08-21,C58157,0.2465132701956298,29.33333333333333,0.0,12.0,0.0,3.3,0.2456459665443285,0.0008673036513012,0.0,3.49,1,2023,8,233,-0.8660254037844385,-0.5000000000000004,0,0,0,0,0,0,0,0,0,1
2023-08-22,C535C9,0.2310253284496988,23.95833333333333,0.0,7.0,0.0,2.93,0.2270905124091171,0.0039348160405816,0.0,3.98,1,2023,8,234,-0.8660254037844385,-0.5000000000000004,0,0,1,0,0,0,0,0,0,0
2023-08-22,C535CA,0.2002188877403146,25.13636363636364,0.0,0.0,0.0,2.93,0.2016611732567746,-0.0014422855164599,0.0,3.98,0,2023,8,234,-0.8660254037844385,-0.5000000000000004,0,0,0,1,0,0,0,0,0,0
2023-08-22,C54986,0.1431323183594963,24.375,0.0,5.0,0.0,2.74,0.1493850555188066,-0.0062527371593103,0.0,3.6,1,2023,8,234,-0.8660254037844385,-0.5000000000000004,0,0,0,0,0,1,0,0,0,0
2023-08-22,C54992,0.3127075738869998,25.347826086956523,0.0,0.0,0.0,2.93,0.2963440252780575,0.0163635486089422,0.0,3.98,0,2023,8,234,-0.8660254037844385,-0.5000000000000004,0,0,0,0,0,0,1,0,0,0
2023-08-22,C55D7C,0.1430519871767923,26.125,0.0,0.0,0.0,2.74,0.1515998503536076,-0.0085478631768153,0.0,3.6,0,2023,8,234,-0.8660254037844385,-0.5000000000000004,0,0,0,0,0,0,0,1,0,0
2023-08-22,C562C6,0.1937772518657012,24.166666666666668,0.0,0.0,0.0,2.738973802,0.196303577148398,-0.0025263252826968,0.0,3.598490554,0,2023,8,234,-0.8660254037844385,-0.5000000000000004,0,0,0,0,0,0,0,0,1,0
2023-08-22,C58157,0.2669558723497764,27.25,0.0,0.0,0.0,3.2,0.2465132701956298,0.0204426021541465,0.0,3.3,0,2023,8,234,-0.8660254037844385,-0.5000000000000004,0,0,0,0,0,0,0,0,0,1
2023-08-23,C535C9,0.2275810858084187,25.0,0.0,0.0,0.0,3.73,0.2310253284496988,-0.00344424264128,0.0,2.93,0,2023,8,235,-0.8660254037844385,-0.5000000000000004,0,0,1,0,0,0,0,0,0,0
2023-08-23,C535CA,0.198761700614002,25.615384615384617,0.0,0.0,0.0,3.73,0.2002188877403146,-0.0014571871263126,0.0,2.93,0,2023,8,235,-0.8660254037844385,-0.5000000000000004,0,0,0,1,0,0,0,0,0,0
2023-08-23,C54986,0.1402095847234867,25.33333333333333,0.0,0.0,0.0,3.46,0.1431323183594963,-0.0029227336360095,0.0,2.74,0,2023,8,235,-0.8660254037844385,-0.5000000000000004,0,0,0,0,0,1,0,0,0,0
2023-08-23,C54992,0.2948699013974721,26.08695652173913,0.0,0.0,0.0,3.73,0.3127075738869998,-0.0178376724895277,0.0,2.93,0,2023,8,235,-0.8660254037844385,-0.5000000000000004,0,0,0,0,0,0,1,0,0,0
2023-08-23,C55D7C,0.1343070241617165,24.83333333333333,0.0,0.0,0.0,3.46,0.1430519871767923,-0.0087449630150757,0.0,2.74,0,2023,8,235,-0.8660254037844385,-0.5000000000000004,0,0,0,0,0,0,0,1,0,0
2023-08-23,C562C6,0.1911813798976374,23.916666666666668,0.0,0.0,0.0,3.462584692,0.1937772518657012,-0.0025958719680637,0.0,2.738973802,0,2023,8,235,-0.8660254037844385,-0.5000000000000004,0,0,0,0,0,0,0,0,1,0
2023-08-23,C58157,0.2557245396739437,28.291666666666668,0.0,0.0,0.0,3.28,0.2669558723497764,-0.0112313326758326,0.0,3.2,0,2023,8,235,-0.8660254037844385,-0.5000000000000004,0,0,0,0,0,0,0,0,0,1
2023-08-24,C535C9,0.2300643158958995,23.58333333333333,0.0,0.0,8.4,1.74,0.2275810858084187,0.0024832300874808,0.0,3.73,0,2023,8,236,-0.8660254037844385,-0.5000000000000004,0,0,1,0,0,0,0,0,0,0
2023-08-24,C535CA,0.1983237368848791,23.9375,3.4,0.0,3.4,1.74,0.198761700614002,-0.0004379637291229,0.0,3.73,0,2023,8,236,-0.8660254037844385,-0.5000000000000004,0,0,0,1,0,0,0,0,0,0
2023-08-24,C54986,0.1393055860511598,23.33333333333333,0.0,0.0,19.0,1.69,0.1402095847234867,-0.0009039986723269,0.0,3.46,0,2023,8,236,-0.8660254037844385,-0.5000000000000004,0,0,0,0,0,1,0,0,0,0
2023-08-24,C54992,0.275694298522708,25.227272727272727,0.0,0.0,8.4,1.74,0.2948699013974721,-0.0191756028747641,0.0,3.73,0,2023,8,236,-0.8660254037844385,-0.5000000000000004,0,0,0,0,0,0,1,0,0,0
2023-08-24,C55D7C,0.1272164430750536,25.625,7.2,0.0,3.6,1.69,0.1343070241617165,-0.0070905810866629,0.0,3.46,0,2023,8,236,-0.8660254037844385,-0.5000000000000004,0,0,0,0,0,0,0,1,0,0
2023-08-24,C562C6,0.1929882457253216,24.20833333333333,0.0,0.0,19.0,1.690933897,0.1911813798976374,0.0018068658276842,0.0,3.462584692,0,2023,8,236,-0.8660254037844385,-0.5000000000000004,0,0,0,0,0,0,0,0,1,0
2023-08-24,C58157,0.2492271133345341,25.791666666666668,0.0,0.0,1.0,1.21,0.2557245396739437,-0.0064974263394095,0.0,3.28,0,2023,8,236,-0.8660254037844385,-0.5000000000000004,0,0,0,0,0,0,0,0,0,1
2023-08-25,C535C9,0.2708226096953516,22.625,0.0,0.0,23.95,1.22,0.2300643158958995,0.040758293799452,8.4,1.74,0,2023,8,237,-0.8660254037844385,-0.5000000000000004,0,0,1,0,0,0,0,0,0,0
2023-08-25,C535CA,0.2267719432729986,24.36842105263158,25.4000002,0.0,25.4,1.21,0.1983237368848791,0.0284482063881195,3.4,1.74,0,2023,8,237,-0.8660254037844385,-0.5000000000000004,0,0,0,1,0,0,0,0,0,0
2023-08-25,C54986,0.145920555762434,22.20833333333333,0.0,0.0,3.8,1.4,0.1393055860511598,0.0066149697112741,19.0,1.69,0,2023,8,237,-0.8660254037844385,-0.5000000000000004,0,0,0,0,0,1,0,0,0,0
2023-08-25,C54992,0.327118768152539,24.227272727272727,0.0,0.0,23.95,1.21,0.275694298522708,0.0514244696298309,8.4,1.74,0,2023,8,237,-0.8660254037844385,-0.5000000000000004,0,0,0,0,0,0,1,0,0,0
2023-08-25,C55D7C,0.1971346844032884,24.375,30.8000002,0.0,15.4,1.4,0.1272164430750536,0.0699182413282347,3.6,1.69,0,2023,8,237,-0.8660254037844385,-0.5000000000000004,0,0,0,0,0,0,0,1,0,0
2023-08-25,C562C6,0.2352437295227703,23.217391304347824,0.0,0.0,3.8,1.404666667,0.1929882457253216,0.0422554837974487,19.0,1.690933897,0,2023,8,237,-0.8660254037844385,-0.5000000000000004,0,0,0,0,0,0,0,0,1,0
2023-08-25,C58157,0.2617342595793471,25.45833333333333,0.0,0.0,19.0,1.48,0.2492271133345341,0.0125071462448129,1.0,1.21,0,2023,8,237,-0.8660254037844385,-0.5000000000000004,0,0,0,0,0,0,0,0,0,1
2023-08-26,C535C9,0.2956295344195513,20.375,0.0,0.0,0.0,2.94,0.2708226096953516,0.0248069247241997,23.95,1.22,0,2023,8,238,-0.8660254037844385,-0.5000000000000004,0,0,1,0,0,0,0,0,0,0
2023-08-26,C535CA,0.2375243531146454,22.23809523809524,0.0,0.0,0.0,2.94,0.2267719432729986,0.0107524098416467,25.4,1.21,0,2023,8,238,-0.8660254037844385,-0.5000000000000004,0,0,0,1,0,0,0,0,0,0
2023-08-26,C54986,0.1536319904765264,19.83333333333333,0.0,0.0,0.0,2.67,0.145920555762434,0.0077114347140924,3.8,1.4,0,2023,8,238,-0.8660254037844385,-0.5000000000000004,0,0,0,0,0,1,0,0,0,0
2023-08-26,C54992,0.3337421369404936,22.347826086956523,0.0,0.0,0.0,2.94,0.327118768152539,0.0066233687879546,23.95,1.21,0,2023,8,238,-0.8660254037844385,-0.5000000000000004,0,0,0,0,0,0,1,0,0,0
2023-08-26,C55D7C,0.2142483722804062,23.416666666666668,12.0,0.0,6.0,2.67,0.1971346844032884,0.0171136878771177,15.4,1.4,0,2023,8,238,-0.8660254037844385,-0.5000000000000004,0,0,0,0,0,0,0,1,0,0
2023-08-26,C562C6,0.2292248935710356,20.30434782608696,0.0,0.0,0.0,2.665463085,0.2352437295227703,-0.0060188359517347,3.8,1.404666667,0,2023,8,238,-0.8660254037844385,-0.5000000000000004,0,0,0,0,0,0,0,0,1,0
2023-08-26,C58157,0.2743787393096492,23.5,0.0,0.0,5.0,2.34,0.2617342595793471,0.012644479730302,19.0,1.48,0,2023,8,238,-0.8660254037844385,-0.5000000000000004,0,0,0,0,0,0,0,0,0,1
2023-08-27,C535C9,0.2911436121356494,20.20833333333333,0.0,0.0,2.28,2.54,0.2956295344195513,-0.0044859222839019,0.0,2.94,0,2023,8,239,-0.8660254037844385,-0.5000000000000004,0,0,1,0,0,0,0,0,0,0
2023-08-27,C535CA,0.2310902664437018,21.043478260869566,4.0,0.0,4.0,2.53,0.2375243531146454,-0.0064340866709435,0.0,2.94,0,2023,8,239,-0.8660254037844385,-0.5000000000000004,0,0,0,1,0,0,0,0,0,0
2023-08-27,C54986,0.1542086966504852,20.20833333333333,0.0,0.0,0.0,2.68,0.1536319904765264,0.0005767061739587,0.0,2.67,0,2023,8,239,-0.8660254037844385,-0.5000000000000004,0,0,0,0,0,1,0,0,0,0
2023-08-27,C54992,0.3271828827734374,21.75,0.0,0.0,2.28,2.54,0.3337421369404936,-0.0065592541670562,0.0,2.94,0,2023,8,239,-0.8660254037844385,-0.5000000000000004,0,0,0,0,0,0,1,0,0,0
2023-08-27,C55D7C,0.2011436582883756,21.125,6.800000000000001,0.0,3.4,2.68,0.2142483722804062,-0.0131047139920305,6.0,2.67,0,2023,8,239,-0.8660254037844385,-0.5000000000000004,0,0,0,0,0,0,0,1,0,0
2023-08-27,C562C6,0.2212674933579002,20.565217391304348,0.0,0.0,0.0,2.68313485,0.2292248935710356,-0.0079574002131354,0.0,2.665463085,0,2023,8,239,-0.8660254037844385,-0.5000000000000004,0,0,0,0,0,0,0,0,1,0
2023-08-27,C58157,0.2786861835368975,22.875,0.0,0.0,8.0,2.38,0.2743787393096492,0.0043074442272483,5.0,2.34,0,2023,8,239,-0.8660254037844385,-0.5000000000000004,0,0,0,0,0,0,0,0,0,1
2023-08-28,C535C9,0.2855553300278267,19.772727272727277,0.0,0.0,2.37,1.95,0.2911436121356494,-0.0055882821078226,2.28,2.54,0,2023,8,240,-0.8660254037844385,-0.5000000000000004,0,0,1,0,0,0,0,0,0,0
2023-08-28,C535CA,0.2269781627265743,20.5,0.0,0.0,0.0,1.94,0.2310902664437018,-0.0041121037171275,4.0,2.53,0,2023,8,240,-0.8660254037844385,-0.5000000000000004,0,0,0,1,0,0,0,0,0,0
2023-08-28,C54986,0.1527105953559587,20.58333333333333,0.0,0.0,0.0,2.62,0.1542086966504852,-0.0014981012945264,0.0,2.68,0,2023,8,240,-0.8660254037844385,-0.5000000000000004,0,0,0,0,0,1,0,0,0,0
2023-08-28,C54992,0.3224830475653401,19.88235294117647,0.0,0.0,2.37,1.94,0.3271828827734374,-0.0046998352080973,2.28,2.54,0,2023,8,240,-0.8660254037844385,-0.5000000000000004,0,0,0,0,0,0,1,0,0,0
2023-08-28,C55D7C,0.1977936191931641,13.208333333333334,3.2,0.0,1.6,2.62,0.2011436582883756,-0.0033500390952114,3.4,2.68,0,2023,8,240,-0.8660254037844385,-0.5000000000000004,0,0,0,0,0,0,0,1,0,0
2023-08-28,C562C6,0.2156716715366516,20.869565217391305,0.0,0.0,0.0,2.618238826,0.2212674933579002,-0.0055958218212485,0.0,2.68313485,0,2023,8,240,-0.8660254037844385,-0.5000000000000004,0,0,0,0,0,0,0,0,1,0
2023-08-28,C58157,0.2844413268343412,23.75,0.0,0.0,1.0,1.4,0.2786861835368975,0.0057551432974437,8.0,2.38,0,2023,8,240,-0.8660254037844385,-0.5000000000000004,0,0,0,0,0,0,0,0,0,1
2023-08-29,C535C9,0.2840665756561978,19.375,0.0,0.0,0.0,1.66,0.2855553300278267,-0.0014887543716289,2.37,1.95,0,2023,8,241,-0.8660254037844385,-0.5000000000000004,0,0,1,0,0,0,0,0,0,0
2023-08-29,C535CA,0.2214065921110784,21.157894736842103,0.6,0.0,0.6,1.66,0.2269781627265743,-0.0055715706154959,0.0,1.94,0,2023,8,241,-0.8660254037844385,-0.5000000000000004,0,0,0,1,0,0,0,0,0,0
2023-08-29,C54986,0.1501372187616938,19.125,0.0,0.0,0.0,2.02,0.1527105953559587,-0.0025733765942649,0.0,2.62,0,2023,8,241,-0.8660254037844385,-0.5000000000000004,0,0,0,0,0,1,0,0,0,0
2023-08-29,C54992,0.3200757873493232,19.65,0.0,0.0,0.0,1.66,0.3224830475653401,-0.0024072602160168,2.37,1.94,0,2023,8,241,-0.8660254037844385,-0.5000000000000004,0,0,0,0,0,0,1,0,0,0
2023-08-29,C55D7C,0.1919242491150066,19.541666666666668,0.8,0.0,0.4,2.02,0.1977936191931641,-0.0058693700781575,1.6,2.62,0,2023,8,241,-0.8660254037844385,-0.5000000000000004,0,0,0,0,0,0,0,1,0,0
2023-08-29,C562C6,0.211357819485046,19.8,0.0,0.0,0.0,2.018231124,0.2156716715366516,-0.0043138520516056,0.0,2.618238826,0,2023,8,241,-0.8660254037844385,-0.5000000000000004,0,0,0,0,0,0,0,0,1,0
2023-08-29,C58157,0.2774439896743657,21.91304347826087,0.0,0.0,0.0,1.72,0.2844413268343412,-0.0069973371599755,1.0,1.4,0,2023,8,241,-0.8660254037844385,-0.5000000000000004,0,0,0,0,0,0,0,0,0,1
2023-08-30,C535C9,0.2840405399649075,18.58333333333333,0.0,0.0,6.92,1.92,0.2840665756561978,-2.6035691290282603e-05,0.0,1.66,0,2023,8,242,-0.8660254037844385,-0.5000000000000004,0,0,1,0,0,0,0,0,0,0
2023-08-30,C535CA,0.2203096833807646,19.26086956521739,4.6,0.0,4.6,1.92,0.2214065921110784,-0.0010969087303138,0.6,1.66,0,2023,8,242,-0.8660254037844385,-0.5000000000000004,0,0,0,1,0,0,0,0,0,0
2023-08-30,C54986,0.1458552823879982,19.20833333333333,0.0,0.0,9.0,2.21,0.1501372187616938,-0.0042819363736956,0.0,2.02,0,2023,8,242,-0.8660254037844385,-0.5000000000000004,0,0,0,0,0,1,0,0,0,0
2023-08-30,C54992,0.3206026723314132,19.454545454545453,0.0,0.0,6.92,1.92,0.3200757873493232,0.00052688498209,0.0,1.66,0,2023,8,242,-0.8660254037844385,-0.5000000000000004,0,0,0,0,0,0,1,0,0,0
2023-08-30,C55D7C,0.1886925803814612,19.666666666666668,0.8,0.0,0.4,2.21,0.1919242491150066,-0.0032316687335453,0.4,2.02,0,2023,8,242,-0.8660254037844385,-0.5000000000000004,0,0,0,0,0,0,0,1,0,0
2023-08-30,C562C6,0.2114379400745793,19.39130434782609,0.0,0.0,9.0,2.206787119,0.211357819485046,8.012058953330015e-05,0.0,2.018231124,0,2023,8,242,-0.8660254037844385,-0.5000000000000004,0,0,0,0,0,0,0,0,1,0
2023-08-30,C58157,0.2740929935605227,21.291666666666668,0.0,0.0,5.0,1.22,0.2774439896743657,-0.003350996113843,0.0,1.72,0,2023,8,242,-0.8660254037844385,-0.5000000000000004,0,0,0,0,0,0,0,0,0,1
2023-08-31,C535C9,0.286040012424277,19.58333333333333,0.0,0.0,0.13,2.32,0.2840405399649075,0.0019994724593694,6.92,1.92,0,2023,8,243,-0.8660254037844385,-0.5000000000000004,0,0,1,0,0,0,0,0,0,0
2023-08-31,C535CA,0.2222353185996555,21.05263157894737,0.6,0.0,0.6,2.32,0.2203096833807646,0.0019256352188909,4.6,1.92,0,2023,8,243,-0.8660254037844385,-0.5000000000000004,0,0,0,1,0,0,0,0,0,0
2023-08-31,C54986,0.1434644319354638,19.166666666666668,0.0,0.0,0.0,2.02,0.1458552823879982,-0.0023908504525343,9.0,2.21,0,2023,8,243,-0.8660254037844385,-0.5000000000000004,0,0,0,0,0,1,0,0,0,0
2023-08-31,C54992,0.3214957111335274,20.25,0.0,0.0,0.13,2.32,0.3206026723314132,0.0008930388021141,6.92,1.92,0,2023,8,243,-0.8660254037844385,-0.5000000000000004,0,0,0,0,0,0,1,0,0,0
2023-08-31,C55D7C,0.1886424836508348,18.70833333333333,0.8,0.0,0.4,2.02,0.1886925803814612,-5.009673062633668e-05,0.4,2.21,0,2023,8,243,-0.8660254037844385,-0.5000000000000004,0,0,0,0,0,0,0,1,0,0
2023-08-31,C562C6,0.2211093626790279,19.52173913043478,0.0,0.0,0.0,2.018570372,0.2114379400745793,0.0096714226044486,9.0,2.206787119,0,2023,8,243,-0.8660254037844385,-0.5000000000000004,0,0,0,0,0,0,0,0,1,0
2023-08-31,C58157,0.2731431036349274,21.83333333333333,0.0,0.0,2.0,1.86,0.2740929935605227,-0.0009498899255952,5.0,1.22,0,2023,8,243,-0.8660254037844385,-0.5000000000000004,0,0,0,0,0,0,0,0,0,1
2023-09-01,C535C9,0.2918988903818053,22.125,0.0,0.0,13.67,1.78,0.286040012424277,0.0058588779575283,0.13,2.32,0,2023,9,244,-1.0,-1.8369701987210297e-16,0,0,1,0,0,0,0,0,0,0
2023-09-01,C54986,0.1810063460144277,22.125,0.0,0.0,28.6,1.7,0.1434644319354638,0.0375419140789639,0.0,2.02,0,2023,9,244,-1.0,-1.8369701987210297e-16,0,0,0,0,0,1,0,0,0,0
2023-09-01,C54992,0.3299393214657867,22.73913043478261,0.0,0.0,13.67,1.78,0.3214957111335274,0.0084436103322592,0.13,2.32,0,2023,9,244,-1.0,-1.8369701987210297e-16,0,0,0,0,0,0,1,0,0,0
2023-09-01,C55D7C,0.2247412131521851,22.45833333333333,6.0,0.0,3.0,1.7,0.1886424836508348,0.0360987295013502,0.4,2.02,0,2023,9,244,-1.0,-1.8369701987210297e-16,0,0,0,0,0,0,0,1,0,0
2023-09-01,C562C6,0.2599468027187308,23.375,0.0,0.0,28.6,1.695288956,0.2211093626790279,0.0388374400397028,0.0,2.018570372,0,2023,9,244,-1.0,-1.8369701987210297e-16,0,0,0,0,0,0,0,0,1,0
2023-09-01,C58157,0.2989290248033847,24.83333333333333,0.0,0.0,28.0,1.45,0.2731431036349274,0.0257859211684572,2.0,1.86,0,2023,9,244,-1.0,-1.8369701987210297e-16,0,0,0,0,0,0,0,0,0,1
2023-09-02,C535C9,0.2985854685812639,23.83333333333333,0.0,0.0,0.03,2.32,0.2918988903818053,0.0066865781994585,13.67,1.78,0,2023,9,245,-1.0,-1.8369701987210297e-16,0,0,1,0,0,0,0,0,0,0
2023-09-02,C54986,0.21335132314573,24.75,0.0,0.0,0.0,2.4,0.1810063460144277,0.0323449771313023,28.6,1.7,0,2023,9,245,-1.0,-1.8369701987210297e-16,0,0,0,0,0,1,0,0,0,0
2023-09-02,C54992,0.3352552547969081,25.0,0.0,0.0,0.03,2.32,0.3299393214657867,0.0053159333311214,13.67,1.78,0,2023,9,245,-1.0,-1.8369701987210297e-16,0,0,0,0,0,0,1,0,0,0
2023-09-02,C55D7C,0.2245869363364577,25.25,4.4,0.0,2.2,2.4,0.2247412131521851,-0.0001542768157273,3.0,1.7,0,2023,9,245,-1.0,-1.8369701987210297e-16,0,0,0,0,0,0,0,1,0,0
2023-09-02,C562C6,0.2434436929113872,25.22222222222222,0.0,0.0,0.0,2.399029346,0.2599468027187308,-0.0165031098073435,28.6,1.695288956,0,2023,9,245,-1.0,-1.8369701987210297e-16,0,0,0,0,0,0,0,0,1,0
2023-09-02,C58157,0.3016062592621794,27.70833333333333,0.0,0.0,0.0,2.82,0.2989290248033847,0.0026772344587946,28.0,1.45,0,2023,9,245,-1.0,-1.8369701987210297e-16,0,0,0,0,0,0,0,0,0,1
2023-09-03,C535C9,0.2944608621557583,23.875,0.0,0.0,0.03,2.87,0.2985854685812639,-0.0041246064255055,0.03,2.32,0,2023,9,246,-1.0,-1.8369701987210297e-16,0,0,1,0,0,0,0,0,0,0
2023-09-03,C54986,0.2061936658402481,24.541666666666668,0.0,0.0,0.0,2.71,0.21335132314573,-0.0071576573054819,0.0,2.4,0,2023,9,246,-1.0,-1.8369701987210297e-16,0,0,0,0,0,1,0,0,0,0
2023-09-03,C54992,0.3271410231666093,23.15,0.0,0.0,0.03,2.87,0.3352552547969081,-0.0081142316302987,0.03,2.32,0,2023,9,246,-1.0,-1.8369701987210297e-16,0,0,0,0,0,0,1,0,0,0
2023-09-03,C55D7C,0.210644326612524,24.33333333333333,0.8,0.0,0.4,2.71,0.2245869363364577,-0.0139426097239337,2.2,2.4,0,2023,9,246,-1.0,-1.8369701987210297e-16,0,0,0,0,0,0,0,1,0,0
2023-09-03,C562C6,0.2315243562474238,23.58823529411765,0.0,0.0,0.0,2.708212812,0.2434436929113872,-0.0119193366639633,0.0,2.399029346,0,2023,9,246,-1.0,-1.8369701987210297e-16,0,0,0,0,0,0,0,0,1,0
2023-09-03,C58157,0.2914564379839515,26.541666666666668,0.0,0.0,0.0,2.17,0.3016062592621794,-0.0101498212782279,0.0,2.82,0,2023,9,246,-1.0,-1.8369701987210297e-16,0,0,0,0,0,0,0,0,0,1
2023-09-04,C535C9,0.2888369831591382,23.83333333333333,0.0,0.0,0.0,3.19,0.2944608621557583,-0.0056238789966201,0.03,2.87,0,2023,9,247,-1.0,-1.8369701987210297e-16,0,0,1,0,0,0,0,0,0,0
2023-09-04,C54986,0.1982394873631623,24.125,0.0,0.0,0.0,3.19,0.2061936658402481,-0.0079541784770857,0.0,2.71,0,2023,9,247,-1.0,-1.8369701987210297e-16,0,0,0,0,0,1,0,0,0,0
2023-09-04,C54992,0.3182615008439327,25.05263157894737,0.0,0.0,0.0,3.19,0.3271410231666093,-0.0088795223226766,0.03,2.87,0,2023,9,247,-1.0,-1.8369701987210297e-16,0,0,0,0,0,0,1,0,0,0
2023-09-04,C55D7C,0.201615360830769,17.333333333333332,0.4,0.0,0.2,3.19,0.210644326612524,-0.009028965781755,0.4,2.71,0,2023,9,247,-1.0,-1.8369701987210297e-16,0,0,0,0,0,0,0,1,0,0
2023-09-04,C562C6,0.2220532000669826,24.6,0.0,0.0,0.0,3.19283799,0.2315243562474238,-0.0094711561804412,0.0,2.708212812,0,2023,9,247,-1.0,-1.8369701987210297e-16,0,0,0,0,0,0,0,0,1,0
2023-09-04,C58157,0.2841481928650783,26.20833333333333,0.0,0.0,0.0,2.91,0.2914564379839515,-0.0073082451188731,0.0,2.17,0,2023,9,247,-1.0,-1.8369701987210297e-16,0,0,0,0,0,0,0,0,0,1
2023-09-05,C535C9,0.2859833182883611,22.8125,0.0,0.0,0.0,3.57,0.2888369831591382,-0.002853664870777,0.0,3.19,0,2023,9,248,-1.0,-1.8369701987210297e-16,0,0,1,0,0,0,0,0,0,0
2023-09-05,C54986,0.1884458093187198,26.375,0.0,0.0,0.0,3.44,0.1982394873631623,-0.0097936780444425,0.0,3.19,0,2023,9,248,-1.0,-1.8369701987210297e-16,0,0,0,0,0,1,0,0,0,0
2023-09-05,C54992,0.3154956615411263,16.75,0.0,0.0,0.0,3.57,0.3182615008439327,-0.0027658393028063,0.0,3.19,0,2023,9,248,-1.0,-1.8369701987210297e-16,0,0,0,0,0,0,1,0,0,0
2023-09-05,C55D7C,0.193252141134403,23.0,0.4,0.0,0.2,3.44,0.201615360830769,-0.0083632196963659,0.2,3.19,0,2023,9,248,-1.0,-1.8369701987210297e-16,0,0,0,0,0,0,0,1,0,0
2023-09-05,C562C6,0.2166589345890688,26.866666666666667,0.0,0.0,0.0,3.443436778,0.2220532000669826,-0.0053942654779137,0.0,3.19283799,0,2023,9,248,-1.0,-1.8369701987210297e-16,0,0,0,0,0,0,0,0,1,0
2023-09-05,C58157,0.2770075244552629,28.541666666666668,0.0,0.0,0.0,4.15,0.2841481928650783,-0.0071406684098154,0.0,2.91,0,2023,9,248,-1.0,-1.8369701987210297e-16,0,0,0,0,0,0,0,0,0,1
2023-09-06,C535C9,0.2819414875544791,29.5,0.0,0.0,0.0,3.55,0.2859833182883611,-0.004041830733882,0.0,3.57,0,2023,9,249,-1.0,-1.8369701987210297e-16,0,0,1,0,0,0,0,0,0,0
2023-09-06,C54986,0.177294088533813,28.291666666666668,0.0,0.0,0.0,3.29,0.1884458093187198,-0.0111517207849067,0.0,3.44,0,2023,9,249,-1.0,-1.8369701987210297e-16,0,0,0,0,0,1,0,0,0,0
2023-09-06,C55D7C,0.1853218436026822,18.041666666666668,0.0,0.0,0.0,3.29,0.193252141134403,-0.0079302975317208,0.2,3.44,0,2023,9,249,-1.0,-1.8369701987210297e-16,0,0,0,0,0,0,0,1,0,0
2023-09-06,C562C6,0.2117243800971299,23.3,0.0,0.0,0.0,3.290736886,0.2166589345890688,-0.0049345544919389,0.0,3.443436778,0,2023,9,249,-1.0,-1.8369701987210297e-16,0,0,0,0,0,0,0,0,1,0
2023-09-06,C58157,0.2700143145016757,29.08333333333333,0.0,0.0,0.0,3.25,0.2770075244552629,-0.0069932099535872,0.0,4.15,0,2023,9,249,-1.0,-1.8369701987210297e-16,0,0,0,0,0,0,0,0,0,1
2023-09-07,C54986,0.1659089467369849,26.375,0.0,0.0,0.0,3.26,0.177294088533813,-0.011385141796828,0.0,3.29,0,2023,9,250,-1.0,-1.8369701987210297e-16,0,0,0,0,0,1,0,0,0,0
2023-09-07,C55D7C,0.1774520309003113,21.291666666666668,0.0,0.0,0.0,3.26,0.1853218436026822,-0.0078698127023708,0.0,3.29,0,2023,9,250,-1.0,-1.8369701987210297e-16,0,0,0,0,0,0,0,1,0,0
2023-09-07,C562C6,0.2075587373878113,25.3125,0.0,0.0,0.0,3.256403546,0.2117243800971299,-0.0041656427093185,0.0,3.290736886,0,2023,9,250,-1.0,-1.8369701987210297e-16,0,0,0,0,0,0,0,0,1,0
2023-09-07,C58157,0.2638189181866273,28.33333333333333,0.0,0.0,0.0,3.11,0.2700143145016757,-0.0061953963150483,0.0,3.25,0,2023,9,250,-1.0,-1.8369701987210297e-16,0,0,0,0,0,0,0,0,0,1
2023-09-08,C54986,0.1541998818152478,26.875,0.0,0.0,0.0,2.99,0.1659089467369849,-0.011709064921737,0.0,3.26,0,2023,9,251,-1.0,-1.8369701987210297e-16,0,0,0,0,0,1,0,0,0,0
2023-09-08,C55D7C,0.1697604518630658,25.291666666666668,0.0,0.0,0.0,2.99,0.1774520309003113,-0.0076915790372455,0.0,3.26,0,2023,9,251,-1.0,-1.8369701987210297e-16,0,0,0,0,0,0,0,1,0,0
2023-09-08,C562C6,0.2038531121030385,25.75,0.0,0.0,0.0,2.988535324,0.2075587373878113,-0.0037056252847728,0.0,3.256403546,0,2023,9,251,-1.0,-1.8369701987210297e-16,0,0,0,0,0,0,0,0,1,0
2023-09-08,C58157,0.2580489776519594,30.25,0.0,0.0,0.0,3.0,0.2638189181866273,-0.0057699405346678,0.0,3.11,0,2023,9,251,-1.0,-1.8369701987210297e-16,0,0,0,0,0,0,0,0,0,1
2023-09-09,C54986,0.1435897630602318,28.125,0.0,0.0,0.0,3.04,0.1541998818152478,-0.010610118755016,0.0,2.99,0,2023,9,252,-1.0,-1.8369701987210297e-16,0,0,0,0,0,1,0,0,0,0
2023-09-09,C55D7C,0.1620992675371948,26.125,0.0,0.0,0.0,3.04,0.1697604518630658,-0.0076611843258709,0.0,2.99,0,2023,9,252,-1.0,-1.8369701987210297e-16,0,0,0,0,0,0,0,1,0,0
2023-09-09,C562C6,0.2009983615104706,26.181818181818183,0.0,0.0,0.0,3.042392319,0.2038531121030385,-0.0028547505925678,0.0,2.988535324,0,2023,9,252,-1.0,-1.8369701987210297e-16,0,0,0,0,0,0,0,0,1,0
2023-09-09,C58157,0.2528061570481021,30.666666666666668,0.0,0.0,0.0,2.87,0.2580489776519594,-0.0052428206038572,0.0,3.0,0,2023,9,252,-1.0,-1.8369701987210297e-16,0,0,0,0,0,0,0,0,0,1
2023-09-10,C54986,0.1338005503663933,29.041666666666668,0.0,0.0,0.0,3.14,0.1435897630602318,-0.0097892126938385,0.0,3.04,0,2023,9,253,-1.0,-1.8369701987210297e-16,0,0,0,0,0,1,0,0,0,0
2023-09-10,C55D7C,0.1538291185299606,27.25,0.0,0.0,0.0,3.14,0.1620992675371948,-0.0082701490072342,0.0,3.04,0,2023,9,253,-1.0,-1.8369701987210297e-16,0,0,0,0,0,0,0,1,0,0
2023-09-10,C562C6,0.1977033496608669,27.30434782608696,0.0,0.0,0.0,3.141102732,0.2009983615104706,-0.0032950118496037,0.0,3.042392319,0,2023,9,253,-1.0,-1.8369701987210297e-16,0,0,0,0,0,0,0,0,1,0
2023-09-10,C58157,0.2478520379111202,31.666666666666668,0.0,0.0,0.0,3.06,0.2528061570481021,-0.0049541191369819,0.0,2.87,0,2023,9,253,-1.0,-1.8369701987210297e-16,0,0,0,0,0,0,0,0,0,1
2023-09-11,C54986,0.1264749813314951,25.875,0.0,0.0,3.6,2.57,0.1338005503663933,-0.0073255690348981,0.0,3.14,0,2023,9,254,-1.0,-1.8369701987210297e-16,0,0,0,0,0,1,0,0,0,0
2023-09-11,C55D7C,0.1446637985328702,28.375,0.0,0.0,0.0,2.57,0.1538291185299606,-0.0091653199970903,0.0,3.14,0,2023,9,254,-1.0,-1.8369701987210297e-16,0,0,0,0,0,0,0,1,0,0
2023-09-11,C562C6,0.1955759556222834,24.72222222222222,0.0,0.0,3.6,2.573327513,0.1977033496608669,-0.0021273940385834,0.0,3.141102732,0,2023,9,254,-1.0,-1.8369701987210297e-16,0,0,0,0,0,0,0,0,1,0
2023-09-11,C58157,0.2433415184860406,29.166666666666668,0.0,0.0,8.0,2.43,0.2478520379111202,-0.0045105194250795,0.0,3.06,0,2023,9,254,-1.0,-1.8369701987210297e-16,0,0,0,0,0,0,0,0,0,1
2023-09-12,C54986,0.1265052301583915,23.25,0.0,0.0,7.4,1.88,0.1264749813314951,3.024882689636743e-05,3.6,2.57,0,2023,9,255,-1.0,-1.8369701987210297e-16,0,0,0,0,0,1,0,0,0,0
2023-09-12,C55D7C,0.1382038967051471,27.58333333333333,0.0,0.0,0.0,1.88,0.1446637985328702,-0.006459901827723,0.0,2.57,0,2023,9,255,-1.0,-1.8369701987210297e-16,0,0,0,0,0,0,0,1,0,0
2023-09-12,C562C6,0.1996948915113098,23.384615384615383,0.0,0.0,7.4,1.881773282,0.1955759556222834,0.0041189358890264,3.6,2.573327513,0,2023,9,255,-1.0,-1.8369701987210297e-16,0,0,0,0,0,0,0,0,1,0
2023-09-12,C58157,0.2441528839389931,28.166666666666668,0.0,0.0,3.0,1.62,0.2433415184860406,0.0008113654529525,8.0,2.43,0,2023,9,255,-1.0,-1.8369701987210297e-16,0,0,0,0,0,0,0,0,0,1
2023-09-13,C54986,0.1266128401338059,22.416666666666668,0.0,0.0,0.0,1.99,0.1265052301583915,0.0001076099754143,7.4,1.88,0,2023,9,256,-1.0,-1.8369701987210297e-16,0,0,0,0,0,1,0,0,0,0
2023-09-13,C55D7C,0.1929089370093747,22.916666666666668,0.0,0.0,0.0,1.99,0.1382038967051471,0.0547050403042275,0.0,1.88,0,2023,9,256,-1.0,-1.8369701987210297e-16,0,0,0,0,0,0,0,1,0,0
2023-09-13,C562C6,0.216829760455867,22.33333333333333,0.0,0.0,0.0,1.985550993,0.1996948915113098,0.0171348689445572,7.4,1.881773282,0,2023,9,256,-1.0,-1.8369701987210297e-16,0,0,0,0,0,0,0,0,1,0
2023-09-13,C58157,0.2462825411166494,26.125,0.0,0.0,0.0,1.72,0.2441528839389931,0.0021296571776562,3.0,1.62,0,2023,9,256,-1.0,-1.8369701987210297e-16,0,0,0,0,0,0,0,0,0,1
2023-09-14,C54986,0.1257307240572531,21.20833333333333,0.0,0.0,0.0,2.34,0.1266128401338059,-0.0008821160765527,0.0,1.99,0,2023,9,257,-1.0,-1.8369701987210297e-16,0,0,0,0,0,1,0,0,0,0
2023-09-14,C55D7C,0.199787625062814,19.916666666666668,0.0,0.0,0.0,2.34,0.1929089370093747,0.0068786880534392,0.0,1.99,0,2023,9,257,-1.0,-1.8369701987210297e-16,0,0,0,0,0,0,0,1,0,0
2023-09-14,C562C6,0.2122396728512492,20.11111111111111,0.0,0.0,0.0,2.34028543,0.216829760455867,-0.0045900876046178,0.0,1.985550993,0,2023,9,257,-1.0,-1.8369701987210297e-16,0,0,0,0,0,0,0,0,1,0
2023-09-14,C58157,0.2460810757168972,23.375,0.0,0.0,0.0,2.07,0.2462825411166494,-0.0002014653997521,0.0,1.72,0,2023,9,257,-1.0,-1.8369701987210297e-16,0,0,0,0,0,0,0,0,0,1
2023-09-15,C54986,0.1233858722805439,22.58333333333333,0.0,5.0,0.0,2.51,0.1257307240572531,-0.0023448517767091,0.0,2.34,1,2023,9,258,-1.0,-1.8369701987210297e-16,0,0,0,0,0,1,0,0,0,0
2023-09-15,C55D7C,0.1926277460272553,16.458333333333332,0.0,0.0,0.0,2.51,0.199787625062814,-0.0071598790355586,0.0,2.34,0,2023,9,258,-1.0,-1.8369701987210297e-16,0,0,0,0,0,0,0,1,0,0
2023-09-15,C562C6,0.2081222391066531,21.863636363636363,0.0,0.0,0.0,2.508800883,0.2122396728512492,-0.004117433744596,0.0,2.34028543,0,2023,9,258,-1.0,-1.8369701987210297e-16,0,0,0,0,0,0,0,0,1,0
2023-09-15,C58157,0.24426301720028,23.791666666666668,0.0,0.0,0.0,2.12,0.2460810757168972,-0.0018180585166172,0.0,2.07,0,2023,9,258,-1.0,-1.8369701987210297e-16,0,0,0,0,0,0,0,0,0,1
2023-09-16,C54986,0.1210064723703728,23.291666666666668,0.0,0.0,3.4,2.26,0.1233858722805439,-0.0023793999101711,0.0,2.51,0,2023,9,259,-1.0,-1.8369701987210297e-16,0,0,0,0,0,1,0,0,0,0
2023-09-16,C55D7C,0.1867417757493809,20.041666666666668,0.0,0.0,0.0,2.26,0.1926277460272553,-0.0058859702778743,0.0,2.51,0,2023,9,259,-1.0,-1.8369701987210297e-16,0,0,0,0,0,0,0,1,0,0
2023-09-16,C562C6,0.2049621412589797,23.09090909090909,0.0,0.0,3.4,2.257355082,0.2081222391066531,-0.0031600978476734,0.0,2.508800883,0,2023,9,259,-1.0,-1.8369701987210297e-16,0,0,0,0,0,0,0,0,1,0
2023-09-16,C58157,0.2420118277797285,25.666666666666668,0.0,0.0,3.0,1.7,0.24426301720028,-0.0022511894205515,0.0,2.12,0,2023,9,259,-1.0,-1.8369701987210297e-16,0,0,0,0,0,0,0,0,0,1
2023-09-17,C54986,0.1218254591763836,23.625,0.0,0.0,3.0,1.31,0.1210064723703728,0.0008189868060107,3.4,2.26,0,2023,9,260,-1.0,-1.8369701987210297e-16,0,0,0,0,0,1,0,0,0,0
2023-09-17,C55D7C,0.2231162240799613,26.791666666666668,0.0,0.0,0.0,1.31,0.1867417757493809,0.0363744483305804,0.0,2.26,0,2023,9,260,-1.0,-1.8369701987210297e-16,0,0,0,0,0,0,0,1,0,0
2023-09-17,C562C6,0.2111766496428082,24.94117647058824,0.0,0.0,3.0,1.312940693,0.2049621412589797,0.0062145083838284,3.4,2.257355082,0,2023,9,260,-1.0,-1.8369701987210297e-16,0,0,0,0,0,0,0,0,1,0
2023-09-17,C58157,0.2411493646276639,27.20833333333333,0.0,0.0,0.0,1.97,0.2420118277797285,-0.0008624631520645,3.0,1.7,0,2023,9,260,-1.0,-1.8369701987210297e-16,0,0,0,0,0,0,0,0,0,1
2023-09-18,C54986,0.1239596290490259,22.375,0.0,0.0,8.2,2.03,0.1218254591763836,0.0021341698726423,3.0,1.31,0,2023,9,261,-1.0,-1.8369701987210297e-16,0,0,0,0,0,1,0,0,0,0
2023-09-18,C55D7C,0.2085146064178012,25.25,0.0,0.0,0.0,2.03,0.2231162240799613,-0.01460161766216,0.0,1.31,0,2023,9,261,-1.0,-1.8369701987210297e-16,0,0,0,0,0,0,0,1,0,0
2023-09-18,C562C6,0.2187486442988722,22.4,0.0,0.0,8.2,2.026181168,0.2111766496428082,0.007571994656064,3.0,1.312940693,0,2023,9,261,-1.0,-1.8369701987210297e-16,0,0,0,0,0,0,0,0,1,0
2023-09-18,C58157,0.2409813913754735,25.95833333333333,0.0,0.0,5.0,1.86,0.2411493646276639,-0.0001679732521903,0.0,1.97,0,2023,9,261,-1.0,-1.8369701987210297e-16,0,0,0,0,0,0,0,0,0,1
2023-09-19,C54986,0.1320004048641724,20.20833333333333,0.0,0.0,0.4,2.36,0.1239596290490259,0.0080407758151464,8.2,2.03,0,2023,9,262,-1.0,-1.8369701987210297e-16,0,0,0,0,0,1,0,0,0,0
2023-09-19,C55D7C,0.2016081705781289,21.153846153846157,0.4,0.0,0.2,2.36,0.2085146064178012,-0.0069064358396723,0.0,2.03,0,2023,9,262,-1.0,-1.8369701987210297e-16,0,0,0,0,0,0,0,1,0,0
2023-09-19,C562C6,0.2265304397746486,20.181818181818183,0.0,0.0,0.4,2.357023369,0.2187486442988722,0.0077817954757763,8.2,2.026181168,0,2023,9,262,-1.0,-1.8369701987210297e-16,0,0,0,0,0,0,0,0,1,0
2023-09-19,C58157,0.241240292878759,23.5,0.0,0.0,0.0,1.82,0.2409813913754735,0.0002589015032854,5.0,1.86,0,2023,9,262,-1.0,-1.8369701987210297e-16,0,0,0,0,0,0,0,0,0,1
2023-09-20,C54986,0.1348691110352761,21.95833333333333,0.0,0.0,0.0,2.4,0.1320004048641724,0.0028687061711037,0.4,2.36,0,2023,9,263,-1.0,-1.8369701987210297e-16,0,0,0,0,0,1,0,0,0,0
2023-09-20,C562C6,0.2209492342477658,21.954545454545453,0.0,0.0,0.0,2.397319569,0.2265304397746486,-0.0055812055268828,0.4,2.357023369,0,2023,9,263,-1.0,-1.8369701987210297e-16,0,0,0,0,0,0,0,0,1,0
2023-09-20,C58157,0.2401510506927896,24.291666666666668,0.0,0.0,19.0,2.41,0.241240292878759,-0.0010892421859694,0.0,1.82,0,2023,9,263,-1.0,-1.8369701987210297e-16,0,0,0,0,0,0,0,0,0,1
2023-09-21,C535C9,0.2359685226158947,24.5,0.0,0.0,18.41,0.95,0.2819414875544791,-0.0459729649385844,0.0,3.55,0,2023,9,264,-1.0,-1.8369701987210297e-16,0,0,1,0,0,0,0,0,0,0
2023-09-21,C54986,0.1551666639185563,18.58333333333333,0.0,0.0,22.2,1.04,0.1348691110352761,0.0202975528832801,0.0,2.4,0,2023,9,264,-1.0,-1.8369701987210297e-16,0,0,0,0,0,1,0,0,0,0
2023-09-21,C562C6,0.2438830852463069,19.65,0.0,0.0,22.2,1.041958182,0.2209492342477658,0.022933850998541,0.0,2.397319569,0,2023,9,264,-1.0,-1.8369701987210297e-16,0,0,0,0,0,0,0,0,1,0
2023-09-21,C58157,0.2453603912382922,22.666666666666668,0.0,0.0,16.0,1.18,0.2401510506927896,0.0052093405455025,19.0,2.41,0,2023,9,264,-1.0,-1.8369701987210297e-16,0,0,0,0,0,0,0,0,0,1
2023-09-22,C535C9,0.2678878893504291,23.466666666666665,0.0,0.0,7.94,1.34,0.2359685226158947,0.0319193667345344,18.41,0.95,0,2023,9,265,-1.0,-1.8369701987210297e-16,0,0,1,0,0,0,0,0,0,0
2023-09-22,C54986,0.1952534246314755,16.416666666666668,0.0,0.0,3.2,1.14,0.1551666639185563,0.0400867607129192,22.2,1.04,0,2023,9,265,-1.0,-1.8369701987210297e-16,0,0,0,0,0,1,0,0,0,0
2023-09-22,C562C6,0.245657393430537,17.52173913043478,0.0,0.0,3.2,1.136825821,0.2438830852463069,0.0017743081842301,22.2,1.041958182,0,2023,9,265,-1.0,-1.8369701987210297e-16,0,0,0,0,0,0,0,0,1,0
2023-09-22,C58157,0.2798693533784431,20.08333333333333,0.0,0.0,0.0,1.08,0.2453603912382922,0.0345089621401509,16.0,1.18,0,2023,9,265,-1.0,-1.8369701987210297e-16,0,0,0,0,0,0,0,0,0,1
2023-09-23,C535C9,0.2683168971545224,23.1,0.0,0.0,0.0,1.5,0.2678878893504291,0.0004290078040933,7.94,1.34,0,2023,9,266,-1.0,-1.8369701987210297e-16,0,0,1,0,0,0,0,0,0,0
2023-09-23,C54986,0.1969742491226118,16.875,0.0,0.0,0.0,1.77,0.1952534246314755,0.0017208244911363,3.2,1.14,0,2023,9,266,-1.0,-1.8369701987210297e-16,0,0,0,0,0,1,0,0,0,0
2023-09-23,C562C6,0.2391659962486524,16.285714285714285,0.0,0.0,0.0,1.768173312,0.245657393430537,-0.0064913971818845,3.2,1.136825821,0,2023,9,266,-1.0,-1.8369701987210297e-16,0,0,0,0,0,0,0,0,1,0
2023-09-23,C58157,0.2992593205238059,20.041666666666668,0.0,0.0,0.03,1.29,0.2798693533784431,0.0193899671453627,0.0,1.08,0,2023,9,266,-1.0,-1.8369701987210297e-16,0,0,0,0,0,0,0,0,0,1
2023-09-24,C535C9,0.2688787612155425,23.09090909090909,0.0,0.0,0.0,1.95,0.2683168971545224,0.0005618640610201,0.0,1.5,0,2023,9,267,-1.0,-1.8369701987210297e-16,0,0,1,0,0,0,0,0,0,0
2023-09-24,C54986,0.1918255887471407,17.583333333333332,0.0,0.0,0.0,2.23,0.1969742491226118,-0.005148660375471,0.0,1.77,0,2023,9,267,-1.0,-1.8369701987210297e-16,0,0,0,0,0,1,0,0,0,0
2023-09-24,C562C6,0.231298216544904,16.863636363636363,0.0,0.0,0.0,2.233977551,0.2391659962486524,-0.0078677797037484,0.0,1.768173312,0,2023,9,267,-1.0,-1.8369701987210297e-16,0,0,0,0,0,0,0,0,1,0
2023-09-24,C58157,0.2886823271104498,19.95833333333333,0.0,0.0,0.01,1.81,0.2992593205238059,-0.0105769934133561,0.03,1.29,0,2023,9,267,-1.0,-1.8369701987210297e-16,0,0,0,0,0,0,0,0,0,1
2023-09-25,C535C9,0.2692531913216437,23.8,0.0,0.0,0.0,1.85,0.2688787612155425,0.0003744301061011,0.0,1.95,0,2023,9,268,-1.0,-1.8369701987210297e-16,0,0,1,0,0,0,0,0,0,0
2023-09-25,C54986,0.1857740444081555,19.916666666666668,0.0,0.0,0.0,2.14,0.1918255887471407,-0.0060515443389851,0.0,2.23,0,2023,9,268,-1.0,-1.8369701987210297e-16,0,0,0,0,0,1,0,0,0,0
2023-09-25,C562C6,0.2259190531233207,19.347826086956523,0.0,0.0,0.0,2.135489157,0.231298216544904,-0.0053791634215833,0.0,2.233977551,0,2023,9,268,-1.0,-1.8369701987210297e-16,0,0,0,0,0,0,0,0,1,0
2023-09-25,C58157,0.2808412905388383,22.45833333333333,0.0,0.0,0.02,2.16,0.2886823271104498,-0.0078410365716114,0.01,1.81,0,2023,9,268,-1.0,-1.8369701987210297e-16,0,0,0,0,0,0,0,0,0,1
2023-09-26,C535C9,0.2691531776547414,23.923076923076923,0.0,0.0,0.0,1.65,0.2692531913216437,-0.0001000136669022,0.0,1.85,0,2023,9,269,-1.0,-1.8369701987210297e-16,0,0,1,0,0,0,0,0,0,0
2023-09-26,C54986,0.1821404271340259,19.83333333333333,0.0,0.0,0.0,1.6,0.1857740444081555,-0.0036336172741295,0.0,2.14,0,2023,9,269,-1.0,-1.8369701987210297e-16,0,0,0,0,0,1,0,0,0,0
2023-09-26,C562C6,0.2221031502729122,20.041666666666668,0.0,0.0,0.0,1.596919367,0.2259190531233207,-0.0038159028504085,0.0,2.135489157,0,2023,9,269,-1.0,-1.8369701987210297e-16,0,0,0,0,0,0,0,0,1,0
2023-09-26,C58157,0.2751740457669808,22.58333333333333,0.0,0.0,0.0,1.8,0.2808412905388383,-0.0056672447718575,0.02,2.16,0,2023,9,269,-1.0,-1.8369701987210297e-16,0,0,0,0,0,0,0,0,0,1
2023-09-27,C535C9,0.2695234418091575,24.857142857142858,0.0,0.0,0.0,1.57,0.2691531776547414,0.0003702641544161,0.0,1.65,0,2023,9,270,-1.0,-1.8369701987210297e-16,0,0,1,0,0,0,0,0,0,0
2023-09-27,C54986,0.1791578631089112,21.041666666666668,0.0,0.0,0.0,1.5,0.1821404271340259,-0.0029825640251147,0.0,1.6,0,2023,9,270,-1.0,-1.8369701987210297e-16,0,0,0,0,0,1,0,0,0,0
2023-09-27,C562C6,0.2192803299315041,21.130434782608692,0.0,0.0,0.0,1.495237133,0.2221031502729122,-0.002822820341408,0.0,1.596919367,0,2023,9,270,-1.0,-1.8369701987210297e-16,0,0,0,0,0,0,0,0,1,0
2023-09-27,C58157,0.2709271462966921,24.45833333333333,0.0,0.0,0.02,1.69,0.2751740457669808,-0.0042468994702886,0.0,1.8,0,2023,9,270,-1.0,-1.8369701987210297e-16,0,0,0,0,0,0,0,0,0,1
2023-09-28,C535C9,0.2703123073171191,25.33333333333333,0.0,0.0,0.0,1.87,0.2695234418091575,0.0007888655079615,0.0,1.57,0,2023,9,271,-1.0,-1.8369701987210297e-16,0,0,1,0,0,0,0,0,0,0
2023-09-28,C54986,0.1766056553033353,22.045454545454547,0.0,0.0,0.0,1.92,0.1791578631089112,-0.0025522078055759,0.0,1.5,0,2023,9,271,-1.0,-1.8369701987210297e-16,0,0,0,0,0,1,0,0,0,0
2023-09-28,C562C6,0.2166123447715688,21.0,0.0,0.0,0.0,1.918957274,0.2192803299315041,-0.0026679851599353,0.0,1.495237133,0,2023,9,271,-1.0,-1.8369701987210297e-16,0,0,0,0,0,0,0,0,1,0
2023-09-28,C58157,0.2667844303188891,23.95833333333333,0.0,0.0,0.0,1.64,0.2709271462966921,-0.0041427159778029,0.02,1.69,0,2023,9,271,-1.0,-1.8369701987210297e-16,0,0,0,0,0,0,0,0,0,1
2023-09-29,C535C9,0.2697351617679783,25.25,0.0,0.0,1.38,1.16,0.2703123073171191,-0.0005771455491408,0.0,1.87,0,2023,9,272,-1.0,-1.8369701987210297e-16,0,0,1,0,0,0,0,0,0,0
2023-09-29,C562C6,0.2150225265957815,20.4,0.0,0.0,1.19,1.35808405,0.2166123447715688,-0.0015898181757873,0.0,1.918957274,0,2023,9,272,-1.0,-1.8369701987210297e-16,0,0,0,0,0,0,0,0,1,0
2023-09-29,C58157,0.2641511019733965,23.166666666666668,0.0,0.0,1.81,1.23,0.2667844303188891,-0.0026333283454926,0.0,1.64,0,2023,9,272,-1.0,-1.8369701987210297e-16,0,0,0,0,0,0,0,0,0,1
2023-09-30,C535C9,0.2691300717505155,24.75,0.0,0.0,0.0,1.38,0.2697351617679783,-0.0006050900174627,1.38,1.16,0,2023,9,273,-1.0,-1.8369701987210297e-16,0,0,1,0,0,0,0,0,0,0
2023-09-30,C562C6,0.2146149475814467,18.0,0.0,0.0,0.0,1.457575886,0.2150225265957815,-0.0004075790143347,1.19,1.35808405,0,2023,9,273,-1.0,-1.8369701987210297e-16,0,0,0,0,0,0,0,0,1,0
2023-09-30,C58157,0.2652855351691184,20.95833333333333,0.0,0.0,0.04,1.3,0.2641511019733965,0.0011344331957219,1.81,1.23,0,2023,9,273,-1.0,-1.8369701987210297e-16,0,0,0,0,0,0,0,0,0,1
2023-10-01,C535C9,0.2695985307840813,24.83333333333333,0.0,0.0,0.03,1.9,0.2691300717505155,0.0004684590335657,0.0,1.38,0,2023,10,274,-0.8660254037844386,0.5000000000000001,0,0,1,0,0,0,0,0,0,0
2023-10-01,C562C6,0.212709798933868,20.782608695652176,0.0,0.0,0.0,2.197351464,0.2146149475814467,-0.0019051486475787,0.0,1.457575886,0,2023,10,274,-0.8660254037844386,0.5000000000000001,0,0,0,0,0,0,0,0,1,0
2023-10-01,C58157,0.2627743735736947,23.875,0.0,0.0,0.02,1.77,0.2652855351691184,-0.0025111615954236,0.04,1.3,0,2023,10,274,-0.8660254037844386,0.5000000000000001,0,0,0,0,0,0,0,0,0,1
2023-10-02,C535C9,0.2702190619697578,25.0,0.0,0.0,0.0,1.32,0.2695985307840813,0.0006205311856765,0.03,1.9,0,2023,10,275,-0.8660254037844386,0.5000000000000001,0,0,1,0,0,0,0,0,0,0
2023-10-02,C55D7C,0.4861933090816,26.0,0.0,0.0,0.0,1.22,,,0.0,2.2,0,2023,10,275,-0.8660254037844386,0.5000000000000001,0,0,0,0,0,0,0,1,0,0
2023-10-02,C562C6,0.2112653467038761,19.2,0.0,0.0,,1.219365433,0.212709798933868,-0.0014444522299918,0.0,2.197351464,0,2023,10,275,-0.8660254037844386,0.5000000000000001,0,0,0,0,0,0,0,0,1,0
2023-10-02,C58157,0.2602756503967449,23.23076923076923,0.0,0.0,,1.2,0.2627743735736947,-0.0024987231769498,0.02,1.77,0,2023,10,275,-0.8660254037844386,0.5000000000000001,0,0,0,0,0,0,0,0,0,1
